2026-04-11 00:58:52.480 INFO  [main] c.d.c.c.ComicverseApplicationTests - Starting ComicverseApplicationTests using Java 17.0.12 on DGS-302555 with PID 12228 (started by alessio.deamicis in C:\Users\alessio.deamicis\Documents\GitHub\comicVerse_dgsspa\comicVerse\BackEnd\comicverse)
2026-04-11 00:58:52.489 DEBUG [main] c.d.c.c.ComicverseApplicationTests - Running with Spring Boot v2.7.18, Spring v5.3.31
2026-04-11 00:58:52.491 INFO  [main] c.d.c.c.ComicverseApplicationTests - The following 1 profile is active: "dev"
2026-04-11 00:58:52.492 DEBUG [main] o.s.boot.SpringApplication - Loading source class com.dgsspa.comicverse.ComicverseApplication
2026-04-11 00:58:52.542 DEBUG [background-preinit] org.jboss.logging - Logging Provider: org.jboss.logging.Log4j2LoggerProvider
2026-04-11 00:58:52.542 INFO  [background-preinit] o.h.validator.internal.util.Version - HV000001: Hibernate Validator 6.2.5.Final
2026-04-11 00:58:52.564 DEBUG [background-preinit] o.h.v.i.x.config.ValidationXmlParser - Trying to load META-INF/validation.xml for XML based Validator configuration.
2026-04-11 00:58:52.570 DEBUG [background-preinit] o.h.v.i.x.c.ResourceLoaderHelper - Trying to load META-INF/validation.xml via TCCL
2026-04-11 00:58:52.571 DEBUG [background-preinit] o.h.v.i.x.c.ResourceLoaderHelper - Trying to load META-INF/validation.xml via Hibernate Validator's class loader
2026-04-11 00:58:52.571 DEBUG [background-preinit] o.h.v.i.x.config.ValidationXmlParser - No META-INF/validation.xml found. Using annotation based configuration only.
2026-04-11 00:58:52.590 DEBUG [background-preinit] o.h.v.i.e.r.TraversableResolvers - Found javax.persistence.Persistence on classpath containing 'getPersistenceUtil'. Assuming JPA 2 environment. Trying to instantiate JPA aware TraversableResolver
2026-04-11 00:58:52.593 DEBUG [background-preinit] o.h.v.i.e.r.TraversableResolvers - Instantiated JPA aware TraversableResolver of type org.hibernate.validator.internal.engine.resolver.JPATraversableResolver.
2026-04-11 00:58:52.604 DEBUG [main] o.s.w.c.s.GenericWebApplicationContext - Refreshing org.springframework.web.context.support.GenericWebApplicationContext@70eecdc2
2026-04-11 00:58:52.674 DEBUG [main] o.s.b.f.s.DefaultListableBeanFactory - Creating shared instance of singleton bean 'org.springframework.context.annotation.internalConfigurationAnnotationProcessor'
2026-04-11 00:58:52.684 DEBUG [background-preinit] o.h.v.m.ResourceBundleMessageInterpolator - Loaded expression factory via original TCCL
2026-04-11 00:58:52.715 DEBUG [main] o.s.b.f.s.DefaultListableBeanFactory - Creating shared instance of singleton bean 'org.springframework.boot.autoconfigure.internalCachingMetadataReaderFactory'
2026-04-11 00:58:52.829 DEBUG [main] o.s.c.a.ClassPathBeanDefinitionScanner - Identified candidate component class: file [C:\Users\alessio.deamicis\Documents\GitHub\comicVerse_dgsspa\comicVerse\BackEnd\comicverse\target\classes\com\dgsspa\comicverse\config\ErrorMessagesProperties.class]
2026-04-11 00:58:52.844 DEBUG [main] o.s.c.a.ClassPathBeanDefinitionScanner - Identified candidate component class: file [C:\Users\alessio.deamicis\Documents\GitHub\comicVerse_dgsspa\comicVerse\BackEnd\comicverse\target\classes\com\dgsspa\comicverse\config\HibernateConfiguration.class]
2026-04-11 00:58:52.847 DEBUG [main] o.s.c.a.ClassPathBeanDefinitionScanner - Identified candidate component class: file [C:\Users\alessio.deamicis\Documents\GitHub\comicVerse_dgsspa\comicVerse\BackEnd\comicverse\target\classes\com\dgsspa\comicverse\config\SearchMessagesProperties.class]
2026-04-11 00:58:52.851 DEBUG [main] o.s.c.a.ClassPathBeanDefinitionScanner - Identified candidate component class: file [C:\Users\alessio.deamicis\Documents\GitHub\comicVerse_dgsspa\comicVerse\BackEnd\comicverse\target\classes\com\dgsspa\comicverse\config\SuccessMessagesProperties.class]
2026-04-11 00:58:52.889 DEBUG [main] o.s.c.a.ClassPathBeanDefinitionScanner - Identified candidate component class: file [C:\Users\alessio.deamicis\Documents\GitHub\comicVerse_dgsspa\comicVerse\BackEnd\comicverse\target\classes\com\dgsspa\comicverse\controller\FumettoController.class]
2026-04-11 00:58:52.891 DEBUG [main] o.s.c.a.ClassPathBeanDefinitionScanner - Identified candidate component class: file [C:\Users\alessio.deamicis\Documents\GitHub\comicVerse_dgsspa\comicVerse\BackEnd\comicverse\target\classes\com\dgsspa\comicverse\controller\GenereController.class]
2026-04-11 00:58:52.904 DEBUG [main] o.s.c.a.ClassPathBeanDefinitionScanner - Identified candidate component class: file [C:\Users\alessio.deamicis\Documents\GitHub\comicVerse_dgsspa\comicVerse\BackEnd\comicverse\target\classes\com\dgsspa\comicverse\exception\handler\GenericExceptionHandler.class]
2026-04-11 00:58:52.905 DEBUG [main] o.s.c.a.ClassPathBeanDefinitionScanner - Identified candidate component class: file [C:\Users\alessio.deamicis\Documents\GitHub\comicVerse_dgsspa\comicVerse\BackEnd\comicverse\target\classes\com\dgsspa\comicverse\mapper\FumettoMapperImpl.class]
2026-04-11 00:58:52.907 DEBUG [main] o.s.c.a.ClassPathBeanDefinitionScanner - Identified candidate component class: file [C:\Users\alessio.deamicis\Documents\GitHub\comicVerse_dgsspa\comicVerse\BackEnd\comicverse\target\classes\com\dgsspa\comicverse\mapper\GenereMapperImpl.class]
2026-04-11 00:58:52.912 DEBUG [main] o.s.c.a.ClassPathBeanDefinitionScanner - Identified candidate component class: file [C:\Users\alessio.deamicis\Documents\GitHub\comicVerse_dgsspa\comicVerse\BackEnd\comicverse\target\classes\com\dgsspa\comicverse\repository\FumettoRepository.class]
2026-04-11 00:58:52.914 DEBUG [main] o.s.c.a.ClassPathBeanDefinitionScanner - Identified candidate component class: file [C:\Users\alessio.deamicis\Documents\GitHub\comicVerse_dgsspa\comicVerse\BackEnd\comicverse\target\classes\com\dgsspa\comicverse\repository\GenereRepository.class]
2026-04-11 00:58:52.921 DEBUG [main] o.s.c.a.ClassPathBeanDefinitionScanner - Identified candidate component class: file [C:\Users\alessio.deamicis\Documents\GitHub\comicVerse_dgsspa\comicVerse\BackEnd\comicverse\target\classes\com\dgsspa\comicverse\service\FumettoService.class]
2026-04-11 00:58:52.922 DEBUG [main] o.s.c.a.ClassPathBeanDefinitionScanner - Identified candidate component class: file [C:\Users\alessio.deamicis\Documents\GitHub\comicVerse_dgsspa\comicVerse\BackEnd\comicverse\target\classes\com\dgsspa\comicverse\service\GenereService.class]
2026-04-11 00:58:53.148 DEBUG [background-preinit] o.h.v.i.e.ValidatorFactoryConfigurationHelper - HV000252: Using org.hibernate.validator.internal.engine.DefaultPropertyNodeNameProvider as property node name provider.
2026-04-11 00:58:53.177 DEBUG [background-preinit] o.h.v.i.e.ValidatorFactoryConfigurationHelper - HV000234: Using org.hibernate.validator.messageinterpolation.ResourceBundleMessageInterpolator as ValidatorFactory-scoped message interpolator.
2026-04-11 00:58:53.177 DEBUG [background-preinit] o.h.v.i.e.ValidatorFactoryConfigurationHelper - HV000234: Using org.hibernate.validator.internal.engine.resolver.JPATraversableResolver as ValidatorFactory-scoped traversable resolver.
2026-04-11 00:58:53.177 DEBUG [background-preinit] o.h.v.i.e.ValidatorFactoryConfigurationHelper - HV000234: Using org.hibernate.validator.internal.util.ExecutableParameterNameProvider as ValidatorFactory-scoped parameter name provider.
2026-04-11 00:58:53.178 DEBUG [background-preinit] o.h.v.i.e.ValidatorFactoryConfigurationHelper - HV000234: Using org.hibernate.validator.internal.engine.DefaultClockProvider as ValidatorFactory-scoped clock provider.
2026-04-11 00:58:53.178 DEBUG [background-preinit] o.h.v.i.e.ValidatorFactoryConfigurationHelper - HV000234: Using org.hibernate.validator.internal.engine.scripting.DefaultScriptEvaluatorFactory as ValidatorFactory-scoped script evaluator factory.
2026-04-11 00:58:54.760 INFO  [main] o.s.d.r.c.RepositoryConfigurationDelegate - Bootstrapping Spring Data JPA repositories in DEFAULT mode.
2026-04-11 00:58:54.782 DEBUG [main] o.s.b.f.s.DefaultListableBeanFactory - Creating shared instance of singleton bean 'org.springframework.boot.autoconfigure.AutoConfigurationPackages'
2026-04-11 00:58:54.782 DEBUG [main] o.s.b.a.AutoConfigurationPackages - @EnableAutoConfiguration was declared on a class in the package 'com.dgsspa.comicverse'. Automatic @Repository and @Entity scanning is enabled.
2026-04-11 00:58:54.785 DEBUG [main] o.s.d.r.c.RepositoryConfigurationDelegate - Scanning for JPA repositories in packages com.dgsspa.comicverse.
2026-04-11 00:58:54.809 INFO  [main] o.s.d.r.c.RepositoryConfigurationDelegate - Finished Spring Data repository scanning in 21 ms. Found 0 JPA repository interfaces.
2026-04-11 00:58:55.204 DEBUG [main] o.s.b.f.s.DefaultListableBeanFactory - Creating shared instance of singleton bean 'propertySourcesPlaceholderConfigurer'
2026-04-11 00:58:55.214 DEBUG [main] o.s.b.f.s.DefaultListableBeanFactory - Creating shared instance of singleton bean 'org.springframework.boot.test.mock.mockito.MockitoPostProcessor'
2026-04-11 00:58:55.227 DEBUG [main] o.s.b.f.s.DefaultListableBeanFactory - Creating shared instance of singleton bean 'emBeanDefinitionRegistrarPostProcessor'
2026-04-11 00:58:55.227 DEBUG [main] o.s.b.f.s.DefaultListableBeanFactory - Creating shared instance of singleton bean 'org.springframework.boot.sql.init.dependency.DatabaseInitializationDependencyConfigurer$DependsOnDatabaseInitializationPostProcessor'
2026-04-11 00:58:55.384 DEBUG [main] o.s.b.f.s.DefaultListableBeanFactory - Creating shared instance of singleton bean 'org.springframework.context.event.internalEventListenerProcessor'
2026-04-11 00:58:55.389 DEBUG [main] o.s.b.f.s.DefaultListableBeanFactory - Creating shared instance of singleton bean 'preserveErrorControllerTargetClassPostProcessor'
2026-04-11 00:58:55.390 DEBUG [main] o.s.b.f.s.DefaultListableBeanFactory - Creating shared instance of singleton bean 'org.springframework.context.event.internalEventListenerFactory'
2026-04-11 00:58:55.391 DEBUG [main] o.s.b.f.s.DefaultListableBeanFactory - Creating shared instance of singleton bean 'org.springframework.transaction.config.internalTransactionalEventListenerFactory'
2026-04-11 00:58:55.396 DEBUG [main] o.s.b.f.s.DefaultListableBeanFactory - Creating shared instance of singleton bean 'org.springframework.boot.test.mock.mockito.MockitoPostProcessor$SpyPostProcessor'
2026-04-11 00:58:55.400 DEBUG [main] o.s.b.f.s.DefaultListableBeanFactory - Creating shared instance of singleton bean 'org.springframework.context.annotation.internalAutowiredAnnotationProcessor'
2026-04-11 00:58:55.405 DEBUG [main] o.s.b.f.s.DefaultListableBeanFactory - Creating shared instance of singleton bean 'org.springframework.context.annotation.internalCommonAnnotationProcessor'
2026-04-11 00:58:55.411 DEBUG [main] o.s.b.f.s.DefaultListableBeanFactory - Creating shared instance of singleton bean 'org.springframework.context.annotation.internalPersistenceAnnotationProcessor'
2026-04-11 00:58:55.413 DEBUG [main] o.s.b.f.s.DefaultListableBeanFactory - Creating shared instance of singleton bean 'org.springframework.boot.context.properties.ConfigurationPropertiesBindingPostProcessor'
2026-04-11 00:58:55.413 DEBUG [main] o.s.b.f.s.DefaultListableBeanFactory - Creating shared instance of singleton bean 'org.springframework.boot.context.internalConfigurationPropertiesBinder'
2026-04-11 00:58:55.413 DEBUG [main] o.s.b.f.s.DefaultListableBeanFactory - Creating shared instance of singleton bean 'org.springframework.boot.context.internalConfigurationPropertiesBinderFactory'
2026-04-11 00:58:55.421 DEBUG [main] o.s.b.f.s.DefaultListableBeanFactory - Creating shared instance of singleton bean 'org.springframework.aop.config.internalAutoProxyCreator'
2026-04-11 00:58:55.527 DEBUG [main] o.s.b.f.s.DefaultListableBeanFactory - Creating shared instance of singleton bean 'methodValidationPostProcessor'
2026-04-11 00:58:55.561 DEBUG [main] o.s.b.f.s.DefaultListableBeanFactory - Autowiring by type from bean name 'methodValidationPostProcessor' via factory method to bean named 'environment'
2026-04-11 00:58:55.565 DEBUG [main] o.s.b.f.s.DefaultListableBeanFactory - Creating shared instance of singleton bean 'org.springframework.boot.context.properties.EnableConfigurationPropertiesRegistrar.methodValidationExcludeFilter'
2026-04-11 00:58:55.608 DEBUG [main] o.s.b.f.s.DefaultListableBeanFactory - Creating shared instance of singleton bean 'persistenceExceptionTranslationPostProcessor'
2026-04-11 00:58:55.609 DEBUG [main] o.s.b.f.s.DefaultListableBeanFactory - Autowiring by type from bean name 'persistenceExceptionTranslationPostProcessor' via factory method to bean named 'environment'
2026-04-11 00:58:55.625 DEBUG [main] o.s.b.f.s.DefaultListableBeanFactory - Creating shared instance of singleton bean 'webServerFactoryCustomizerBeanPostProcessor'
2026-04-11 00:58:55.632 DEBUG [main] o.s.b.f.s.DefaultListableBeanFactory - Creating shared instance of singleton bean 'errorPageRegistrarBeanPostProcessor'
2026-04-11 00:58:55.639 DEBUG [main] o.s.b.f.s.DefaultListableBeanFactory - Creating shared instance of singleton bean 'healthEndpointGroupsBeanPostProcessor'
2026-04-11 00:58:55.641 DEBUG [main] o.s.b.f.s.DefaultListableBeanFactory - Creating shared instance of singleton bean 'org.springframework.transaction.config.internalTransactionAdvisor'
2026-04-11 00:58:55.641 DEBUG [main] o.s.b.f.s.DefaultListableBeanFactory - Creating shared instance of singleton bean 'org.springframework.transaction.annotation.ProxyTransactionManagementConfiguration'
2026-04-11 00:58:55.667 DEBUG [main] o.s.b.f.s.DefaultListableBeanFactory - Creating shared instance of singleton bean 'transactionAttributeSource'
2026-04-11 00:58:55.674 DEBUG [main] o.s.b.f.s.DefaultListableBeanFactory - Creating shared instance of singleton bean 'transactionInterceptor'
2026-04-11 00:58:55.676 DEBUG [main] o.s.b.f.s.DefaultListableBeanFactory - Autowiring by type from bean name 'transactionInterceptor' via factory method to bean named 'transactionAttributeSource'
2026-04-11 00:58:55.707 DEBUG [main] o.s.b.f.s.DefaultListableBeanFactory - Autowiring by type from bean name 'org.springframework.transaction.config.internalTransactionAdvisor' via factory method to bean named 'transactionAttributeSource'
2026-04-11 00:58:55.707 DEBUG [main] o.s.b.f.s.DefaultListableBeanFactory - Autowiring by type from bean name 'org.springframework.transaction.config.internalTransactionAdvisor' via factory method to bean named 'transactionInterceptor'
2026-04-11 00:58:55.733 DEBUG [main] o.s.b.f.s.DefaultListableBeanFactory - Creating shared instance of singleton bean 'meterRegistryPostProcessor'
2026-04-11 00:58:55.736 DEBUG [main] o.s.b.f.s.DefaultListableBeanFactory - Autowiring by type from bean name 'meterRegistryPostProcessor' via factory method to bean named 'org.springframework.web.context.support.GenericWebApplicationContext@70eecdc2'
2026-04-11 00:58:55.742 DEBUG [main] o.s.b.f.s.DefaultListableBeanFactory - Creating shared instance of singleton bean 'metricsRepositoryMethodInvocationListenerBeanPostProcessor'
2026-04-11 00:58:55.753 DEBUG [main] o.s.b.f.s.DefaultListableBeanFactory - Creating shared instance of singleton bean 'projectingArgumentResolverBeanPostProcessor'
2026-04-11 00:58:55.815 DEBUG [main] o.s.u.c.s.UiApplicationContextUtils - Unable to locate ThemeSource with name 'themeSource': using default [org.springframework.ui.context.support.ResourceBundleThemeSource@b5de58f]
2026-04-11 00:58:55.818 DEBUG [main] o.s.b.f.s.DefaultListableBeanFactory - Creating shared instance of singleton bean 'comicverseApplication'
2026-04-11 00:58:55.828 DEBUG [main] o.s.b.f.s.DefaultListableBeanFactory - Creating shared instance of singleton bean 'errorMessagesProperties'
2026-04-11 00:58:55.834 DEBUG [main] o.s.b.f.s.DefaultListableBeanFactory - Creating shared instance of singleton bean 'org.springframework.boot.context.properties.BoundConfigurationProperties'
2026-04-11 00:58:55.875 DEBUG [main] o.s.b.f.s.DefaultListableBeanFactory - Creating shared instance of singleton bean 'hibernateConfiguration'
2026-04-11 00:58:55.884 DEBUG [main] o.s.c.e.PropertySourcesPropertyResolver - Found key 'db.driver' in PropertySource 'environmentProperties' with value of type String
2026-04-11 00:58:55.888 DEBUG [main] o.s.c.e.PropertySourcesPropertyResolver - Found key 'db.url' in PropertySource 'environmentProperties' with value of type String
2026-04-11 00:58:55.888 DEBUG [main] o.s.c.e.PropertySourcesPropertyResolver - Found key 'db.username' in PropertySource 'environmentProperties' with value of type String
2026-04-11 00:58:55.889 DEBUG [main] o.s.c.e.PropertySourcesPropertyResolver - Found key 'db.password' in PropertySource 'environmentProperties' with value of type String
2026-04-11 00:58:55.889 DEBUG [main] o.s.c.e.PropertySourcesPropertyResolver - Found key 'hibernate.dialect' in PropertySource 'environmentProperties' with value of type String
2026-04-11 00:58:55.891 DEBUG [main] o.s.b.c.p.s.ConfigurationPropertySourcesPropertyResolver$DefaultResolver - Found key 'hibernate.show_sql' in PropertySource 'Config resource 'class path resource [application.properties]' via location 'optional:classpath:/'' with value of type String
2026-04-11 00:58:55.891 DEBUG [main] o.s.c.e.PropertySourcesPropertyResolver - Found key 'hibernate.show_sql' in PropertySource 'environmentProperties' with value of type String
2026-04-11 00:58:55.891 DEBUG [main] o.s.c.e.PropertySourcesPropertyResolver - Found key 'hibernate.hbm2ddl.auto' in PropertySource 'environmentProperties' with value of type String
2026-04-11 00:58:55.893 DEBUG [main] o.s.b.c.p.s.ConfigurationPropertySourcesPropertyResolver$DefaultResolver - Found key 'entitymanager.packagesToScan' in PropertySource 'Config resource 'class path resource [application.properties]' via location 'optional:classpath:/'' with value of type String
2026-04-11 00:58:55.893 DEBUG [main] o.s.c.e.PropertySourcesPropertyResolver - Found key 'entitymanager.packagesToScan' in PropertySource 'environmentProperties' with value of type String
2026-04-11 00:58:55.894 DEBUG [main] o.s.b.f.s.DefaultListableBeanFactory - Creating shared instance of singleton bean 'searchMessagesProperties'
2026-04-11 00:58:55.899 DEBUG [main] o.s.b.f.s.DefaultListableBeanFactory - Creating shared instance of singleton bean 'successMessagesProperties'
2026-04-11 00:58:55.903 DEBUG [main] o.s.b.f.s.DefaultListableBeanFactory - Creating shared instance of singleton bean 'fumettoController'
2026-04-11 00:58:55.924 DEBUG [main] o.s.b.f.s.DefaultListableBeanFactory - Creating shared instance of singleton bean 'fumettoService'
2026-04-11 00:58:55.927 DEBUG [main] o.s.b.f.s.DefaultListableBeanFactory - Creating shared instance of singleton bean 'fumettoRepository'
2026-04-11 00:58:55.933 DEBUG [main] o.s.b.f.s.DefaultListableBeanFactory - Creating shared instance of singleton bean 'dataSourceScriptDatabaseInitializer'
2026-04-11 00:58:55.934 DEBUG [main] o.s.b.f.s.DefaultListableBeanFactory - Creating shared instance of singleton bean 'org.springframework.boot.autoconfigure.sql.init.DataSourceInitializationConfiguration'
2026-04-11 00:58:55.939 DEBUG [main] o.s.b.f.s.DefaultListableBeanFactory - Creating shared instance of singleton bean 'dataSource'
2026-04-11 00:58:56.178 DEBUG [main] o.s.j.d.DriverManagerDataSource - Loaded JDBC driver: oracle.jdbc.driver.OracleDriver
2026-04-11 00:58:56.193 DEBUG [main] o.s.b.f.s.DefaultListableBeanFactory - Creating shared instance of singleton bean 'spring.sql.init-org.springframework.boot.autoconfigure.sql.init.SqlInitializationProperties'
2026-04-11 00:58:56.199 DEBUG [main] o.s.b.f.s.DefaultListableBeanFactory - Autowiring by type from bean name 'dataSourceScriptDatabaseInitializer' via factory method to bean named 'dataSource'
2026-04-11 00:58:56.199 DEBUG [main] o.s.b.f.s.DefaultListableBeanFactory - Autowiring by type from bean name 'dataSourceScriptDatabaseInitializer' via factory method to bean named 'spring.sql.init-org.springframework.boot.autoconfigure.sql.init.SqlInitializationProperties'
2026-04-11 00:58:56.217 DEBUG [main] o.s.b.f.s.DefaultListableBeanFactory - Creating shared instance of singleton bean 'sessionFactory'
2026-04-11 00:58:56.289 DEBUG [main] o.h.i.internal.IntegratorServiceImpl - Adding Integrator [org.hibernate.cfg.beanvalidation.BeanValidationIntegrator].
2026-04-11 00:58:56.294 DEBUG [main] o.h.i.internal.IntegratorServiceImpl - Adding Integrator [org.hibernate.secure.spi.JaccIntegrator].
2026-04-11 00:58:56.298 DEBUG [main] o.h.i.internal.IntegratorServiceImpl - Adding Integrator [org.hibernate.cache.internal.CollectionCacheInvalidator].
2026-04-11 00:58:56.352 INFO  [main] org.hibernate.Version - HHH000412: Hibernate ORM core version 5.6.15.Final
2026-04-11 00:58:56.355 DEBUG [main] org.hibernate.cfg.Environment - HHH000206: hibernate.properties not found
2026-04-11 00:58:56.827 DEBUG [main] org.hibernate.cfg.Configuration - Building session factory using internal StandardServiceRegistryBuilder
2026-04-11 00:58:56.838 DEBUG [main] o.h.service.spi.ServiceBinding - Overriding existing service binding [org.hibernate.secure.spi.JaccService]
2026-04-11 00:58:56.838 DEBUG [main] org.hibernate.cfg.Configuration - Building session factory using provided StandardServiceRegistry
2026-04-11 00:58:56.880 DEBUG [main] o.h.c.i.RegionFactoryInitiator - Cannot default RegionFactory based on registered strategies as `[]` RegionFactory strategies were registered
2026-04-11 00:58:56.881 DEBUG [main] o.h.c.i.RegionFactoryInitiator - Cache region factory : org.hibernate.cache.internal.NoCachingRegionFactory
2026-04-11 00:58:56.903 INFO  [main] o.h.annotations.common.Version - HCANN000001: Hibernate Commons Annotations {5.1.2.Final}
2026-04-11 00:58:57.149 DEBUG [main] org.hibernate.type.BasicTypeRegistry - Adding type registration boolean -> org.hibernate.type.BooleanType@22a6d75c
2026-04-11 00:58:57.150 DEBUG [main] org.hibernate.type.BasicTypeRegistry - Adding type registration boolean -> org.hibernate.type.BooleanType@22a6d75c
2026-04-11 00:58:57.150 DEBUG [main] org.hibernate.type.BasicTypeRegistry - Adding type registration java.lang.Boolean -> org.hibernate.type.BooleanType@22a6d75c
2026-04-11 00:58:57.153 DEBUG [main] org.hibernate.type.BasicTypeRegistry - Adding type registration numeric_boolean -> org.hibernate.type.NumericBooleanType@2ca54da9
2026-04-11 00:58:57.153 DEBUG [main] org.hibernate.type.BasicTypeRegistry - Adding type registration true_false -> org.hibernate.type.TrueFalseType@1cd2ff5b
2026-04-11 00:58:57.155 DEBUG [main] org.hibernate.type.BasicTypeRegistry - Adding type registration yes_no -> org.hibernate.type.YesNoType@67b61834
2026-04-11 00:58:57.160 DEBUG [main] org.hibernate.type.BasicTypeRegistry - Adding type registration byte -> org.hibernate.type.ByteType@5cfed0ba
2026-04-11 00:58:57.160 DEBUG [main] org.hibernate.type.BasicTypeRegistry - Adding type registration byte -> org.hibernate.type.ByteType@5cfed0ba
2026-04-11 00:58:57.160 DEBUG [main] org.hibernate.type.BasicTypeRegistry - Adding type registration java.lang.Byte -> org.hibernate.type.ByteType@5cfed0ba
2026-04-11 00:58:57.163 DEBUG [main] org.hibernate.type.BasicTypeRegistry - Adding type registration character -> org.hibernate.type.CharacterType@367d34c0
2026-04-11 00:58:57.163 DEBUG [main] org.hibernate.type.BasicTypeRegistry - Adding type registration char -> org.hibernate.type.CharacterType@367d34c0
2026-04-11 00:58:57.163 DEBUG [main] org.hibernate.type.BasicTypeRegistry - Adding type registration java.lang.Character -> org.hibernate.type.CharacterType@367d34c0
2026-04-11 00:58:57.164 DEBUG [main] org.hibernate.type.BasicTypeRegistry - Adding type registration short -> org.hibernate.type.ShortType@8b13d91
2026-04-11 00:58:57.164 DEBUG [main] org.hibernate.type.BasicTypeRegistry - Adding type registration short -> org.hibernate.type.ShortType@8b13d91
2026-04-11 00:58:57.164 DEBUG [main] org.hibernate.type.BasicTypeRegistry - Adding type registration java.lang.Short -> org.hibernate.type.ShortType@8b13d91
2026-04-11 00:58:57.171 DEBUG [main] org.hibernate.type.BasicTypeRegistry - Adding type registration integer -> org.hibernate.type.IntegerType@5657967b
2026-04-11 00:58:57.171 DEBUG [main] org.hibernate.type.BasicTypeRegistry - Adding type registration int -> org.hibernate.type.IntegerType@5657967b
2026-04-11 00:58:57.171 DEBUG [main] org.hibernate.type.BasicTypeRegistry - Adding type registration java.lang.Integer -> org.hibernate.type.IntegerType@5657967b
2026-04-11 00:58:57.175 DEBUG [main] org.hibernate.type.BasicTypeRegistry - Adding type registration long -> org.hibernate.type.LongType@6de43bc1
2026-04-11 00:58:57.175 DEBUG [main] org.hibernate.type.BasicTypeRegistry - Adding type registration long -> org.hibernate.type.LongType@6de43bc1
2026-04-11 00:58:57.176 DEBUG [main] org.hibernate.type.BasicTypeRegistry - Adding type registration java.lang.Long -> org.hibernate.type.LongType@6de43bc1
2026-04-11 00:58:57.178 DEBUG [main] org.hibernate.type.BasicTypeRegistry - Adding type registration float -> org.hibernate.type.FloatType@6222391a
2026-04-11 00:58:57.178 DEBUG [main] org.hibernate.type.BasicTypeRegistry - Adding type registration float -> org.hibernate.type.FloatType@6222391a
2026-04-11 00:58:57.178 DEBUG [main] org.hibernate.type.BasicTypeRegistry - Adding type registration java.lang.Float -> org.hibernate.type.FloatType@6222391a
2026-04-11 00:58:57.179 DEBUG [main] org.hibernate.type.BasicTypeRegistry - Adding type registration double -> org.hibernate.type.DoubleType@12abcd1e
2026-04-11 00:58:57.179 DEBUG [main] org.hibernate.type.BasicTypeRegistry - Adding type registration double -> org.hibernate.type.DoubleType@12abcd1e
2026-04-11 00:58:57.179 DEBUG [main] org.hibernate.type.BasicTypeRegistry - Adding type registration java.lang.Double -> org.hibernate.type.DoubleType@12abcd1e
2026-04-11 00:58:57.183 DEBUG [main] org.hibernate.type.BasicTypeRegistry - Adding type registration big_decimal -> org.hibernate.type.BigDecimalType@33d28f0a
2026-04-11 00:58:57.183 DEBUG [main] org.hibernate.type.BasicTypeRegistry - Adding type registration java.math.BigDecimal -> org.hibernate.type.BigDecimalType@33d28f0a
2026-04-11 00:58:57.186 DEBUG [main] org.hibernate.type.BasicTypeRegistry - Adding type registration big_integer -> org.hibernate.type.BigIntegerType@41aebbb4
2026-04-11 00:58:57.186 DEBUG [main] org.hibernate.type.BasicTypeRegistry - Adding type registration java.math.BigInteger -> org.hibernate.type.BigIntegerType@41aebbb4
2026-04-11 00:58:57.189 DEBUG [main] org.hibernate.type.BasicTypeRegistry - Adding type registration string -> org.hibernate.type.StringType@34279b8a
2026-04-11 00:58:57.189 DEBUG [main] org.hibernate.type.BasicTypeRegistry - Adding type registration java.lang.String -> org.hibernate.type.StringType@34279b8a
2026-04-11 00:58:57.191 DEBUG [main] org.hibernate.type.BasicTypeRegistry - Adding type registration nstring -> org.hibernate.type.StringNVarcharType@3fb450d7
2026-04-11 00:58:57.193 DEBUG [main] org.hibernate.type.BasicTypeRegistry - Adding type registration ncharacter -> org.hibernate.type.CharacterNCharType@723e3c17
2026-04-11 00:58:57.196 DEBUG [main] org.hibernate.type.BasicTypeRegistry - Adding type registration url -> org.hibernate.type.UrlType@30abf79c
2026-04-11 00:58:57.196 DEBUG [main] org.hibernate.type.BasicTypeRegistry - Adding type registration java.net.URL -> org.hibernate.type.UrlType@30abf79c
2026-04-11 00:58:57.199 DEBUG [main] org.hibernate.type.BasicTypeRegistry - Adding type registration Duration -> org.hibernate.type.DurationType@6629643d
2026-04-11 00:58:57.199 DEBUG [main] org.hibernate.type.BasicTypeRegistry - Adding type registration java.time.Duration -> org.hibernate.type.DurationType@6629643d
2026-04-11 00:58:57.204 DEBUG [main] org.hibernate.type.BasicTypeRegistry - Adding type registration Instant -> org.hibernate.type.InstantType@4270b142
2026-04-11 00:58:57.204 DEBUG [main] org.hibernate.type.BasicTypeRegistry - Adding type registration java.time.Instant -> org.hibernate.type.InstantType@4270b142
2026-04-11 00:58:57.206 DEBUG [main] org.hibernate.type.BasicTypeRegistry - Adding type registration LocalDateTime -> org.hibernate.type.LocalDateTimeType@50bc3219
2026-04-11 00:58:57.206 DEBUG [main] org.hibernate.type.BasicTypeRegistry - Adding type registration java.time.LocalDateTime -> org.hibernate.type.LocalDateTimeType@50bc3219
2026-04-11 00:58:57.209 DEBUG [main] org.hibernate.type.BasicTypeRegistry - Adding type registration LocalDate -> org.hibernate.type.LocalDateType@6b0f266e
2026-04-11 00:58:57.209 DEBUG [main] org.hibernate.type.BasicTypeRegistry - Adding type registration java.time.LocalDate -> org.hibernate.type.LocalDateType@6b0f266e
2026-04-11 00:58:57.210 DEBUG [main] org.hibernate.type.BasicTypeRegistry - Adding type registration LocalTime -> org.hibernate.type.LocalTimeType@fddd7ae
2026-04-11 00:58:57.210 DEBUG [main] org.hibernate.type.BasicTypeRegistry - Adding type registration java.time.LocalTime -> org.hibernate.type.LocalTimeType@fddd7ae
2026-04-11 00:58:57.214 DEBUG [main] org.hibernate.type.BasicTypeRegistry - Adding type registration OffsetDateTime -> org.hibernate.type.OffsetDateTimeType@350323a0
2026-04-11 00:58:57.214 DEBUG [main] org.hibernate.type.BasicTypeRegistry - Adding type registration java.time.OffsetDateTime -> org.hibernate.type.OffsetDateTimeType@350323a0
2026-04-11 00:58:57.219 DEBUG [main] org.hibernate.type.BasicTypeRegistry - Adding type registration OffsetTime -> org.hibernate.type.OffsetTimeType@5111de7c
2026-04-11 00:58:57.219 DEBUG [main] org.hibernate.type.BasicTypeRegistry - Adding type registration java.time.OffsetTime -> org.hibernate.type.OffsetTimeType@5111de7c
2026-04-11 00:58:57.222 DEBUG [main] org.hibernate.type.BasicTypeRegistry - Adding type registration ZonedDateTime -> org.hibernate.type.ZonedDateTimeType@6075b369
2026-04-11 00:58:57.222 DEBUG [main] org.hibernate.type.BasicTypeRegistry - Adding type registration java.time.ZonedDateTime -> org.hibernate.type.ZonedDateTimeType@6075b369
2026-04-11 00:58:57.227 DEBUG [main] org.hibernate.type.BasicTypeRegistry - Adding type registration date -> org.hibernate.type.DateType@79df80a4
2026-04-11 00:58:57.227 DEBUG [main] org.hibernate.type.BasicTypeRegistry - Adding type registration java.sql.Date -> org.hibernate.type.DateType@79df80a4
2026-04-11 00:58:57.233 DEBUG [main] org.hibernate.type.BasicTypeRegistry - Adding type registration time -> org.hibernate.type.TimeType@55361f03
2026-04-11 00:58:57.234 DEBUG [main] org.hibernate.type.BasicTypeRegistry - Adding type registration java.sql.Time -> org.hibernate.type.TimeType@55361f03
2026-04-11 00:58:57.238 DEBUG [main] org.hibernate.type.BasicTypeRegistry - Adding type registration timestamp -> org.hibernate.type.TimestampType@28d739f1
2026-04-11 00:58:57.239 DEBUG [main] org.hibernate.type.BasicTypeRegistry - Adding type registration java.sql.Timestamp -> org.hibernate.type.TimestampType@28d739f1
2026-04-11 00:58:57.239 DEBUG [main] org.hibernate.type.BasicTypeRegistry - Adding type registration java.util.Date -> org.hibernate.type.TimestampType@28d739f1
2026-04-11 00:58:57.243 DEBUG [main] org.hibernate.type.BasicTypeRegistry - Adding type registration dbtimestamp -> org.hibernate.type.DbTimestampType@3a4a5f3c
2026-04-11 00:58:57.246 DEBUG [main] org.hibernate.type.BasicTypeRegistry - Adding type registration calendar -> org.hibernate.type.CalendarType@5fb3111a
2026-04-11 00:58:57.246 DEBUG [main] org.hibernate.type.BasicTypeRegistry - Adding type registration java.util.Calendar -> org.hibernate.type.CalendarType@5fb3111a
2026-04-11 00:58:57.246 DEBUG [main] org.hibernate.type.BasicTypeRegistry - Adding type registration java.util.GregorianCalendar -> org.hibernate.type.CalendarType@5fb3111a
2026-04-11 00:58:57.248 DEBUG [main] org.hibernate.type.BasicTypeRegistry - Adding type registration calendar_date -> org.hibernate.type.CalendarDateType@6889f56f
2026-04-11 00:58:57.252 DEBUG [main] org.hibernate.type.BasicTypeRegistry - Adding type registration calendar_time -> org.hibernate.type.CalendarTimeType@3b4ef59f
2026-04-11 00:58:57.256 DEBUG [main] org.hibernate.type.BasicTypeRegistry - Adding type registration locale -> org.hibernate.type.LocaleType@5a7b309b
2026-04-11 00:58:57.256 DEBUG [main] org.hibernate.type.BasicTypeRegistry - Adding type registration java.util.Locale -> org.hibernate.type.LocaleType@5a7b309b
2026-04-11 00:58:57.259 DEBUG [main] org.hibernate.type.BasicTypeRegistry - Adding type registration currency -> org.hibernate.type.CurrencyType@b022551
2026-04-11 00:58:57.259 DEBUG [main] org.hibernate.type.BasicTypeRegistry - Adding type registration java.util.Currency -> org.hibernate.type.CurrencyType@b022551
2026-04-11 00:58:57.262 DEBUG [main] org.hibernate.type.BasicTypeRegistry - Adding type registration timezone -> org.hibernate.type.TimeZoneType@530ee28b
2026-04-11 00:58:57.262 DEBUG [main] org.hibernate.type.BasicTypeRegistry - Adding type registration java.util.TimeZone -> org.hibernate.type.TimeZoneType@530ee28b
2026-04-11 00:58:57.266 DEBUG [main] org.hibernate.type.BasicTypeRegistry - Adding type registration class -> org.hibernate.type.ClassType@6b4a4e40
2026-04-11 00:58:57.267 DEBUG [main] org.hibernate.type.BasicTypeRegistry - Adding type registration java.lang.Class -> org.hibernate.type.ClassType@6b4a4e40
2026-04-11 00:58:57.271 DEBUG [main] org.hibernate.type.BasicTypeRegistry - Adding type registration uuid-binary -> org.hibernate.type.UUIDBinaryType@75e80a97
2026-04-11 00:58:57.271 DEBUG [main] org.hibernate.type.BasicTypeRegistry - Adding type registration java.util.UUID -> org.hibernate.type.UUIDBinaryType@75e80a97
2026-04-11 00:58:57.272 DEBUG [main] org.hibernate.type.BasicTypeRegistry - Adding type registration uuid-char -> org.hibernate.type.UUIDCharType@6812c8cc
2026-04-11 00:58:57.276 DEBUG [main] org.hibernate.type.BasicTypeRegistry - Adding type registration binary -> org.hibernate.type.BinaryType@682e422c
2026-04-11 00:58:57.276 DEBUG [main] org.hibernate.type.BasicTypeRegistry - Adding type registration byte[] -> org.hibernate.type.BinaryType@682e422c
2026-04-11 00:58:57.276 DEBUG [main] org.hibernate.type.BasicTypeRegistry - Adding type registration [B -> org.hibernate.type.BinaryType@682e422c
2026-04-11 00:58:57.280 DEBUG [main] org.hibernate.type.BasicTypeRegistry - Adding type registration wrapper-binary -> org.hibernate.type.WrapperBinaryType@5b48f0f4
2026-04-11 00:58:57.280 DEBUG [main] org.hibernate.type.BasicTypeRegistry - Adding type registration Byte[] -> org.hibernate.type.WrapperBinaryType@5b48f0f4
2026-04-11 00:58:57.280 DEBUG [main] org.hibernate.type.BasicTypeRegistry - Adding type registration [Ljava.lang.Byte; -> org.hibernate.type.WrapperBinaryType@5b48f0f4
2026-04-11 00:58:57.284 DEBUG [main] org.hibernate.type.BasicTypeRegistry - Adding type registration row_version -> org.hibernate.type.RowVersionType@62f9c790
2026-04-11 00:58:57.286 DEBUG [main] org.hibernate.type.BasicTypeRegistry - Adding type registration image -> org.hibernate.type.ImageType@656842bc
2026-04-11 00:58:57.289 DEBUG [main] org.hibernate.type.BasicTypeRegistry - Adding type registration characters -> org.hibernate.type.CharArrayType@2055833f
2026-04-11 00:58:57.289 DEBUG [main] org.hibernate.type.BasicTypeRegistry - Adding type registration char[] -> org.hibernate.type.CharArrayType@2055833f
2026-04-11 00:58:57.289 DEBUG [main] org.hibernate.type.BasicTypeRegistry - Adding type registration [C -> org.hibernate.type.CharArrayType@2055833f
2026-04-11 00:58:57.293 DEBUG [main] org.hibernate.type.BasicTypeRegistry - Adding type registration wrapper-characters -> org.hibernate.type.CharacterArrayType@34a6d9db
2026-04-11 00:58:57.293 DEBUG [main] org.hibernate.type.BasicTypeRegistry - Adding type registration [Ljava.lang.Character; -> org.hibernate.type.CharacterArrayType@34a6d9db
2026-04-11 00:58:57.293 DEBUG [main] org.hibernate.type.BasicTypeRegistry - Adding type registration Character[] -> org.hibernate.type.CharacterArrayType@34a6d9db
2026-04-11 00:58:57.294 DEBUG [main] org.hibernate.type.BasicTypeRegistry - Adding type registration text -> org.hibernate.type.TextType@5012c571
2026-04-11 00:58:57.294 DEBUG [main] org.hibernate.type.BasicTypeRegistry - Adding type registration ntext -> org.hibernate.type.NTextType@3a0b6a
2026-04-11 00:58:57.299 DEBUG [main] org.hibernate.type.BasicTypeRegistry - Adding type registration blob -> org.hibernate.type.BlobType@238291d4
2026-04-11 00:58:57.299 DEBUG [main] org.hibernate.type.BasicTypeRegistry - Adding type registration java.sql.Blob -> org.hibernate.type.BlobType@238291d4
2026-04-11 00:58:57.302 DEBUG [main] org.hibernate.type.BasicTypeRegistry - Adding type registration materialized_blob -> org.hibernate.type.MaterializedBlobType@1eeb5818
2026-04-11 00:58:57.307 DEBUG [main] org.hibernate.type.BasicTypeRegistry - Adding type registration clob -> org.hibernate.type.ClobType@39d77de9
2026-04-11 00:58:57.307 DEBUG [main] org.hibernate.type.BasicTypeRegistry - Adding type registration java.sql.Clob -> org.hibernate.type.ClobType@39d77de9
2026-04-11 00:58:57.309 DEBUG [main] org.hibernate.type.BasicTypeRegistry - Adding type registration nclob -> org.hibernate.type.NClobType@3c18942
2026-04-11 00:58:57.309 DEBUG [main] org.hibernate.type.BasicTypeRegistry - Adding type registration java.sql.NClob -> org.hibernate.type.NClobType@3c18942
2026-04-11 00:58:57.311 DEBUG [main] org.hibernate.type.BasicTypeRegistry - Adding type registration materialized_clob -> org.hibernate.type.MaterializedClobType@2c48cede
2026-04-11 00:58:57.311 DEBUG [main] org.hibernate.type.BasicTypeRegistry - Adding type registration materialized_nclob -> org.hibernate.type.MaterializedNClobType@68e2d03e
2026-04-11 00:58:57.312 DEBUG [main] org.hibernate.type.BasicTypeRegistry - Adding type registration serializable -> org.hibernate.type.SerializableType@175c5c3a
2026-04-11 00:58:57.322 DEBUG [main] org.hibernate.type.BasicTypeRegistry - Adding type registration object -> org.hibernate.type.ObjectType@6650a6c
2026-04-11 00:58:57.322 DEBUG [main] org.hibernate.type.BasicTypeRegistry - Adding type registration java.lang.Object -> org.hibernate.type.ObjectType@6650a6c
2026-04-11 00:58:57.324 DEBUG [main] org.hibernate.type.BasicTypeRegistry - Adding type registration imm_date -> org.hibernate.type.AdaptedImmutableType@5a30722c
2026-04-11 00:58:57.324 DEBUG [main] org.hibernate.type.BasicTypeRegistry - Adding type registration imm_time -> org.hibernate.type.AdaptedImmutableType@4f2ac7e0
2026-04-11 00:58:57.324 DEBUG [main] org.hibernate.type.BasicTypeRegistry - Adding type registration imm_timestamp -> org.hibernate.type.AdaptedImmutableType@2484dbb7
2026-04-11 00:58:57.324 DEBUG [main] org.hibernate.type.BasicTypeRegistry - Adding type registration imm_dbtimestamp -> org.hibernate.type.AdaptedImmutableType@111cba40
2026-04-11 00:58:57.324 DEBUG [main] org.hibernate.type.BasicTypeRegistry - Adding type registration imm_calendar -> org.hibernate.type.AdaptedImmutableType@48e41b5d
2026-04-11 00:58:57.324 DEBUG [main] org.hibernate.type.BasicTypeRegistry - Adding type registration imm_calendar_date -> org.hibernate.type.AdaptedImmutableType@51e8d066
2026-04-11 00:58:57.324 DEBUG [main] org.hibernate.type.BasicTypeRegistry - Adding type registration imm_binary -> org.hibernate.type.AdaptedImmutableType@5333f08f
2026-04-11 00:58:57.324 DEBUG [main] org.hibernate.type.BasicTypeRegistry - Adding type registration imm_serializable -> org.hibernate.type.AdaptedImmutableType@27898e13
2026-04-11 00:58:57.413 DEBUG [main] o.h.i.f.i.DefaultIdentifierGeneratorFactory - Registering IdentifierGenerator strategy [uuid2] -> [org.hibernate.id.UUIDGenerator]
2026-04-11 00:58:57.416 DEBUG [main] o.h.i.f.i.DefaultIdentifierGeneratorFactory - Registering IdentifierGenerator strategy [guid] -> [org.hibernate.id.GUIDGenerator]
2026-04-11 00:58:57.419 DEBUG [main] o.h.i.f.i.DefaultIdentifierGeneratorFactory - Registering IdentifierGenerator strategy [uuid] -> [org.hibernate.id.UUIDHexGenerator]
2026-04-11 00:58:57.419 DEBUG [main] o.h.i.f.i.DefaultIdentifierGeneratorFactory - Registering IdentifierGenerator strategy [uuid.hex] -> [org.hibernate.id.UUIDHexGenerator]
2026-04-11 00:58:57.421 DEBUG [main] o.h.i.f.i.DefaultIdentifierGeneratorFactory - Registering IdentifierGenerator strategy [assigned] -> [org.hibernate.id.Assigned]
2026-04-11 00:58:57.424 DEBUG [main] o.h.i.f.i.DefaultIdentifierGeneratorFactory - Registering IdentifierGenerator strategy [identity] -> [org.hibernate.id.IdentityGenerator]
2026-04-11 00:58:57.426 DEBUG [main] o.h.i.f.i.DefaultIdentifierGeneratorFactory - Registering IdentifierGenerator strategy [select] -> [org.hibernate.id.SelectGenerator]
2026-04-11 00:58:57.429 DEBUG [main] o.h.i.f.i.DefaultIdentifierGeneratorFactory - Registering IdentifierGenerator strategy [sequence] -> [org.hibernate.id.enhanced.SequenceStyleGenerator]
2026-04-11 00:58:57.431 DEBUG [main] o.h.i.f.i.DefaultIdentifierGeneratorFactory - Registering IdentifierGenerator strategy [seqhilo] -> [org.hibernate.id.SequenceHiLoGenerator]
2026-04-11 00:58:57.432 DEBUG [main] o.h.i.f.i.DefaultIdentifierGeneratorFactory - Registering IdentifierGenerator strategy [increment] -> [org.hibernate.id.IncrementGenerator]
2026-04-11 00:58:57.436 DEBUG [main] o.h.i.f.i.DefaultIdentifierGeneratorFactory - Registering IdentifierGenerator strategy [foreign] -> [org.hibernate.id.ForeignGenerator]
2026-04-11 00:58:57.436 DEBUG [main] o.h.i.f.i.DefaultIdentifierGeneratorFactory - Registering IdentifierGenerator strategy [sequence-identity] -> [org.hibernate.id.SequenceIdentityGenerator]
2026-04-11 00:58:57.436 DEBUG [main] o.h.i.f.i.DefaultIdentifierGeneratorFactory - Registering IdentifierGenerator strategy [enhanced-sequence] -> [org.hibernate.id.enhanced.SequenceStyleGenerator]
2026-04-11 00:58:57.440 DEBUG [main] o.h.i.f.i.DefaultIdentifierGeneratorFactory - Registering IdentifierGenerator strategy [enhanced-table] -> [org.hibernate.id.enhanced.TableGenerator]
2026-04-11 00:58:57.456 DEBUG [main] o.s.j.d.DriverManagerDataSource - Creating new JDBC DriverManager Connection to [jdbc:oracle:thin:@//localhost:1521/XEPDB1]
2026-04-11 00:58:58.126 DEBUG [main] o.h.e.j.e.i.JdbcEnvironmentInitiator - Database ->
       name : Oracle
    version : Oracle Database 18c Express Edition Release 18.0.0.0.0 - Production
Version 18.4.0.0.0
      major : 18
      minor : 0
2026-04-11 00:58:58.127 DEBUG [main] o.h.e.j.e.i.JdbcEnvironmentInitiator - Driver ->
       name : Oracle JDBC driver
    version : 21.5.0.0.0
      major : 21
      minor : 5
2026-04-11 00:58:58.127 DEBUG [main] o.h.e.j.e.i.JdbcEnvironmentInitiator - JDBC version : 4.2
2026-04-11 00:58:58.246 INFO  [main] org.hibernate.dialect.Dialect - HHH000400: Using dialect: org.hibernate.dialect.Oracle12cDialect
2026-04-11 00:58:58.612 DEBUG [main] org.hibernate.type.BasicTypeRegistry - Adding type registration byte[] -> org.hibernate.type.MaterializedBlobType@1eeb5818
2026-04-11 00:58:58.612 DEBUG [main] org.hibernate.type.BasicTypeRegistry - HHH000270: Type registration [byte[]] overrides previous : org.hibernate.type.BinaryType@682e422c
2026-04-11 00:58:58.612 DEBUG [main] org.hibernate.type.BasicTypeRegistry - Adding type registration [B -> org.hibernate.type.MaterializedBlobType@1eeb5818
2026-04-11 00:58:58.612 DEBUG [main] org.hibernate.type.BasicTypeRegistry - HHH000270: Type registration [[B] overrides previous : org.hibernate.type.BinaryType@682e422c
2026-04-11 00:58:58.613 DEBUG [main] org.hibernate.type.BasicTypeRegistry - Adding type registration Byte[] -> org.hibernate.type.WrappedMaterializedBlobType@35010a6b
2026-04-11 00:58:58.614 DEBUG [main] org.hibernate.type.BasicTypeRegistry - HHH000270: Type registration [Byte[]] overrides previous : org.hibernate.type.WrapperBinaryType@5b48f0f4
2026-04-11 00:58:58.614 DEBUG [main] org.hibernate.type.BasicTypeRegistry - Adding type registration [Ljava.lang.Byte; -> org.hibernate.type.WrappedMaterializedBlobType@35010a6b
2026-04-11 00:58:58.614 DEBUG [main] org.hibernate.type.BasicTypeRegistry - HHH000270: Type registration [[Ljava.lang.Byte;] overrides previous : org.hibernate.type.WrapperBinaryType@5b48f0f4
2026-04-11 00:58:58.620 DEBUG [main] o.h.type.spi.TypeConfiguration$Scope - Scoping TypeConfiguration [org.hibernate.type.spi.TypeConfiguration@6aa6c17] to MetadataBuildingContext [org.hibernate.boot.internal.MetadataBuildingContextRootImpl@4756e5cc]
2026-04-11 00:58:58.702 DEBUG [main] o.h.boot.model.relational.Namespace - Created database namespace [logicalName=Name{catalog=null, schema=null}, physicalName=Name{catalog=null, schema=null}]
2026-04-11 00:58:58.724 DEBUG [main] org.hibernate.cfg.AnnotationBinder - Binding entity from annotated class: com.dgsspa.comicverse.model.Fumetto
2026-04-11 00:58:58.757 DEBUG [main] org.hibernate.cfg.Ejb3Column - Binding column: Ejb3DiscriminatorColumn{logicalColumnName'DTYPE', discriminatorTypeName='string'}
2026-04-11 00:58:58.763 DEBUG [main] o.h.cfg.annotations.EntityBinder - Import with entity name Fumetto
2026-04-11 00:58:58.768 DEBUG [main] o.h.cfg.annotations.EntityBinder - Bind entity com.dgsspa.comicverse.model.Fumetto on table FUMETTO
2026-04-11 00:58:58.796 DEBUG [main] org.hibernate.cfg.Ejb3Column - Binding column: Ejb3Column{table=org.hibernate.mapping.Table(FUMETTO), mappingColumn=ID_FUMETTO, insertable=true, updatable=true, unique=false}
2026-04-11 00:58:58.801 DEBUG [main] o.h.b.internal.ClassLoaderAccessImpl - Not known whether passed class name [com.dgsspa.comicverse.model.Fumetto] is safe
2026-04-11 00:58:58.801 DEBUG [main] o.h.b.internal.ClassLoaderAccessImpl - No temp ClassLoader provided; using live ClassLoader for loading potentially unsafe class : com.dgsspa.comicverse.model.Fumetto
2026-04-11 00:58:58.802 DEBUG [main] o.h.cfg.annotations.PropertyBinder - MetadataSourceProcessor property id with lazy=false
2026-04-11 00:58:58.805 DEBUG [main] o.h.cfg.AbstractPropertyHolder - Attempting to locate auto-apply AttributeConverter for property [com.dgsspa.comicverse.model.Fumetto:id]
2026-04-11 00:58:58.809 DEBUG [main] o.h.c.annotations.SimpleValueBinder - building SimpleValue for id
2026-04-11 00:58:58.811 DEBUG [main] o.h.cfg.annotations.PropertyBinder - Building property id
2026-04-11 00:58:58.817 DEBUG [main] org.hibernate.cfg.BinderHelper - #makeIdGenerator(org.hibernate.mapping.SimpleValue([org.hibernate.mapping.Column(ID_FUMETTO)]), id, org.hibernate.id.enhanced.SequenceStyleGenerator, SEQ, ...)
2026-04-11 00:58:58.820 DEBUG [main] org.hibernate.cfg.Ejb3Column - Binding column: Ejb3Column{table=org.hibernate.mapping.Table(FUMETTO), mappingColumn=DATA_PUBBLICAZIONE, insertable=true, updatable=true, unique=false}
2026-04-11 00:58:58.820 DEBUG [main] o.h.cfg.annotations.PropertyBinder - MetadataSourceProcessor property dataPubblicazione with lazy=false
2026-04-11 00:58:58.820 DEBUG [main] o.h.cfg.AbstractPropertyHolder - Attempting to locate auto-apply AttributeConverter for property [com.dgsspa.comicverse.model.Fumetto:dataPubblicazione]
2026-04-11 00:58:58.820 DEBUG [main] o.h.c.annotations.SimpleValueBinder - building SimpleValue for dataPubblicazione
2026-04-11 00:58:58.820 DEBUG [main] o.h.cfg.annotations.PropertyBinder - Building property dataPubblicazione
2026-04-11 00:58:58.821 DEBUG [main] org.hibernate.cfg.Ejb3Column - Binding column: Ejb3Column{table=org.hibernate.mapping.Table(FUMETTO), mappingColumn=descrizione, insertable=true, updatable=true, unique=false}
2026-04-11 00:58:58.823 DEBUG [main] o.h.cfg.annotations.PropertyBinder - MetadataSourceProcessor property descrizione with lazy=false
2026-04-11 00:58:58.823 DEBUG [main] o.h.cfg.AbstractPropertyHolder - Attempting to locate auto-apply AttributeConverter for property [com.dgsspa.comicverse.model.Fumetto:descrizione]
2026-04-11 00:58:58.823 DEBUG [main] o.h.c.annotations.SimpleValueBinder - building SimpleValue for descrizione
2026-04-11 00:58:58.823 DEBUG [main] o.h.cfg.annotations.PropertyBinder - Building property descrizione
2026-04-11 00:58:58.823 DEBUG [main] org.hibernate.cfg.Ejb3Column - Binding column: Ejb3Column{table=org.hibernate.mapping.Table(FUMETTO), mappingColumn=editore, insertable=true, updatable=true, unique=false}
2026-04-11 00:58:58.823 DEBUG [main] o.h.cfg.annotations.PropertyBinder - MetadataSourceProcessor property editore with lazy=false
2026-04-11 00:58:58.823 DEBUG [main] o.h.cfg.AbstractPropertyHolder - Attempting to locate auto-apply AttributeConverter for property [com.dgsspa.comicverse.model.Fumetto:editore]
2026-04-11 00:58:58.823 DEBUG [main] o.h.c.annotations.SimpleValueBinder - building SimpleValue for editore
2026-04-11 00:58:58.823 DEBUG [main] o.h.cfg.annotations.PropertyBinder - Building property editore
2026-04-11 00:58:58.827 DEBUG [main] org.hibernate.cfg.Ejb3Column - Binding column: Ejb3Column{table=org.hibernate.mapping.Table(FUMETTO), mappingColumn=null, insertable=true, updatable=true, unique=false}
2026-04-11 00:58:58.844 DEBUG [main] org.hibernate.cfg.Ejb3Column - Binding column: Ejb3Column{table=org.hibernate.mapping.Table(FUMETTO), mappingColumn=element, insertable=true, updatable=true, unique=false}
2026-04-11 00:58:58.846 DEBUG [main] org.hibernate.cfg.Ejb3Column - Binding column: Ejb3Column{table=org.hibernate.mapping.Table(FUMETTO), mappingColumn=generi_KEY, insertable=true, updatable=true, unique=false}
2026-04-11 00:58:58.849 DEBUG [main] org.hibernate.cfg.Ejb3Column - Binding column: Ejb3JoinColumn{logicalColumnName='generi_KEY', referencedColumn='null', mappedBy='null'}
2026-04-11 00:58:58.851 DEBUG [main] org.hibernate.cfg.Ejb3Column - Binding column: Ejb3JoinColumn{logicalColumnName='null', referencedColumn='null', mappedBy='fumetti'}
2026-04-11 00:58:58.851 DEBUG [main] org.hibernate.cfg.Ejb3Column - Binding column: Ejb3JoinColumn{logicalColumnName='null', referencedColumn='null', mappedBy='fumetti'}
2026-04-11 00:58:58.852 DEBUG [main] o.h.cfg.annotations.CollectionBinder - Collection role: com.dgsspa.comicverse.model.Fumetto.generi
2026-04-11 00:58:58.856 DEBUG [main] o.h.cfg.annotations.PropertyBinder - Building property generi
2026-04-11 00:58:58.857 DEBUG [main] org.hibernate.cfg.Ejb3Column - Binding column: Ejb3Column{table=org.hibernate.mapping.Table(FUMETTO), mappingColumn=titolo, insertable=true, updatable=true, unique=false}
2026-04-11 00:58:58.857 DEBUG [main] o.h.cfg.annotations.PropertyBinder - MetadataSourceProcessor property titolo with lazy=false
2026-04-11 00:58:58.857 DEBUG [main] o.h.cfg.AbstractPropertyHolder - Attempting to locate auto-apply AttributeConverter for property [com.dgsspa.comicverse.model.Fumetto:titolo]
2026-04-11 00:58:58.858 DEBUG [main] o.h.c.annotations.SimpleValueBinder - building SimpleValue for titolo
2026-04-11 00:58:58.858 DEBUG [main] o.h.cfg.annotations.PropertyBinder - Building property titolo
2026-04-11 00:58:58.858 DEBUG [main] org.hibernate.cfg.Ejb3Column - Binding column: Ejb3Column{table=org.hibernate.mapping.Table(FUMETTO), mappingColumn=volume, insertable=true, updatable=true, unique=false}
2026-04-11 00:58:58.859 DEBUG [main] o.h.cfg.annotations.PropertyBinder - MetadataSourceProcessor property volume with lazy=false
2026-04-11 00:58:58.859 DEBUG [main] o.h.cfg.AbstractPropertyHolder - Attempting to locate auto-apply AttributeConverter for property [com.dgsspa.comicverse.model.Fumetto:volume]
2026-04-11 00:58:58.859 DEBUG [main] o.h.c.annotations.SimpleValueBinder - building SimpleValue for volume
2026-04-11 00:58:58.860 DEBUG [main] o.h.cfg.annotations.PropertyBinder - Building property volume
2026-04-11 00:58:58.886 DEBUG [main] org.hibernate.cfg.AnnotationBinder - Binding entity from annotated class: com.dgsspa.comicverse.model.Genere
2026-04-11 00:58:58.886 DEBUG [main] org.hibernate.cfg.Ejb3Column - Binding column: Ejb3DiscriminatorColumn{logicalColumnName'DTYPE', discriminatorTypeName='string'}
2026-04-11 00:58:58.886 DEBUG [main] o.h.cfg.annotations.EntityBinder - Import with entity name Genere
2026-04-11 00:58:58.886 DEBUG [main] o.h.cfg.annotations.EntityBinder - Bind entity com.dgsspa.comicverse.model.Genere on table GENERE
2026-04-11 00:58:58.895 DEBUG [main] org.hibernate.cfg.Ejb3Column - Binding column: Ejb3Column{table=org.hibernate.mapping.Table(GENERE), mappingColumn=ID_GENERE, insertable=true, updatable=true, unique=false}
2026-04-11 00:58:58.895 DEBUG [main] o.h.b.internal.ClassLoaderAccessImpl - Not known whether passed class name [com.dgsspa.comicverse.model.Genere] is safe
2026-04-11 00:58:58.895 DEBUG [main] o.h.b.internal.ClassLoaderAccessImpl - No temp ClassLoader provided; using live ClassLoader for loading potentially unsafe class : com.dgsspa.comicverse.model.Genere
2026-04-11 00:58:58.895 DEBUG [main] o.h.cfg.annotations.PropertyBinder - MetadataSourceProcessor property id with lazy=false
2026-04-11 00:58:58.895 DEBUG [main] o.h.cfg.AbstractPropertyHolder - Attempting to locate auto-apply AttributeConverter for property [com.dgsspa.comicverse.model.Genere:id]
2026-04-11 00:58:58.895 DEBUG [main] o.h.c.annotations.SimpleValueBinder - building SimpleValue for id
2026-04-11 00:58:58.895 DEBUG [main] o.h.cfg.annotations.PropertyBinder - Building property id
2026-04-11 00:58:58.896 DEBUG [main] org.hibernate.cfg.BinderHelper - #makeIdGenerator(org.hibernate.mapping.SimpleValue([org.hibernate.mapping.Column(ID_GENERE)]), id, org.hibernate.id.enhanced.SequenceStyleGenerator, SEQ_GENERE, ...)
2026-04-11 00:58:58.896 DEBUG [main] org.hibernate.cfg.Ejb3Column - Binding column: Ejb3Column{table=org.hibernate.mapping.Table(GENERE), mappingColumn=null, insertable=true, updatable=true, unique=false}
2026-04-11 00:58:58.896 DEBUG [main] org.hibernate.cfg.Ejb3Column - Binding column: Ejb3Column{table=org.hibernate.mapping.Table(GENERE), mappingColumn=element, insertable=true, updatable=true, unique=false}
2026-04-11 00:58:58.896 DEBUG [main] org.hibernate.cfg.Ejb3Column - Binding column: Ejb3Column{table=org.hibernate.mapping.Table(GENERE), mappingColumn=fumetti_KEY, insertable=true, updatable=true, unique=false}
2026-04-11 00:58:58.896 DEBUG [main] org.hibernate.cfg.Ejb3Column - Binding column: Ejb3JoinColumn{logicalColumnName='fumetti_KEY', referencedColumn='null', mappedBy='null'}
2026-04-11 00:58:58.898 DEBUG [main] org.hibernate.cfg.Ejb3Column - Binding column: Ejb3JoinColumn{logicalColumnName='FK_GENERE', referencedColumn='', mappedBy=''}
2026-04-11 00:58:58.898 DEBUG [main] org.hibernate.cfg.Ejb3Column - Binding column: Ejb3JoinColumn{logicalColumnName='FK_FUMETTO', referencedColumn='', mappedBy=''}
2026-04-11 00:58:58.898 DEBUG [main] o.h.cfg.annotations.CollectionBinder - Collection role: com.dgsspa.comicverse.model.Genere.fumetti
2026-04-11 00:58:58.898 DEBUG [main] o.h.cfg.annotations.PropertyBinder - Building property fumetti
2026-04-11 00:58:58.900 DEBUG [main] org.hibernate.cfg.Ejb3Column - Binding column: Ejb3Column{table=org.hibernate.mapping.Table(GENERE), mappingColumn=nome, insertable=true, updatable=true, unique=false}
2026-04-11 00:58:58.900 DEBUG [main] o.h.cfg.annotations.PropertyBinder - MetadataSourceProcessor property nome with lazy=false
2026-04-11 00:58:58.900 DEBUG [main] o.h.cfg.AbstractPropertyHolder - Attempting to locate auto-apply AttributeConverter for property [com.dgsspa.comicverse.model.Genere:nome]
2026-04-11 00:58:58.900 DEBUG [main] o.h.c.annotations.SimpleValueBinder - building SimpleValue for nome
2026-04-11 00:58:58.900 DEBUG [main] o.h.cfg.annotations.PropertyBinder - Building property nome
2026-04-11 00:58:58.903 DEBUG [main] o.h.c.annotations.SimpleValueBinder - Starting fillSimpleValue for id
2026-04-11 00:58:58.903 DEBUG [main] o.h.c.annotations.SimpleValueBinder - Starting fillSimpleValue for dataPubblicazione
2026-04-11 00:58:58.903 DEBUG [main] o.h.c.annotations.SimpleValueBinder - Starting fillSimpleValue for descrizione
2026-04-11 00:58:58.903 DEBUG [main] o.h.c.annotations.SimpleValueBinder - Starting fillSimpleValue for editore
2026-04-11 00:58:58.903 DEBUG [main] o.h.c.annotations.SimpleValueBinder - Starting fillSimpleValue for titolo
2026-04-11 00:58:58.903 DEBUG [main] o.h.c.annotations.SimpleValueBinder - Starting fillSimpleValue for volume
2026-04-11 00:58:58.903 DEBUG [main] o.h.c.annotations.SimpleValueBinder - Starting fillSimpleValue for id
2026-04-11 00:58:58.903 DEBUG [main] o.h.c.annotations.SimpleValueBinder - Starting fillSimpleValue for nome
2026-04-11 00:58:58.908 DEBUG [main] org.hibernate.mapping.PrimaryKey - Forcing column [id_fumetto] to be non-null as it is part of the primary key for table [fumetto]
2026-04-11 00:58:58.908 DEBUG [main] org.hibernate.mapping.PrimaryKey - Forcing column [id_genere] to be non-null as it is part of the primary key for table [genere]
2026-04-11 00:58:58.908 DEBUG [main] o.hibernate.cfg.CollectionSecondPass - Second pass for collection: com.dgsspa.comicverse.model.Genere.fumetti
2026-04-11 00:58:58.908 DEBUG [main] o.h.cfg.annotations.CollectionBinder - Binding as ManyToMany: com.dgsspa.comicverse.model.Genere.fumetti
2026-04-11 00:58:58.924 DEBUG [main] o.hibernate.cfg.CollectionSecondPass - Mapped collection key: FK_GENERE, element: FK_FUMETTO
2026-04-11 00:58:58.924 DEBUG [main] o.hibernate.cfg.CollectionSecondPass - Second pass for collection: com.dgsspa.comicverse.model.Fumetto.generi
2026-04-11 00:58:58.926 DEBUG [main] o.h.cfg.annotations.CollectionBinder - Binding as ManyToMany: com.dgsspa.comicverse.model.Fumetto.generi
2026-04-11 00:58:58.926 DEBUG [main] o.h.cfg.annotations.TableBinder - Retrieving property com.dgsspa.comicverse.model.Genere.fumetti
2026-04-11 00:58:58.926 DEBUG [main] o.hibernate.cfg.CollectionSecondPass - Mapped collection key: FK_FUMETTO, element: FK_GENERE
2026-04-11 00:58:58.927 DEBUG [main] o.h.b.i.InFlightMetadataCollectorImpl - Resolving reference to class: com.dgsspa.comicverse.model.Fumetto
2026-04-11 00:58:58.931 DEBUG [main] o.h.b.i.InFlightMetadataCollectorImpl - Resolving reference to class: com.dgsspa.comicverse.model.Genere
2026-04-11 00:58:58.932 DEBUG [main] o.h.b.i.InFlightMetadataCollectorImpl - Resolving reference to class: com.dgsspa.comicverse.model.Fumetto
2026-04-11 00:58:58.934 DEBUG [main] o.h.b.i.InFlightMetadataCollectorImpl - Resolving reference to class: com.dgsspa.comicverse.model.Genere
2026-04-11 00:58:59.006 DEBUG [main] o.h.internal.SessionFactoryImpl - Building session factory
2026-04-11 00:58:59.007 DEBUG [main] org.hibernate.cfg.Settings - SessionFactory name : null
2026-04-11 00:58:59.007 DEBUG [main] org.hibernate.cfg.Settings - Automatic flush during beforeCompletion(): enabled
2026-04-11 00:58:59.009 DEBUG [main] org.hibernate.cfg.Settings - Automatic session close at end of transaction: disabled
2026-04-11 00:58:59.009 DEBUG [main] org.hibernate.cfg.Settings - Statistics: disabled
2026-04-11 00:58:59.009 DEBUG [main] org.hibernate.cfg.Settings - Deleted entity synthetic identifier rollback: disabled
2026-04-11 00:58:59.009 DEBUG [main] org.hibernate.cfg.Settings - Default entity-mode: pojo
2026-04-11 00:58:59.009 DEBUG [main] org.hibernate.cfg.Settings - Check Nullability in Core (should be disabled when Bean Validation is on): enabled
2026-04-11 00:58:59.009 DEBUG [main] org.hibernate.cfg.Settings - Allow initialization of lazy state outside session : disabled
2026-04-11 00:58:59.009 DEBUG [main] org.hibernate.cfg.Settings - Using BatchFetchStyle : LEGACY
2026-04-11 00:58:59.009 DEBUG [main] org.hibernate.cfg.Settings - Default batch fetch size: -1
2026-04-11 00:58:59.009 DEBUG [main] org.hibernate.cfg.Settings - Maximum outer join fetch depth: null
2026-04-11 00:58:59.009 DEBUG [main] org.hibernate.cfg.Settings - Default null ordering: NONE
2026-04-11 00:58:59.009 DEBUG [main] org.hibernate.cfg.Settings - Order SQL updates by primary key: disabled
2026-04-11 00:58:59.009 DEBUG [main] org.hibernate.cfg.Settings - Order SQL inserts for batching: disabled
2026-04-11 00:58:59.009 DEBUG [main] org.hibernate.cfg.Settings - multi-tenancy strategy : NONE
2026-04-11 00:58:59.009 DEBUG [main] org.hibernate.cfg.Settings - JTA Track by Thread: enabled
2026-04-11 00:58:59.009 DEBUG [main] org.hibernate.cfg.Settings - Query language substitutions: {}
2026-04-11 00:58:59.009 DEBUG [main] org.hibernate.cfg.Settings - Named query checking : enabled
2026-04-11 00:58:59.009 DEBUG [main] org.hibernate.cfg.Settings - Second-level cache: disabled
2026-04-11 00:58:59.009 DEBUG [main] org.hibernate.cfg.Settings - Second-level query cache: disabled
2026-04-11 00:58:59.009 DEBUG [main] org.hibernate.cfg.Settings - Second-level query cache factory: null
2026-04-11 00:58:59.009 DEBUG [main] org.hibernate.cfg.Settings - Second-level cache region prefix: null
2026-04-11 00:58:59.010 DEBUG [main] org.hibernate.cfg.Settings - Optimize second-level cache for minimal puts: disabled
2026-04-11 00:58:59.010 DEBUG [main] org.hibernate.cfg.Settings - Structured second-level cache entries: disabled
2026-04-11 00:58:59.010 DEBUG [main] org.hibernate.cfg.Settings - Second-level cache direct-reference entries: disabled
2026-04-11 00:58:59.010 DEBUG [main] org.hibernate.cfg.Settings - Automatic eviction of collection cache: disabled
2026-04-11 00:58:59.010 DEBUG [main] org.hibernate.cfg.Settings - JDBC batch size: 15
2026-04-11 00:58:59.011 DEBUG [main] org.hibernate.cfg.Settings - JDBC batch updates for versioned data: enabled
2026-04-11 00:58:59.011 DEBUG [main] org.hibernate.cfg.Settings - Scrollable result sets: enabled
2026-04-11 00:58:59.011 DEBUG [main] org.hibernate.cfg.Settings - Wrap result sets: disabled
2026-04-11 00:58:59.011 DEBUG [main] org.hibernate.cfg.Settings - JDBC3 getGeneratedKeys(): enabled
2026-04-11 00:58:59.011 DEBUG [main] org.hibernate.cfg.Settings - JDBC result set fetch size: null
2026-04-11 00:58:59.011 DEBUG [main] org.hibernate.cfg.Settings - Connection release mode: ON_CLOSE
2026-04-11 00:58:59.011 DEBUG [main] org.hibernate.cfg.Settings - Generate SQL with comments: disabled
2026-04-11 00:58:59.011 DEBUG [main] org.hibernate.cfg.Settings - JPA compliance - query : disabled
2026-04-11 00:58:59.012 DEBUG [main] org.hibernate.cfg.Settings - JPA compliance - closed-handling : disabled
2026-04-11 00:58:59.012 DEBUG [main] org.hibernate.cfg.Settings - JPA compliance - lists : disabled
2026-04-11 00:58:59.012 DEBUG [main] org.hibernate.cfg.Settings - JPA compliance - transactions : disabled
2026-04-11 00:58:59.111 DEBUG [main] o.h.s.i.SessionFactoryServiceRegistryImpl - EventListenerRegistry access via ServiceRegistry is deprecated.  Use `sessionFactory.getEventEngine().getListenerRegistry()` instead
2026-04-11 00:58:59.113 DEBUG [main] o.h.s.i.SessionFactoryServiceRegistryImpl - EventListenerRegistry access via ServiceRegistry is deprecated.  Use `sessionFactory.getEventEngine().getListenerRegistry()` instead
2026-04-11 00:58:59.146 DEBUG [main] o.h.internal.SessionFactoryImpl - Session factory constructed with filter configurations : {}
2026-04-11 00:58:59.146 DEBUG [main] o.h.internal.SessionFactoryImpl - Instantiating session factory with properties: {java.specification.version=17, sun.cpu.isalist=amd64, hibernate.resource.beans.container=org.springframework.orm.hibernate5.SpringBeanContainer@66863941, hibernate.connection.handling_mode=DELAYED_ACQUISITION_AND_HOLD, sun.jnu.encoding=Cp1252, hibernate.dialect=org.hibernate.dialect.Oracle12cDialect, java.class.path=C:\Users\alessio.deamicis\Documents\GitHub\comicVerse_dgsspa\comicVerse\BackEnd\comicverse\target\test-classes;C:\Users\alessio.deamicis\Documents\GitHub\comicVerse_dgsspa\comicVerse\BackEnd\comicverse\target\classes;C:\Users\alessio.deamicis\.m2\repository\org\springframework\boot\spring-boot-starter-web\2.7.18\spring-boot-starter-web-2.7.18.jar;C:\Users\alessio.deamicis\.m2\repository\org\springframework\boot\spring-boot-starter\2.7.18\spring-boot-starter-2.7.18.jar;C:\Users\alessio.deamicis\.m2\repository\org\springframework\boot\spring-boot-starter-logging\2.7.18\spring-boot-starter-logging-2.7.18.jar;C:\Users\alessio.deamicis\.m2\repository\ch\qos\logback\logback-classic\1.2.12\logback-classic-1.2.12.jar;C:\Users\alessio.deamicis\.m2\repository\ch\qos\logback\logback-core\1.2.12\logback-core-1.2.12.jar;C:\Users\alessio.deamicis\.m2\repository\org\apache\logging\log4j\log4j-to-slf4j\2.17.2\log4j-to-slf4j-2.17.2.jar;C:\Users\alessio.deamicis\.m2\repository\org\apache\logging\log4j\log4j-api\2.17.2\log4j-api-2.17.2.jar;C:\Users\alessio.deamicis\.m2\repository\org\slf4j\jul-to-slf4j\1.7.36\jul-to-slf4j-1.7.36.jar;C:\Users\alessio.deamicis\.m2\repository\jakarta\annotation\jakarta.annotation-api\1.3.5\jakarta.annotation-api-1.3.5.jar;C:\Users\alessio.deamicis\.m2\repository\org\yaml\snakeyaml\1.30\snakeyaml-1.30.jar;C:\Users\alessio.deamicis\.m2\repository\org\springframework\boot\spring-boot-starter-json\2.7.18\spring-boot-starter-json-2.7.18.jar;C:\Users\alessio.deamicis\.m2\repository\com\fasterxml\jackson\core\jackson-databind\2.13.5\jackson-databind-2.13.5.jar;C:\Users\alessio.deamicis\.m2\repository\com\fasterxml\jackson\core\jackson-annotations\2.13.5\jackson-annotations-2.13.5.jar;C:\Users\alessio.deamicis\.m2\repository\com\fasterxml\jackson\core\jackson-core\2.13.5\jackson-core-2.13.5.jar;C:\Users\alessio.deamicis\.m2\repository\com\fasterxml\jackson\datatype\jackson-datatype-jdk8\2.13.5\jackson-datatype-jdk8-2.13.5.jar;C:\Users\alessio.deamicis\.m2\repository\com\fasterxml\jackson\datatype\jackson-datatype-jsr310\2.13.5\jackson-datatype-jsr310-2.13.5.jar;C:\Users\alessio.deamicis\.m2\repository\com\fasterxml\jackson\module\jackson-module-parameter-names\2.13.5\jackson-module-parameter-names-2.13.5.jar;C:\Users\alessio.deamicis\.m2\repository\org\springframework\boot\spring-boot-starter-tomcat\2.7.18\spring-boot-starter-tomcat-2.7.18.jar;C:\Users\alessio.deamicis\.m2\repository\org\apache\tomcat\embed\tomcat-embed-core\9.0.83\tomcat-embed-core-9.0.83.jar;C:\Users\alessio.deamicis\.m2\repository\org\apache\tomcat\embed\tomcat-embed-websocket\9.0.83\tomcat-embed-websocket-9.0.83.jar;C:\Users\alessio.deamicis\.m2\repository\org\springframework\spring-web\5.3.31\spring-web-5.3.31.jar;C:\Users\alessio.deamicis\.m2\repository\org\springframework\spring-beans\5.3.31\spring-beans-5.3.31.jar;C:\Users\alessio.deamicis\.m2\repository\org\springframework\spring-webmvc\5.3.31\spring-webmvc-5.3.31.jar;C:\Users\alessio.deamicis\.m2\repository\org\springframework\spring-aop\5.3.31\spring-aop-5.3.31.jar;C:\Users\alessio.deamicis\.m2\repository\org\springframework\spring-context\5.3.31\spring-context-5.3.31.jar;C:\Users\alessio.deamicis\.m2\repository\org\springframework\spring-expression\5.3.31\spring-expression-5.3.31.jar;C:\Users\alessio.deamicis\.m2\repository\org\springframework\boot\spring-boot-starter-data-jpa\2.7.18\spring-boot-starter-data-jpa-2.7.18.jar;C:\Users\alessio.deamicis\.m2\repository\org\springframework\boot\spring-boot-starter-aop\2.7.18\spring-boot-starter-aop-2.7.18.jar;C:\Users\alessio.deamicis\.m2\repository\org\aspectj\aspectjweaver\1.9.7\aspectjweaver-1.9.7.jar;C:\Users\alessio.deamicis\.m2\repository\org\springframework\boot\spring-boot-starter-jdbc\2.7.18\spring-boot-starter-jdbc-2.7.18.jar;C:\Users\alessio.deamicis\.m2\repository\com\zaxxer\HikariCP\4.0.3\HikariCP-4.0.3.jar;C:\Users\alessio.deamicis\.m2\repository\org\springframework\spring-jdbc\5.3.31\spring-jdbc-5.3.31.jar;C:\Users\alessio.deamicis\.m2\repository\jakarta\transaction\jakarta.transaction-api\1.3.3\jakarta.transaction-api-1.3.3.jar;C:\Users\alessio.deamicis\.m2\repository\jakarta\persistence\jakarta.persistence-api\2.2.3\jakarta.persistence-api-2.2.3.jar;C:\Users\alessio.deamicis\.m2\repository\org\hibernate\hibernate-core\5.6.15.Final\hibernate-core-5.6.15.Final.jar;C:\Users\alessio.deamicis\.m2\repository\org\jboss\logging\jboss-logging\3.4.3.Final\jboss-logging-3.4.3.Final.jar;C:\Users\alessio.deamicis\.m2\repository\net\bytebuddy\byte-buddy\1.12.23\byte-buddy-1.12.23.jar;C:\Users\alessio.deamicis\.m2\repository\antlr\antlr\2.7.7\antlr-2.7.7.jar;C:\Users\alessio.deamicis\.m2\repository\org\jboss\jandex\2.4.2.Final\jandex-2.4.2.Final.jar;C:\Users\alessio.deamicis\.m2\repository\com\fasterxml\classmate\1.5.1\classmate-1.5.1.jar;C:\Users\alessio.deamicis\.m2\repository\org\hibernate\common\hibernate-commons-annotations\5.1.2.Final\hibernate-commons-annotations-5.1.2.Final.jar;C:\Users\alessio.deamicis\.m2\repository\org\glassfish\jaxb\jaxb-runtime\2.3.9\jaxb-runtime-2.3.9.jar;C:\Users\alessio.deamicis\.m2\repository\org\glassfish\jaxb\txw2\2.3.9\txw2-2.3.9.jar;C:\Users\alessio.deamicis\.m2\repository\com\sun\istack\istack-commons-runtime\3.0.12\istack-commons-runtime-3.0.12.jar;C:\Users\alessio.deamicis\.m2\repository\com\sun\activation\jakarta.activation\1.2.2\jakarta.activation-1.2.2.jar;C:\Users\alessio.deamicis\.m2\repository\org\springframework\data\spring-data-jpa\2.7.18\spring-data-jpa-2.7.18.jar;C:\Users\alessio.deamicis\.m2\repository\org\springframework\data\spring-data-commons\2.7.18\spring-data-commons-2.7.18.jar;C:\Users\alessio.deamicis\.m2\repository\org\springframework\spring-orm\5.3.31\spring-orm-5.3.31.jar;C:\Users\alessio.deamicis\.m2\repository\org\springframework\spring-tx\5.3.31\spring-tx-5.3.31.jar;C:\Users\alessio.deamicis\.m2\repository\org\slf4j\slf4j-api\1.7.36\slf4j-api-1.7.36.jar;C:\Users\alessio.deamicis\.m2\repository\org\springframework\spring-aspects\5.3.31\spring-aspects-5.3.31.jar;C:\Users\alessio.deamicis\.m2\repository\org\springframework\boot\spring-boot-starter-validation\2.7.18\spring-boot-starter-validation-2.7.18.jar;C:\Users\alessio.deamicis\.m2\repository\org\apache\tomcat\embed\tomcat-embed-el\9.0.83\tomcat-embed-el-9.0.83.jar;C:\Users\alessio.deamicis\.m2\repository\org\hibernate\validator\hibernate-validator\6.2.5.Final\hibernate-validator-6.2.5.Final.jar;C:\Users\alessio.deamicis\.m2\repository\jakarta\validation\jakarta.validation-api\2.0.2\jakarta.validation-api-2.0.2.jar;C:\Users\alessio.deamicis\.m2\repository\org\springframework\boot\spring-boot-starter-actuator\2.7.18\spring-boot-starter-actuator-2.7.18.jar;C:\Users\alessio.deamicis\.m2\repository\org\springframework\boot\spring-boot-actuator-autoconfigure\2.7.18\spring-boot-actuator-autoconfigure-2.7.18.jar;C:\Users\alessio.deamicis\.m2\repository\org\springframework\boot\spring-boot-actuator\2.7.18\spring-boot-actuator-2.7.18.jar;C:\Users\alessio.deamicis\.m2\repository\io\micrometer\micrometer-core\1.9.17\micrometer-core-1.9.17.jar;C:\Users\alessio.deamicis\.m2\repository\org\hdrhistogram\HdrHistogram\2.1.12\HdrHistogram-2.1.12.jar;C:\Users\alessio.deamicis\.m2\repository\org\latencyutils\LatencyUtils\2.0.3\LatencyUtils-2.0.3.jar;C:\Users\alessio.deamicis\.m2\repository\com\oracle\database\jdbc\ojdbc8\21.5.0.0\ojdbc8-21.5.0.0.jar;C:\Users\alessio.deamicis\.m2\repository\org\mapstruct\mapstruct\1.5.5.Final\mapstruct-1.5.5.Final.jar;C:\Users\alessio.deamicis\.m2\repository\org\springframework\boot\spring-boot-devtools\2.7.18\spring-boot-devtools-2.7.18.jar;C:\Users\alessio.deamicis\.m2\repository\org\springframework\boot\spring-boot\2.7.18\spring-boot-2.7.18.jar;C:\Users\alessio.deamicis\.m2\repository\org\springframework\boot\spring-boot-autoconfigure\2.7.18\spring-boot-autoconfigure-2.7.18.jar;C:\Users\alessio.deamicis\.m2\repository\org\springframework\boot\spring-boot-starter-test\2.7.18\spring-boot-starter-test-2.7.18.jar;C:\Users\alessio.deamicis\.m2\repository\org\springframework\boot\spring-boot-test\2.7.18\spring-boot-test-2.7.18.jar;C:\Users\alessio.deamicis\.m2\repository\org\springframework\boot\spring-boot-test-autoconfigure\2.7.18\spring-boot-test-autoconfigure-2.7.18.jar;C:\Users\alessio.deamicis\.m2\repository\com\jayway\jsonpath\json-path\2.7.0\json-path-2.7.0.jar;C:\Users\alessio.deamicis\.m2\repository\net\minidev\json-smart\2.4.11\json-smart-2.4.11.jar;C:\Users\alessio.deamicis\.m2\repository\net\minidev\accessors-smart\2.4.11\accessors-smart-2.4.11.jar;C:\Users\alessio.deamicis\.m2\repository\org\ow2\asm\asm\9.3\asm-9.3.jar;C:\Users\alessio.deamicis\.m2\repository\jakarta\xml\bind\jakarta.xml.bind-api\2.3.3\jakarta.xml.bind-api-2.3.3.jar;C:\Users\alessio.deamicis\.m2\repository\jakarta\activation\jakarta.activation-api\1.2.2\jakarta.activation-api-1.2.2.jar;C:\Users\alessio.deamicis\.m2\repository\org\assertj\assertj-core\3.22.0\assertj-core-3.22.0.jar;C:\Users\alessio.deamicis\.m2\repository\org\hamcrest\hamcrest\2.2\hamcrest-2.2.jar;C:\Users\alessio.deamicis\.m2\repository\org\junit\jupiter\junit-jupiter\5.8.2\junit-jupiter-5.8.2.jar;C:\Users\alessio.deamicis\.m2\repository\org\junit\jupiter\junit-jupiter-api\5.8.2\junit-jupiter-api-5.8.2.jar;C:\Users\alessio.deamicis\.m2\repository\org\opentest4j\opentest4j\1.2.0\opentest4j-1.2.0.jar;C:\Users\alessio.deamicis\.m2\repository\org\junit\platform\junit-platform-commons\1.8.2\junit-platform-commons-1.8.2.jar;C:\Users\alessio.deamicis\.m2\repository\org\apiguardian\apiguardian-api\1.1.2\apiguardian-api-1.1.2.jar;C:\Users\alessio.deamicis\.m2\repository\org\junit\jupiter\junit-jupiter-params\5.8.2\junit-jupiter-params-5.8.2.jar;C:\Users\alessio.deamicis\.m2\repository\org\junit\jupiter\junit-jupiter-engine\5.8.2\junit-jupiter-engine-5.8.2.jar;C:\Users\alessio.deamicis\.m2\repository\org\junit\platform\junit-platform-engine\1.8.2\junit-platform-engine-1.8.2.jar;C:\Users\alessio.deamicis\.m2\repository\org\mockito\mockito-core\4.5.1\mockito-core-4.5.1.jar;C:\Users\alessio.deamicis\.m2\repository\net\bytebuddy\byte-buddy-agent\1.12.23\byte-buddy-agent-1.12.23.jar;C:\Users\alessio.deamicis\.m2\repository\org\objenesis\objenesis\3.2\objenesis-3.2.jar;C:\Users\alessio.deamicis\.m2\repository\org\mockito\mockito-junit-jupiter\4.5.1\mockito-junit-jupiter-4.5.1.jar;C:\Users\alessio.deamicis\.m2\repository\org\skyscreamer\jsonassert\1.5.1\jsonassert-1.5.1.jar;C:\Users\alessio.deamicis\.m2\repository\com\vaadin\external\google\android-json\0.0.20131108.vaadin1\android-json-0.0.20131108.vaadin1.jar;C:\Users\alessio.deamicis\.m2\repository\org\springframework\spring-core\5.3.31\spring-core-5.3.31.jar;C:\Users\alessio.deamicis\.m2\repository\org\springframework\spring-jcl\5.3.31\spring-jcl-5.3.31.jar;C:\Users\alessio.deamicis\.m2\repository\org\springframework\spring-test\5.3.31\spring-test-5.3.31.jar;C:\Users\alessio.deamicis\.m2\repository\org\xmlunit\xmlunit-core\2.9.1\xmlunit-core-2.9.1.jar;, java.vm.vendor=Oracle Corporation, sun.arch.data.model=64, user.variant=, java.vendor.url=https://java.oracle.com/, user.timezone=Europe/Rome, java.vm.specification.version=17, os.name=Windows 11, sun.java.launcher=SUN_STANDARD, user.country=IT, sun.boot.library.path=C:\Program Files\Java\jdk-17\bin, sun.java.command=C:\Users\ALESSI~1.DEA\AppData\Local\Temp\surefire16508981363083214369\surefirebooter8498627507088823850.jar C:\Users\alessio.deamicis\AppData\Local\Temp\surefire16508981363083214369 2026-04-11T00-58-48_390-jvmRun1 surefire17095471768260433273tmp surefire_05073150504788707870tmp, jdk.debug=release, surefire.test.class.path=C:\Users\alessio.deamicis\Documents\GitHub\comicVerse_dgsspa\comicVerse\BackEnd\comicverse\target\test-classes;C:\Users\alessio.deamicis\Documents\GitHub\comicVerse_dgsspa\comicVerse\BackEnd\comicverse\target\classes;C:\Users\alessio.deamicis\.m2\repository\org\springframework\boot\spring-boot-starter-web\2.7.18\spring-boot-starter-web-2.7.18.jar;C:\Users\alessio.deamicis\.m2\repository\org\springframework\boot\spring-boot-starter\2.7.18\spring-boot-starter-2.7.18.jar;C:\Users\alessio.deamicis\.m2\repository\org\springframework\boot\spring-boot-starter-logging\2.7.18\spring-boot-starter-logging-2.7.18.jar;C:\Users\alessio.deamicis\.m2\repository\ch\qos\logback\logback-classic\1.2.12\logback-classic-1.2.12.jar;C:\Users\alessio.deamicis\.m2\repository\ch\qos\logback\logback-core\1.2.12\logback-core-1.2.12.jar;C:\Users\alessio.deamicis\.m2\repository\org\apache\logging\log4j\log4j-to-slf4j\2.17.2\log4j-to-slf4j-2.17.2.jar;C:\Users\alessio.deamicis\.m2\repository\org\apache\logging\log4j\log4j-api\2.17.2\log4j-api-2.17.2.jar;C:\Users\alessio.deamicis\.m2\repository\org\slf4j\jul-to-slf4j\1.7.36\jul-to-slf4j-1.7.36.jar;C:\Users\alessio.deamicis\.m2\repository\jakarta\annotation\jakarta.annotation-api\1.3.5\jakarta.annotation-api-1.3.5.jar;C:\Users\alessio.deamicis\.m2\repository\org\yaml\snakeyaml\1.30\snakeyaml-1.30.jar;C:\Users\alessio.deamicis\.m2\repository\org\springframework\boot\spring-boot-starter-json\2.7.18\spring-boot-starter-json-2.7.18.jar;C:\Users\alessio.deamicis\.m2\repository\com\fasterxml\jackson\core\jackson-databind\2.13.5\jackson-databind-2.13.5.jar;C:\Users\alessio.deamicis\.m2\repository\com\fasterxml\jackson\core\jackson-annotations\2.13.5\jackson-annotations-2.13.5.jar;C:\Users\alessio.deamicis\.m2\repository\com\fasterxml\jackson\core\jackson-core\2.13.5\jackson-core-2.13.5.jar;C:\Users\alessio.deamicis\.m2\repository\com\fasterxml\jackson\datatype\jackson-datatype-jdk8\2.13.5\jackson-datatype-jdk8-2.13.5.jar;C:\Users\alessio.deamicis\.m2\repository\com\fasterxml\jackson\datatype\jackson-datatype-jsr310\2.13.5\jackson-datatype-jsr310-2.13.5.jar;C:\Users\alessio.deamicis\.m2\repository\com\fasterxml\jackson\module\jackson-module-parameter-names\2.13.5\jackson-module-parameter-names-2.13.5.jar;C:\Users\alessio.deamicis\.m2\repository\org\springframework\boot\spring-boot-starter-tomcat\2.7.18\spring-boot-starter-tomcat-2.7.18.jar;C:\Users\alessio.deamicis\.m2\repository\org\apache\tomcat\embed\tomcat-embed-core\9.0.83\tomcat-embed-core-9.0.83.jar;C:\Users\alessio.deamicis\.m2\repository\org\apache\tomcat\embed\tomcat-embed-websocket\9.0.83\tomcat-embed-websocket-9.0.83.jar;C:\Users\alessio.deamicis\.m2\repository\org\springframework\spring-web\5.3.31\spring-web-5.3.31.jar;C:\Users\alessio.deamicis\.m2\repository\org\springframework\spring-beans\5.3.31\spring-beans-5.3.31.jar;C:\Users\alessio.deamicis\.m2\repository\org\springframework\spring-webmvc\5.3.31\spring-webmvc-5.3.31.jar;C:\Users\alessio.deamicis\.m2\repository\org\springframework\spring-aop\5.3.31\spring-aop-5.3.31.jar;C:\Users\alessio.deamicis\.m2\repository\org\springframework\spring-context\5.3.31\spring-context-5.3.31.jar;C:\Users\alessio.deamicis\.m2\repository\org\springframework\spring-expression\5.3.31\spring-expression-5.3.31.jar;C:\Users\alessio.deamicis\.m2\repository\org\springframework\boot\spring-boot-starter-data-jpa\2.7.18\spring-boot-starter-data-jpa-2.7.18.jar;C:\Users\alessio.deamicis\.m2\repository\org\springframework\boot\spring-boot-starter-aop\2.7.18\spring-boot-starter-aop-2.7.18.jar;C:\Users\alessio.deamicis\.m2\repository\org\aspectj\aspectjweaver\1.9.7\aspectjweaver-1.9.7.jar;C:\Users\alessio.deamicis\.m2\repository\org\springframework\boot\spring-boot-starter-jdbc\2.7.18\spring-boot-starter-jdbc-2.7.18.jar;C:\Users\alessio.deamicis\.m2\repository\com\zaxxer\HikariCP\4.0.3\HikariCP-4.0.3.jar;C:\Users\alessio.deamicis\.m2\repository\org\springframework\spring-jdbc\5.3.31\spring-jdbc-5.3.31.jar;C:\Users\alessio.deamicis\.m2\repository\jakarta\transaction\jakarta.transaction-api\1.3.3\jakarta.transaction-api-1.3.3.jar;C:\Users\alessio.deamicis\.m2\repository\jakarta\persistence\jakarta.persistence-api\2.2.3\jakarta.persistence-api-2.2.3.jar;C:\Users\alessio.deamicis\.m2\repository\org\hibernate\hibernate-core\5.6.15.Final\hibernate-core-5.6.15.Final.jar;C:\Users\alessio.deamicis\.m2\repository\org\jboss\logging\jboss-logging\3.4.3.Final\jboss-logging-3.4.3.Final.jar;C:\Users\alessio.deamicis\.m2\repository\net\bytebuddy\byte-buddy\1.12.23\byte-buddy-1.12.23.jar;C:\Users\alessio.deamicis\.m2\repository\antlr\antlr\2.7.7\antlr-2.7.7.jar;C:\Users\alessio.deamicis\.m2\repository\org\jboss\jandex\2.4.2.Final\jandex-2.4.2.Final.jar;C:\Users\alessio.deamicis\.m2\repository\com\fasterxml\classmate\1.5.1\classmate-1.5.1.jar;C:\Users\alessio.deamicis\.m2\repository\org\hibernate\common\hibernate-commons-annotations\5.1.2.Final\hibernate-commons-annotations-5.1.2.Final.jar;C:\Users\alessio.deamicis\.m2\repository\org\glassfish\jaxb\jaxb-runtime\2.3.9\jaxb-runtime-2.3.9.jar;C:\Users\alessio.deamicis\.m2\repository\org\glassfish\jaxb\txw2\2.3.9\txw2-2.3.9.jar;C:\Users\alessio.deamicis\.m2\repository\com\sun\istack\istack-commons-runtime\3.0.12\istack-commons-runtime-3.0.12.jar;C:\Users\alessio.deamicis\.m2\repository\com\sun\activation\jakarta.activation\1.2.2\jakarta.activation-1.2.2.jar;C:\Users\alessio.deamicis\.m2\repository\org\springframework\data\spring-data-jpa\2.7.18\spring-data-jpa-2.7.18.jar;C:\Users\alessio.deamicis\.m2\repository\org\springframework\data\spring-data-commons\2.7.18\spring-data-commons-2.7.18.jar;C:\Users\alessio.deamicis\.m2\repository\org\springframework\spring-orm\5.3.31\spring-orm-5.3.31.jar;C:\Users\alessio.deamicis\.m2\repository\org\springframework\spring-tx\5.3.31\spring-tx-5.3.31.jar;C:\Users\alessio.deamicis\.m2\repository\org\slf4j\slf4j-api\1.7.36\slf4j-api-1.7.36.jar;C:\Users\alessio.deamicis\.m2\repository\org\springframework\spring-aspects\5.3.31\spring-aspects-5.3.31.jar;C:\Users\alessio.deamicis\.m2\repository\org\springframework\boot\spring-boot-starter-validation\2.7.18\spring-boot-starter-validation-2.7.18.jar;C:\Users\alessio.deamicis\.m2\repository\org\apache\tomcat\embed\tomcat-embed-el\9.0.83\tomcat-embed-el-9.0.83.jar;C:\Users\alessio.deamicis\.m2\repository\org\hibernate\validator\hibernate-validator\6.2.5.Final\hibernate-validator-6.2.5.Final.jar;C:\Users\alessio.deamicis\.m2\repository\jakarta\validation\jakarta.validation-api\2.0.2\jakarta.validation-api-2.0.2.jar;C:\Users\alessio.deamicis\.m2\repository\org\springframework\boot\spring-boot-starter-actuator\2.7.18\spring-boot-starter-actuator-2.7.18.jar;C:\Users\alessio.deamicis\.m2\repository\org\springframework\boot\spring-boot-actuator-autoconfigure\2.7.18\spring-boot-actuator-autoconfigure-2.7.18.jar;C:\Users\alessio.deamicis\.m2\repository\org\springframework\boot\spring-boot-actuator\2.7.18\spring-boot-actuator-2.7.18.jar;C:\Users\alessio.deamicis\.m2\repository\io\micrometer\micrometer-core\1.9.17\micrometer-core-1.9.17.jar;C:\Users\alessio.deamicis\.m2\repository\org\hdrhistogram\HdrHistogram\2.1.12\HdrHistogram-2.1.12.jar;C:\Users\alessio.deamicis\.m2\repository\org\latencyutils\LatencyUtils\2.0.3\LatencyUtils-2.0.3.jar;C:\Users\alessio.deamicis\.m2\repository\com\oracle\database\jdbc\ojdbc8\21.5.0.0\ojdbc8-21.5.0.0.jar;C:\Users\alessio.deamicis\.m2\repository\org\mapstruct\mapstruct\1.5.5.Final\mapstruct-1.5.5.Final.jar;C:\Users\alessio.deamicis\.m2\repository\org\springframework\boot\spring-boot-devtools\2.7.18\spring-boot-devtools-2.7.18.jar;C:\Users\alessio.deamicis\.m2\repository\org\springframework\boot\spring-boot\2.7.18\spring-boot-2.7.18.jar;C:\Users\alessio.deamicis\.m2\repository\org\springframework\boot\spring-boot-autoconfigure\2.7.18\spring-boot-autoconfigure-2.7.18.jar;C:\Users\alessio.deamicis\.m2\repository\org\springframework\boot\spring-boot-starter-test\2.7.18\spring-boot-starter-test-2.7.18.jar;C:\Users\alessio.deamicis\.m2\repository\org\springframework\boot\spring-boot-test\2.7.18\spring-boot-test-2.7.18.jar;C:\Users\alessio.deamicis\.m2\repository\org\springframework\boot\spring-boot-test-autoconfigure\2.7.18\spring-boot-test-autoconfigure-2.7.18.jar;C:\Users\alessio.deamicis\.m2\repository\com\jayway\jsonpath\json-path\2.7.0\json-path-2.7.0.jar;C:\Users\alessio.deamicis\.m2\repository\net\minidev\json-smart\2.4.11\json-smart-2.4.11.jar;C:\Users\alessio.deamicis\.m2\repository\net\minidev\accessors-smart\2.4.11\accessors-smart-2.4.11.jar;C:\Users\alessio.deamicis\.m2\repository\org\ow2\asm\asm\9.3\asm-9.3.jar;C:\Users\alessio.deamicis\.m2\repository\jakarta\xml\bind\jakarta.xml.bind-api\2.3.3\jakarta.xml.bind-api-2.3.3.jar;C:\Users\alessio.deamicis\.m2\repository\jakarta\activation\jakarta.activation-api\1.2.2\jakarta.activation-api-1.2.2.jar;C:\Users\alessio.deamicis\.m2\repository\org\assertj\assertj-core\3.22.0\assertj-core-3.22.0.jar;C:\Users\alessio.deamicis\.m2\repository\org\hamcrest\hamcrest\2.2\hamcrest-2.2.jar;C:\Users\alessio.deamicis\.m2\repository\org\junit\jupiter\junit-jupiter\5.8.2\junit-jupiter-5.8.2.jar;C:\Users\alessio.deamicis\.m2\repository\org\junit\jupiter\junit-jupiter-api\5.8.2\junit-jupiter-api-5.8.2.jar;C:\Users\alessio.deamicis\.m2\repository\org\opentest4j\opentest4j\1.2.0\opentest4j-1.2.0.jar;C:\Users\alessio.deamicis\.m2\repository\org\junit\platform\junit-platform-commons\1.8.2\junit-platform-commons-1.8.2.jar;C:\Users\alessio.deamicis\.m2\repository\org\apiguardian\apiguardian-api\1.1.2\apiguardian-api-1.1.2.jar;C:\Users\alessio.deamicis\.m2\repository\org\junit\jupiter\junit-jupiter-params\5.8.2\junit-jupiter-params-5.8.2.jar;C:\Users\alessio.deamicis\.m2\repository\org\junit\jupiter\junit-jupiter-engine\5.8.2\junit-jupiter-engine-5.8.2.jar;C:\Users\alessio.deamicis\.m2\repository\org\junit\platform\junit-platform-engine\1.8.2\junit-platform-engine-1.8.2.jar;C:\Users\alessio.deamicis\.m2\repository\org\mockito\mockito-core\4.5.1\mockito-core-4.5.1.jar;C:\Users\alessio.deamicis\.m2\repository\net\bytebuddy\byte-buddy-agent\1.12.23\byte-buddy-agent-1.12.23.jar;C:\Users\alessio.deamicis\.m2\repository\org\objenesis\objenesis\3.2\objenesis-3.2.jar;C:\Users\alessio.deamicis\.m2\repository\org\mockito\mockito-junit-jupiter\4.5.1\mockito-junit-jupiter-4.5.1.jar;C:\Users\alessio.deamicis\.m2\repository\org\skyscreamer\jsonassert\1.5.1\jsonassert-1.5.1.jar;C:\Users\alessio.deamicis\.m2\repository\com\vaadin\external\google\android-json\0.0.20131108.vaadin1\android-json-0.0.20131108.vaadin1.jar;C:\Users\alessio.deamicis\.m2\repository\org\springframework\spring-core\5.3.31\spring-core-5.3.31.jar;C:\Users\alessio.deamicis\.m2\repository\org\springframework\spring-jcl\5.3.31\spring-jcl-5.3.31.jar;C:\Users\alessio.deamicis\.m2\repository\org\springframework\spring-test\5.3.31\spring-test-5.3.31.jar;C:\Users\alessio.deamicis\.m2\repository\org\xmlunit\xmlunit-core\2.9.1\xmlunit-core-2.9.1.jar;, sun.cpu.endian=little, user.home=C:\Users\alessio.deamicis, user.language=it, java.specification.vendor=Oracle Corporation, java.version.date=2024-07-16, java.home=C:\Program Files\Java\jdk-17, file.separator=\, basedir=C:\Users\alessio.deamicis\Documents\GitHub\comicVerse_dgsspa\comicVerse\BackEnd\comicverse, style.color=always, java.vm.compressedOopsMode=Zero based, line.separator=
, java.vm.specification.vendor=Oracle Corporation, java.specification.name=Java Platform API Specification, FILE_LOG_CHARSET=windows-1252, java.awt.headless=true, surefire.real.class.path=C:\Users\ALESSI~1.DEA\AppData\Local\Temp\surefire16508981363083214369\surefirebooter8498627507088823850.jar, hibernate.hbm2ddl.auto=validate, user.script=, sun.management.compiler=HotSpot 64-Bit Tiered Compilers, java.runtime.version=17.0.12+8-LTS-286, user.name=alessio.deamicis, path.separator=;, os.version=10.0, java.runtime.name=Java(TM) SE Runtime Environment, file.encoding=Cp1252, spring.beaninfo.ignore=true, java.vm.name=Java HotSpot(TM) 64-Bit Server VM, hibernate.show_sql=true, hibernate.classLoaders=[jdk.internal.loader.ClassLoaders$AppClassLoader@73d16e93], hibernate.current_session_context_class=org.springframework.orm.hibernate5.SpringSessionContext, maven.ext.class.path=C:\Program Files\JetBrains\IntelliJ IDEA Community Edition 2025.2.5\plugins\maven\lib\maven-event-listener.jar, LOG_FILE=C:\Users\alessio.deamicis/comicverse-logs/dev/comicverse-dev.log, localRepository=C:\Users\alessio.deamicis\.m2\repository, java.vendor.url.bug=https://bugreport.java.com/bugreport/, java.io.tmpdir=C:\Users\ALESSI~1.DEA\AppData\Local\Temp\, idea.version=2025.2.5, java.version=17.0.12, user.dir=C:\Users\alessio.deamicis\Documents\GitHub\comicVerse_dgsspa\comicVerse\BackEnd\comicverse, os.arch=amd64, jansi.passthrough=true, java.vm.specification.name=Java Virtual Machine Specification, PID=12228, sun.os.patch.level=, CONSOLE_LOG_CHARSET=windows-1252, hibernate.boot.CfgXmlAccessService.key=org.hibernate.boot.cfgxml.spi.LoadedConfig@39f4a7c4, native.encoding=Cp1252, java.library.path=C:\Program Files\Java\jdk-17\bin;C:\WINDOWS\Sun\Java\bin;C:\WINDOWS\system32;C:\WINDOWS;C:\Program Files\Common Files\Oracle\Java\javapath;C:\WINDOWS\system32;C:\WINDOWS;C:\WINDOWS\System32\Wbem;C:\WINDOWS\System32\WindowsPowerShell\v1.0\;C:\WINDOWS\System32\OpenSSH\;C:\Program Files\Docker\Docker\resources\bin;C:\Program Files\nodejs\;C:\Users\alessio.deamicis\apache-maven-3.9.11\bin;C:\Users\alessio.deamicis\AppData\Local\Microsoft\WindowsApps;C:\Users\alessio.deamicis\AppData\Local\Programs\Microsoft VS Code\bin;C:\Users\alessio.deamicis\AppData\Local\GitHubDesktop\bin;C:\Users\alessio.deamicis\AppData\Roaming\npm;C:\Users\alessio.deamicis\AppData\Local\Programs\Git\cmd;., java.vendor=Oracle Corporation, java.vm.info=mixed mode, sharing, java.vm.version=17.0.12+8-LTS-286, hibernate.bytecode.use_reflection_optimizer=false, sun.io.unicode.encoding=UnicodeLittle, hibernate.connection.datasource=org.springframework.jdbc.datasource.DriverManagerDataSource@5426cb36, maven.repo.local=C:\Users\alessio.deamicis\.m2\repository, java.class.version=61.0}
2026-04-11 00:58:59.184 DEBUG [main] o.h.v.i.x.config.ValidationXmlParser - Trying to load META-INF/validation.xml for XML based Validator configuration.
2026-04-11 00:58:59.184 DEBUG [main] o.h.v.i.x.c.ResourceLoaderHelper - Trying to load META-INF/validation.xml via TCCL
2026-04-11 00:58:59.184 DEBUG [main] o.h.v.i.x.c.ResourceLoaderHelper - Trying to load META-INF/validation.xml via Hibernate Validator's class loader
2026-04-11 00:58:59.186 DEBUG [main] o.h.v.i.x.config.ValidationXmlParser - No META-INF/validation.xml found. Using annotation based configuration only.
2026-04-11 00:58:59.187 DEBUG [main] o.h.v.i.e.r.TraversableResolvers - Found javax.persistence.Persistence on classpath containing 'getPersistenceUtil'. Assuming JPA 2 environment. Trying to instantiate JPA aware TraversableResolver
2026-04-11 00:58:59.187 DEBUG [main] o.h.v.i.e.r.TraversableResolvers - Instantiated JPA aware TraversableResolver of type org.hibernate.validator.internal.engine.resolver.JPATraversableResolver.
2026-04-11 00:58:59.187 DEBUG [main] o.h.v.m.ResourceBundleMessageInterpolator - Loaded expression factory via original TCCL
2026-04-11 00:58:59.189 DEBUG [main] o.h.v.i.e.ValidatorFactoryConfigurationHelper - HV000252: Using org.hibernate.validator.internal.engine.DefaultPropertyNodeNameProvider as property node name provider.
2026-04-11 00:58:59.190 DEBUG [main] o.h.v.i.e.ValidatorFactoryConfigurationHelper - HV000234: Using org.hibernate.validator.messageinterpolation.ResourceBundleMessageInterpolator as ValidatorFactory-scoped message interpolator.
2026-04-11 00:58:59.190 DEBUG [main] o.h.v.i.e.ValidatorFactoryConfigurationHelper - HV000234: Using org.hibernate.validator.internal.engine.resolver.JPATraversableResolver as ValidatorFactory-scoped traversable resolver.
2026-04-11 00:58:59.190 DEBUG [main] o.h.v.i.e.ValidatorFactoryConfigurationHelper - HV000234: Using org.hibernate.validator.internal.util.ExecutableParameterNameProvider as ValidatorFactory-scoped parameter name provider.
2026-04-11 00:58:59.190 DEBUG [main] o.h.v.i.e.ValidatorFactoryConfigurationHelper - HV000234: Using org.hibernate.validator.internal.engine.DefaultClockProvider as ValidatorFactory-scoped clock provider.
2026-04-11 00:58:59.190 DEBUG [main] o.h.v.i.e.ValidatorFactoryConfigurationHelper - HV000234: Using org.hibernate.validator.internal.engine.scripting.DefaultScriptEvaluatorFactory as ValidatorFactory-scoped script evaluator factory.
2026-04-11 00:58:59.194 DEBUG [main] o.h.b.internal.ClassLoaderAccessImpl - Not known whether passed class name [com.dgsspa.comicverse.model.Fumetto] is safe
2026-04-11 00:58:59.194 DEBUG [main] o.h.b.internal.ClassLoaderAccessImpl - No temp ClassLoader provided; using live ClassLoader for loading potentially unsafe class : com.dgsspa.comicverse.model.Fumetto
2026-04-11 00:58:59.239 DEBUG [main] o.h.b.internal.ClassLoaderAccessImpl - Not known whether passed class name [com.dgsspa.comicverse.model.Genere] is safe
2026-04-11 00:58:59.239 DEBUG [main] o.h.b.internal.ClassLoaderAccessImpl - No temp ClassLoader provided; using live ClassLoader for loading potentially unsafe class : com.dgsspa.comicverse.model.Genere
2026-04-11 00:58:59.243 DEBUG [main] o.h.s.i.SessionFactoryServiceRegistryImpl - EventListenerRegistry access via ServiceRegistry is deprecated.  Use `sessionFactory.getEventEngine().getListenerRegistry()` instead
2026-04-11 00:58:59.243 DEBUG [main] o.h.secure.spi.JaccIntegrator - Skipping JACC integration as it was not enabled
2026-04-11 00:58:59.245 DEBUG [main] o.h.internal.SessionFactoryImpl - Instantiated session factory
2026-04-11 00:58:59.245 DEBUG [main] o.h.type.spi.TypeConfiguration$Scope - Scoping TypeConfiguration [org.hibernate.type.spi.TypeConfiguration@6aa6c17] to SessionFactoryImpl [org.hibernate.internal.SessionFactoryImpl@35af52dc]
2026-04-11 00:58:59.403 DEBUG [main] o.h.b.internal.ClassLoaderAccessImpl - Not known whether passed class name [com.dgsspa.comicverse.model.Fumetto] is safe
2026-04-11 00:58:59.403 DEBUG [main] o.h.b.internal.ClassLoaderAccessImpl - No temp ClassLoader provided; using live ClassLoader for loading potentially unsafe class : com.dgsspa.comicverse.model.Fumetto
2026-04-11 00:58:59.780 DEBUG [main] o.h.b.internal.ClassLoaderAccessImpl - Not known whether passed class name [com.dgsspa.comicverse.model.Genere] is safe
2026-04-11 00:58:59.780 DEBUG [main] o.h.b.internal.ClassLoaderAccessImpl - No temp ClassLoader provided; using live ClassLoader for loading potentially unsafe class : com.dgsspa.comicverse.model.Genere
2026-04-11 00:58:59.813 DEBUG [main] o.h.p.c.AbstractCollectionPersister - Static SQL for collection: com.dgsspa.comicverse.model.Fumetto.generi
2026-04-11 00:58:59.813 DEBUG [main] o.h.p.c.AbstractCollectionPersister -  Row insert: insert into GENERE_FUMETTO (FK_FUMETTO, FK_GENERE) values (?, ?)
2026-04-11 00:58:59.813 DEBUG [main] o.h.p.c.AbstractCollectionPersister -  Row update: update GENERE_FUMETTO set FK_GENERE=? where FK_FUMETTO=? and FK_GENERE=?
2026-04-11 00:58:59.813 DEBUG [main] o.h.p.c.AbstractCollectionPersister -  Row delete: delete from GENERE_FUMETTO where FK_FUMETTO=? and FK_GENERE=?
2026-04-11 00:58:59.813 DEBUG [main] o.h.p.c.AbstractCollectionPersister -  One-shot delete: delete from GENERE_FUMETTO where FK_FUMETTO=?
2026-04-11 00:58:59.815 DEBUG [main] o.h.p.c.AbstractCollectionPersister - Static SQL for collection: com.dgsspa.comicverse.model.Genere.fumetti
2026-04-11 00:58:59.815 DEBUG [main] o.h.p.c.AbstractCollectionPersister -  Row insert: insert into GENERE_FUMETTO (FK_GENERE, FK_FUMETTO) values (?, ?)
2026-04-11 00:58:59.815 DEBUG [main] o.h.p.c.AbstractCollectionPersister -  Row update: update GENERE_FUMETTO set FK_FUMETTO=? where FK_GENERE=? and FK_FUMETTO=?
2026-04-11 00:58:59.815 DEBUG [main] o.h.p.c.AbstractCollectionPersister -  Row delete: delete from GENERE_FUMETTO where FK_GENERE=? and FK_FUMETTO=?
2026-04-11 00:58:59.815 DEBUG [main] o.h.p.c.AbstractCollectionPersister -  One-shot delete: delete from GENERE_FUMETTO where FK_GENERE=?
2026-04-11 00:58:59.819 DEBUG [main] o.h.p.entity.AbstractEntityPersister - Static SQL for entity: com.dgsspa.comicverse.model.Fumetto
2026-04-11 00:58:59.819 DEBUG [main] o.h.p.entity.AbstractEntityPersister -  Version select: select ID_FUMETTO from FUMETTO where ID_FUMETTO =?
2026-04-11 00:58:59.819 DEBUG [main] o.h.p.entity.AbstractEntityPersister -  Snapshot select: select fumetto_.ID_FUMETTO, fumetto_.DATA_PUBBLICAZIONE as data_pubblicazione2_0_, fumetto_.descrizione as descrizione3_0_, fumetto_.editore as editore4_0_, fumetto_.titolo as titolo5_0_, fumetto_.volume as volume6_0_ from FUMETTO fumetto_ where fumetto_.ID_FUMETTO=?
2026-04-11 00:58:59.819 DEBUG [main] o.h.p.entity.AbstractEntityPersister -  Insert 0: insert into FUMETTO (DATA_PUBBLICAZIONE, descrizione, editore, titolo, volume, ID_FUMETTO) values (?, ?, ?, ?, ?, ?)
2026-04-11 00:58:59.819 DEBUG [main] o.h.p.entity.AbstractEntityPersister -  Update 0: update FUMETTO set DATA_PUBBLICAZIONE=?, descrizione=?, editore=?, titolo=?, volume=? where ID_FUMETTO=?
2026-04-11 00:58:59.819 DEBUG [main] o.h.p.entity.AbstractEntityPersister -  Delete 0: delete from FUMETTO where ID_FUMETTO=?
2026-04-11 00:58:59.886 DEBUG [main] o.h.l.p.b.i.spaces.QuerySpacesImpl - Adding QuerySpace : uid = <gen:0> -> org.hibernate.loader.plan.build.internal.spaces.EntityQuerySpaceImpl@72d16d6]
2026-04-11 00:58:59.888 DEBUG [main] o.h.p.w.spi.MetamodelGraphWalker - Visiting attribute path : dataPubblicazione
2026-04-11 00:58:59.888 DEBUG [main] o.h.p.w.spi.MetamodelGraphWalker - Visiting attribute path : descrizione
2026-04-11 00:58:59.888 DEBUG [main] o.h.p.w.spi.MetamodelGraphWalker - Visiting attribute path : editore
2026-04-11 00:58:59.888 DEBUG [main] o.h.p.w.spi.MetamodelGraphWalker - Visiting attribute path : generi
2026-04-11 00:58:59.894 DEBUG [main] o.h.l.p.b.i.spaces.QuerySpacesImpl - Adding QuerySpace : uid = <gen:1> -> org.hibernate.loader.plan.build.internal.spaces.CollectionQuerySpaceImpl@7816454d]
2026-04-11 00:58:59.898 DEBUG [main] o.h.l.p.b.i.spaces.QuerySpacesImpl - Adding QuerySpace : uid = <gen:2> -> org.hibernate.loader.plan.build.internal.spaces.EntityQuerySpaceImpl@4f356b98]
2026-04-11 00:58:59.900 DEBUG [main] o.h.p.w.spi.MetamodelGraphWalker - Visiting attribute path : titolo
2026-04-11 00:58:59.900 DEBUG [main] o.h.p.w.spi.MetamodelGraphWalker - Visiting attribute path : volume
2026-04-11 00:58:59.900 DEBUG [main] o.h.l.p.b.i.FetchStyleLoadPlanBuildingAssociationVisitationStrategy - Building LoadPlan...
2026-04-11 00:58:59.915 DEBUG [main] o.h.l.p.e.i.LoadQueryJoinAndFetchProcessor - processing queryspace <gen:0>
2026-04-11 00:58:59.922 DEBUG [main] o.h.l.p.b.spi.LoadPlanTreePrinter - LoadPlan(entity=com.dgsspa.comicverse.model.Fumetto)
    - Returns
       - EntityReturnImpl(entity=com.dgsspa.comicverse.model.Fumetto, querySpaceUid=<gen:0>, path=com.dgsspa.comicverse.model.Fumetto)
          - CollectionAttributeFetchImpl(collection=com.dgsspa.comicverse.model.Fumetto.generi, querySpaceUid=<gen:1>, path=com.dgsspa.comicverse.model.Fumetto.generi)
             - (collection element) CollectionFetchableElementEntityGraph(entity=com.dgsspa.comicverse.model.Genere, querySpaceUid=<gen:2>, path=com.dgsspa.comicverse.model.Fumetto.generi.<elements>)
    - QuerySpaces
       - EntityQuerySpaceImpl(uid=<gen:0>, entity=com.dgsspa.comicverse.model.Fumetto)
          - SQL table alias mapping - fumetto0_
          - alias suffix - 0_
          - suffixed key columns - {id_fumetto1_0_0_}

2026-04-11 00:58:59.926 DEBUG [main] o.h.loader.entity.plan.EntityLoader - Static select for entity com.dgsspa.comicverse.model.Fumetto [NONE]: select fumetto0_.ID_FUMETTO as id_fumetto1_0_0_, fumetto0_.DATA_PUBBLICAZIONE as data_pubblicazione2_0_0_, fumetto0_.descrizione as descrizione3_0_0_, fumetto0_.editore as editore4_0_0_, fumetto0_.titolo as titolo5_0_0_, fumetto0_.volume as volume6_0_0_ from FUMETTO fumetto0_ where fumetto0_.ID_FUMETTO=?
2026-04-11 00:58:59.926 DEBUG [main] o.h.p.entity.AbstractEntityPersister - Static SQL for entity: com.dgsspa.comicverse.model.Genere
2026-04-11 00:58:59.926 DEBUG [main] o.h.p.entity.AbstractEntityPersister -  Version select: select ID_GENERE from GENERE where ID_GENERE =?
2026-04-11 00:58:59.926 DEBUG [main] o.h.p.entity.AbstractEntityPersister -  Snapshot select: select genere_.ID_GENERE, genere_.nome as nome2_1_ from GENERE genere_ where genere_.ID_GENERE=?
2026-04-11 00:58:59.926 DEBUG [main] o.h.p.entity.AbstractEntityPersister -  Insert 0: insert into GENERE (nome, ID_GENERE) values (?, ?)
2026-04-11 00:58:59.926 DEBUG [main] o.h.p.entity.AbstractEntityPersister -  Update 0: update GENERE set nome=? where ID_GENERE=?
2026-04-11 00:58:59.926 DEBUG [main] o.h.p.entity.AbstractEntityPersister -  Delete 0: delete from GENERE where ID_GENERE=?
2026-04-11 00:58:59.927 DEBUG [main] o.h.l.p.b.i.spaces.QuerySpacesImpl - Adding QuerySpace : uid = <gen:0> -> org.hibernate.loader.plan.build.internal.spaces.EntityQuerySpaceImpl@38caad07]
2026-04-11 00:58:59.927 DEBUG [main] o.h.p.w.spi.MetamodelGraphWalker - Visiting attribute path : fumetti
2026-04-11 00:58:59.927 DEBUG [main] o.h.l.p.b.i.spaces.QuerySpacesImpl - Adding QuerySpace : uid = <gen:1> -> org.hibernate.loader.plan.build.internal.spaces.CollectionQuerySpaceImpl@72a0a60d]
2026-04-11 00:58:59.927 DEBUG [main] o.h.l.p.b.i.spaces.QuerySpacesImpl - Adding QuerySpace : uid = <gen:2> -> org.hibernate.loader.plan.build.internal.spaces.EntityQuerySpaceImpl@65930e02]
2026-04-11 00:58:59.927 DEBUG [main] o.h.p.w.spi.MetamodelGraphWalker - Visiting attribute path : nome
2026-04-11 00:58:59.927 DEBUG [main] o.h.l.p.b.i.FetchStyleLoadPlanBuildingAssociationVisitationStrategy - Building LoadPlan...
2026-04-11 00:58:59.927 DEBUG [main] o.h.l.p.e.i.LoadQueryJoinAndFetchProcessor - processing queryspace <gen:0>
2026-04-11 00:58:59.927 DEBUG [main] o.h.l.p.b.spi.LoadPlanTreePrinter - LoadPlan(entity=com.dgsspa.comicverse.model.Genere)
    - Returns
       - EntityReturnImpl(entity=com.dgsspa.comicverse.model.Genere, querySpaceUid=<gen:0>, path=com.dgsspa.comicverse.model.Genere)
          - CollectionAttributeFetchImpl(collection=com.dgsspa.comicverse.model.Genere.fumetti, querySpaceUid=<gen:1>, path=com.dgsspa.comicverse.model.Genere.fumetti)
             - (collection element) CollectionFetchableElementEntityGraph(entity=com.dgsspa.comicverse.model.Fumetto, querySpaceUid=<gen:2>, path=com.dgsspa.comicverse.model.Genere.fumetti.<elements>)
    - QuerySpaces
       - EntityQuerySpaceImpl(uid=<gen:0>, entity=com.dgsspa.comicverse.model.Genere)
          - SQL table alias mapping - genere0_
          - alias suffix - 0_
          - suffixed key columns - {id_genere1_1_0_}

2026-04-11 00:58:59.927 DEBUG [main] o.h.loader.entity.plan.EntityLoader - Static select for entity com.dgsspa.comicverse.model.Genere [NONE]: select genere0_.ID_GENERE as id_genere1_1_0_, genere0_.nome as nome2_1_0_ from GENERE genere0_ where genere0_.ID_GENERE=?
2026-04-11 00:58:59.938 DEBUG [main] o.h.l.p.b.i.spaces.QuerySpacesImpl - Adding QuerySpace : uid = <gen:0> -> org.hibernate.loader.plan.build.internal.spaces.CollectionQuerySpaceImpl@25e353dc]
2026-04-11 00:58:59.938 DEBUG [main] o.h.l.p.b.i.spaces.QuerySpacesImpl - Adding QuerySpace : uid = <gen:1> -> org.hibernate.loader.plan.build.internal.spaces.EntityQuerySpaceImpl@234ce7ff]
2026-04-11 00:58:59.939 DEBUG [main] o.h.p.w.spi.MetamodelGraphWalker - Visiting attribute path : fumetti
2026-04-11 00:58:59.939 DEBUG [main] o.h.p.w.spi.MetamodelGraphWalker - Property path deemed to be circular : fumetti
2026-04-11 00:58:59.939 DEBUG [main] o.h.p.w.spi.MetamodelGraphWalker - Visiting attribute path : nome
2026-04-11 00:58:59.939 DEBUG [main] o.h.l.p.b.i.FetchStyleLoadPlanBuildingAssociationVisitationStrategy - Building LoadPlan...
2026-04-11 00:58:59.944 DEBUG [main] o.h.l.p.e.i.LoadQueryJoinAndFetchProcessor - processing queryspace <gen:0>
2026-04-11 00:58:59.946 DEBUG [main] o.h.l.p.b.spi.LoadPlanTreePrinter - LoadPlan(collection=com.dgsspa.comicverse.model.Fumetto.generi)
    - Returns
       - CollectionReturnImpl(collection=com.dgsspa.comicverse.model.Fumetto.generi, querySpaceUid=<gen:0>, path=[com.dgsspa.comicverse.model.Fumetto.generi])
          - (collection element) CollectionFetchableElementEntityGraph(entity=com.dgsspa.comicverse.model.Genere, querySpaceUid=<gen:1>, path=[com.dgsspa.comicverse.model.Fumetto.generi].<elements>)
    - QuerySpaces
       - CollectionQuerySpaceImpl(uid=<gen:0>, collection=com.dgsspa.comicverse.model.Fumetto.generi)
          - SQL table alias mapping - generi0_
          - alias suffix - 0_
          - suffixed key columns - {fk_fumetto2_2_0_}
          - entity-element alias suffix - 1_
          - 1_entity-element suffixed key columns - id_genere1_1_1_
          - JOIN (JoinDefinedByMetadata(elements)) : <gen:0> -> <gen:1>
             - EntityQuerySpaceImpl(uid=<gen:1>, entity=com.dgsspa.comicverse.model.Genere)
                - SQL table alias mapping - genere1_
                - alias suffix - 1_
                - suffixed key columns - {id_genere1_1_1_}

2026-04-11 00:58:59.947 DEBUG [main] o.h.l.c.plan.CollectionLoader - Static select for collection com.dgsspa.comicverse.model.Fumetto.generi: select generi0_.FK_FUMETTO as fk_fumetto2_2_0_, generi0_.FK_GENERE as fk_genere1_2_0_, genere1_.ID_GENERE as id_genere1_1_1_, genere1_.nome as nome2_1_1_ from GENERE_FUMETTO generi0_ inner join GENERE genere1_ on generi0_.FK_GENERE=genere1_.ID_GENERE where generi0_.FK_FUMETTO=?
2026-04-11 00:58:59.948 DEBUG [main] o.h.l.p.b.i.spaces.QuerySpacesImpl - Adding QuerySpace : uid = <gen:0> -> org.hibernate.loader.plan.build.internal.spaces.CollectionQuerySpaceImpl@7582a16b]
2026-04-11 00:58:59.948 DEBUG [main] o.h.l.p.b.i.spaces.QuerySpacesImpl - Adding QuerySpace : uid = <gen:1> -> org.hibernate.loader.plan.build.internal.spaces.EntityQuerySpaceImpl@4dd752e8]
2026-04-11 00:58:59.948 DEBUG [main] o.h.p.w.spi.MetamodelGraphWalker - Visiting attribute path : dataPubblicazione
2026-04-11 00:58:59.948 DEBUG [main] o.h.p.w.spi.MetamodelGraphWalker - Visiting attribute path : descrizione
2026-04-11 00:58:59.948 DEBUG [main] o.h.p.w.spi.MetamodelGraphWalker - Visiting attribute path : editore
2026-04-11 00:58:59.948 DEBUG [main] o.h.p.w.spi.MetamodelGraphWalker - Visiting attribute path : generi
2026-04-11 00:58:59.948 DEBUG [main] o.h.p.w.spi.MetamodelGraphWalker - Property path deemed to be circular : generi
2026-04-11 00:58:59.948 DEBUG [main] o.h.p.w.spi.MetamodelGraphWalker - Visiting attribute path : titolo
2026-04-11 00:58:59.948 DEBUG [main] o.h.p.w.spi.MetamodelGraphWalker - Visiting attribute path : volume
2026-04-11 00:58:59.948 DEBUG [main] o.h.l.p.b.i.FetchStyleLoadPlanBuildingAssociationVisitationStrategy - Building LoadPlan...
2026-04-11 00:58:59.948 DEBUG [main] o.h.l.p.e.i.LoadQueryJoinAndFetchProcessor - processing queryspace <gen:0>
2026-04-11 00:58:59.950 DEBUG [main] o.h.l.p.b.spi.LoadPlanTreePrinter - LoadPlan(collection=com.dgsspa.comicverse.model.Genere.fumetti)
    - Returns
       - CollectionReturnImpl(collection=com.dgsspa.comicverse.model.Genere.fumetti, querySpaceUid=<gen:0>, path=[com.dgsspa.comicverse.model.Genere.fumetti])
          - (collection element) CollectionFetchableElementEntityGraph(entity=com.dgsspa.comicverse.model.Fumetto, querySpaceUid=<gen:1>, path=[com.dgsspa.comicverse.model.Genere.fumetti].<elements>)
    - QuerySpaces
       - CollectionQuerySpaceImpl(uid=<gen:0>, collection=com.dgsspa.comicverse.model.Genere.fumetti)
          - SQL table alias mapping - fumetti0_
          - alias suffix - 0_
          - suffixed key columns - {fk_genere1_2_0_}
          - entity-element alias suffix - 1_
          - 1_entity-element suffixed key columns - id_fumetto1_0_1_
          - JOIN (JoinDefinedByMetadata(elements)) : <gen:0> -> <gen:1>
             - EntityQuerySpaceImpl(uid=<gen:1>, entity=com.dgsspa.comicverse.model.Fumetto)
                - SQL table alias mapping - fumetto1_
                - alias suffix - 1_
                - suffixed key columns - {id_fumetto1_0_1_}

2026-04-11 00:58:59.950 DEBUG [main] o.h.l.c.plan.CollectionLoader - Static select for collection com.dgsspa.comicverse.model.Genere.fumetti: select fumetti0_.FK_GENERE as fk_genere1_2_0_, fumetti0_.FK_FUMETTO as fk_fumetto2_2_0_, fumetto1_.ID_FUMETTO as id_fumetto1_0_1_, fumetto1_.DATA_PUBBLICAZIONE as data_pubblicazione2_0_1_, fumetto1_.descrizione as descrizione3_0_1_, fumetto1_.editore as editore4_0_1_, fumetto1_.titolo as titolo5_0_1_, fumetto1_.volume as volume6_0_1_ from GENERE_FUMETTO fumetti0_ inner join FUMETTO fumetto1_ on fumetti0_.FK_FUMETTO=fumetto1_.ID_FUMETTO where fumetti0_.FK_GENERE=?
2026-04-11 00:59:00.062 DEBUG [main] o.s.j.d.DriverManagerDataSource - Creating new JDBC DriverManager Connection to [jdbc:oracle:thin:@//localhost:1521/XEPDB1]
2026-04-11 00:59:00.760 DEBUG [main] o.h.e.t.j.p.i.JtaPlatformInitiator - No JtaPlatform was specified, checking resolver
2026-04-11 00:59:00.762 DEBUG [main] o.h.e.t.j.p.i.JtaPlatformResolverInitiator - No JtaPlatformResolver was specified, using default [org.hibernate.engine.transaction.jta.platform.internal.StandardJtaPlatformResolver]
2026-04-11 00:59:00.769 DEBUG [main] o.h.e.t.j.p.i.StandardJtaPlatformResolver - Could not resolve JtaPlatform, using default [org.hibernate.engine.transaction.jta.platform.internal.NoJtaPlatform]
2026-04-11 00:59:00.770 INFO  [main] o.h.e.t.j.p.i.JtaPlatformInitiator - HHH000490: Using JtaPlatform implementation: [org.hibernate.engine.transaction.jta.platform.internal.NoJtaPlatform]
2026-04-11 00:59:00.777 DEBUG [main] o.h.s.i.SessionFactoryServiceRegistryImpl - EventListenerRegistry access via ServiceRegistry is deprecated.  Use `sessionFactory.getEventEngine().getListenerRegistry()` instead
2026-04-11 00:59:00.780 DEBUG [main] o.h.h.i.QueryTranslatorFactoryInitiator - QueryTranslatorFactory: org.hibernate.hql.internal.ast.ASTQueryTranslatorFactory@15fe020d
2026-04-11 00:59:00.789 DEBUG [main] o.h.query.spi.NamedQueryRepository - Checking 0 named HQL queries
2026-04-11 00:59:00.789 DEBUG [main] o.h.query.spi.NamedQueryRepository - Checking 0 named SQL queries
2026-04-11 00:59:00.790 DEBUG [main] o.h.internal.SessionFactoryRegistry - Initializing SessionFactoryRegistry : org.hibernate.internal.SessionFactoryRegistry@62d6ac
2026-04-11 00:59:00.790 DEBUG [main] o.h.internal.SessionFactoryRegistry - Registering SessionFactory: ddc8bc6b-4c8a-402c-9beb-d6f0bf3f3a34 (<unnamed>)
2026-04-11 00:59:00.790 DEBUG [main] o.h.internal.SessionFactoryRegistry - Not binding SessionFactory to JNDI, no JNDI name configured
2026-04-11 00:59:00.842 DEBUG [main] o.s.b.f.s.DefaultListableBeanFactory - Creating shared instance of singleton bean 'fumettoMapperImpl'
2026-04-11 00:59:00.846 DEBUG [main] o.s.b.f.s.DefaultListableBeanFactory - Autowiring by type from bean name 'fumettoService' via constructor to bean named 'fumettoRepository'
2026-04-11 00:59:00.846 DEBUG [main] o.s.b.f.s.DefaultListableBeanFactory - Autowiring by type from bean name 'fumettoService' via constructor to bean named 'fumettoMapperImpl'
2026-04-11 00:59:00.847 DEBUG [main] o.s.b.f.s.DefaultListableBeanFactory - Autowiring by type from bean name 'fumettoService' via constructor to bean named 'searchMessagesProperties'
2026-04-11 00:59:00.847 DEBUG [main] o.s.b.f.s.DefaultListableBeanFactory - Autowiring by type from bean name 'fumettoService' via constructor to bean named 'errorMessagesProperties'
2026-04-11 00:59:00.847 DEBUG [main] o.s.b.f.s.DefaultListableBeanFactory - Autowiring by type from bean name 'fumettoService' via constructor to bean named 'successMessagesProperties'
2026-04-11 00:59:00.868 DEBUG [main] o.s.b.f.s.DefaultListableBeanFactory - Autowiring by type from bean name 'fumettoController' via constructor to bean named 'fumettoService'
2026-04-11 00:59:00.873 DEBUG [main] o.s.b.f.s.DefaultListableBeanFactory - Creating shared instance of singleton bean 'genereController'
2026-04-11 00:59:00.876 DEBUG [main] o.s.b.f.s.DefaultListableBeanFactory - Creating shared instance of singleton bean 'genereService'
2026-04-11 00:59:00.878 DEBUG [main] o.s.b.f.s.DefaultListableBeanFactory - Creating shared instance of singleton bean 'genereRepository'
2026-04-11 00:59:00.890 DEBUG [main] o.s.b.f.s.DefaultListableBeanFactory - Creating shared instance of singleton bean 'genereMapperImpl'
2026-04-11 00:59:00.895 DEBUG [main] o.s.b.f.s.DefaultListableBeanFactory - Autowiring by type from bean name 'genereService' via constructor to bean named 'genereRepository'
2026-04-11 00:59:00.895 DEBUG [main] o.s.b.f.s.DefaultListableBeanFactory - Autowiring by type from bean name 'genereService' via constructor to bean named 'fumettoRepository'
2026-04-11 00:59:00.895 DEBUG [main] o.s.b.f.s.DefaultListableBeanFactory - Autowiring by type from bean name 'genereService' via constructor to bean named 'genereMapperImpl'
2026-04-11 00:59:00.895 DEBUG [main] o.s.b.f.s.DefaultListableBeanFactory - Autowiring by type from bean name 'genereService' via constructor to bean named 'errorMessagesProperties'
2026-04-11 00:59:00.895 DEBUG [main] o.s.b.f.s.DefaultListableBeanFactory - Autowiring by type from bean name 'genereService' via constructor to bean named 'successMessagesProperties'
2026-04-11 00:59:00.904 DEBUG [main] o.s.b.f.s.DefaultListableBeanFactory - Autowiring by type from bean name 'genereController' via constructor to bean named 'genereService'
2026-04-11 00:59:00.907 DEBUG [main] o.s.b.f.s.DefaultListableBeanFactory - Creating shared instance of singleton bean 'genericExceptionHandler'
2026-04-11 00:59:00.914 DEBUG [main] o.s.b.f.s.DefaultListableBeanFactory - Creating shared instance of singleton bean 'logWorkingDirectory'
2026-04-11 00:59:00.916 DEBUG [main] o.s.b.f.s.DefaultListableBeanFactory - Autowiring by type from bean name 'logWorkingDirectory' via factory method to bean named 'environment'
2026-04-11 00:59:00.928 DEBUG [main] o.s.b.f.s.DefaultListableBeanFactory - Creating shared instance of singleton bean 'org.springframework.boot.autoconfigure.context.PropertyPlaceholderAutoConfiguration'
2026-04-11 00:59:00.930 DEBUG [main] o.s.b.f.s.DefaultListableBeanFactory - Creating shared instance of singleton bean 'org.springframework.boot.autoconfigure.websocket.servlet.WebSocketServletAutoConfiguration$TomcatWebSocketConfiguration'
2026-04-11 00:59:00.933 DEBUG [main] o.s.b.f.s.DefaultListableBeanFactory - Creating shared instance of singleton bean 'websocketServletWebServerCustomizer'
2026-04-11 00:59:00.946 DEBUG [main] o.s.b.f.s.DefaultListableBeanFactory - Creating shared instance of singleton bean 'org.springframework.boot.autoconfigure.websocket.servlet.WebSocketServletAutoConfiguration'
2026-04-11 00:59:00.947 DEBUG [main] o.s.b.f.s.DefaultListableBeanFactory - Creating shared instance of singleton bean 'org.springframework.boot.autoconfigure.web.servlet.ServletWebServerFactoryConfiguration$EmbeddedTomcat'
2026-04-11 00:59:00.950 DEBUG [main] o.s.b.f.s.DefaultListableBeanFactory - Creating shared instance of singleton bean 'tomcatServletWebServerFactory'
2026-04-11 00:59:01.120 DEBUG [main] o.s.b.f.s.DefaultListableBeanFactory - Creating shared instance of singleton bean 'servletWebServerFactoryCustomizer'
2026-04-11 00:59:01.122 DEBUG [main] o.s.b.f.s.DefaultListableBeanFactory - Creating shared instance of singleton bean 'org.springframework.boot.autoconfigure.web.servlet.ServletWebServerFactoryAutoConfiguration'
2026-04-11 00:59:01.125 DEBUG [main] o.s.b.f.s.DefaultListableBeanFactory - Creating shared instance of singleton bean 'server-org.springframework.boot.autoconfigure.web.ServerProperties'
2026-04-11 00:59:01.149 DEBUG [main] o.s.b.f.s.DefaultListableBeanFactory - Autowiring by type from bean name 'servletWebServerFactoryCustomizer' via factory method to bean named 'server-org.springframework.boot.autoconfigure.web.ServerProperties'
2026-04-11 00:59:01.158 DEBUG [main] o.s.b.f.s.DefaultListableBeanFactory - Creating shared instance of singleton bean 'tomcatServletWebServerFactoryCustomizer'
2026-04-11 00:59:01.158 DEBUG [main] o.s.b.f.s.DefaultListableBeanFactory - Autowiring by type from bean name 'tomcatServletWebServerFactoryCustomizer' via factory method to bean named 'server-org.springframework.boot.autoconfigure.web.ServerProperties'
2026-04-11 00:59:01.165 DEBUG [main] o.s.b.f.s.DefaultListableBeanFactory - Creating shared instance of singleton bean 'localeCharsetMappingsCustomizer'
2026-04-11 00:59:01.165 DEBUG [main] o.s.b.f.s.DefaultListableBeanFactory - Creating shared instance of singleton bean 'org.springframework.boot.autoconfigure.web.servlet.HttpEncodingAutoConfiguration'
2026-04-11 00:59:01.165 DEBUG [main] o.s.b.f.s.DefaultListableBeanFactory - Autowiring by type from bean name 'org.springframework.boot.autoconfigure.web.servlet.HttpEncodingAutoConfiguration' via constructor to bean named 'server-org.springframework.boot.autoconfigure.web.ServerProperties'
2026-04-11 00:59:01.199 DEBUG [main] o.s.b.f.s.DefaultListableBeanFactory - Creating shared instance of singleton bean 'errorPageCustomizer'
2026-04-11 00:59:01.199 DEBUG [main] o.s.b.f.s.DefaultListableBeanFactory - Creating shared instance of singleton bean 'org.springframework.boot.autoconfigure.web.servlet.error.ErrorMvcAutoConfiguration'
2026-04-11 00:59:01.201 DEBUG [main] o.s.b.f.s.DefaultListableBeanFactory - Autowiring by type from bean name 'org.springframework.boot.autoconfigure.web.servlet.error.ErrorMvcAutoConfiguration' via constructor to bean named 'server-org.springframework.boot.autoconfigure.web.ServerProperties'
2026-04-11 00:59:01.204 DEBUG [main] o.s.b.f.s.DefaultListableBeanFactory - Creating shared instance of singleton bean 'dispatcherServletRegistration'
2026-04-11 00:59:01.206 DEBUG [main] o.s.b.f.s.DefaultListableBeanFactory - Creating shared instance of singleton bean 'org.springframework.boot.autoconfigure.web.servlet.DispatcherServletAutoConfiguration$DispatcherServletRegistrationConfiguration'
2026-04-11 00:59:01.209 DEBUG [main] o.s.b.f.s.DefaultListableBeanFactory - Creating shared instance of singleton bean 'dispatcherServlet'
2026-04-11 00:59:01.209 DEBUG [main] o.s.b.f.s.DefaultListableBeanFactory - Creating shared instance of singleton bean 'org.springframework.boot.autoconfigure.web.servlet.DispatcherServletAutoConfiguration$DispatcherServletConfiguration'
2026-04-11 00:59:01.214 DEBUG [main] o.s.b.f.s.DefaultListableBeanFactory - Creating shared instance of singleton bean 'spring.mvc-org.springframework.boot.autoconfigure.web.servlet.WebMvcProperties'
2026-04-11 00:59:01.229 DEBUG [main] o.s.b.f.s.DefaultListableBeanFactory - Autowiring by type from bean name 'dispatcherServlet' via factory method to bean named 'spring.mvc-org.springframework.boot.autoconfigure.web.servlet.WebMvcProperties'
2026-04-11 00:59:01.281 DEBUG [main] o.s.b.f.s.DefaultListableBeanFactory - Autowiring by type from bean name 'dispatcherServletRegistration' via factory method to bean named 'dispatcherServlet'
2026-04-11 00:59:01.281 DEBUG [main] o.s.b.f.s.DefaultListableBeanFactory - Autowiring by type from bean name 'dispatcherServletRegistration' via factory method to bean named 'spring.mvc-org.springframework.boot.autoconfigure.web.servlet.WebMvcProperties'
2026-04-11 00:59:01.288 DEBUG [main] o.s.b.f.s.DefaultListableBeanFactory - Creating shared instance of singleton bean 'multipartConfigElement'
2026-04-11 00:59:01.288 DEBUG [main] o.s.b.f.s.DefaultListableBeanFactory - Creating shared instance of singleton bean 'org.springframework.boot.autoconfigure.web.servlet.MultipartAutoConfiguration'
2026-04-11 00:59:01.289 DEBUG [main] o.s.b.f.s.DefaultListableBeanFactory - Creating shared instance of singleton bean 'spring.servlet.multipart-org.springframework.boot.autoconfigure.web.servlet.MultipartProperties'
2026-04-11 00:59:01.296 DEBUG [main] o.s.b.f.s.DefaultListableBeanFactory - Autowiring by type from bean name 'org.springframework.boot.autoconfigure.web.servlet.MultipartAutoConfiguration' via constructor to bean named 'spring.servlet.multipart-org.springframework.boot.autoconfigure.web.servlet.MultipartProperties'
2026-04-11 00:59:01.325 DEBUG [main] o.s.b.f.s.DefaultListableBeanFactory - Autowiring by type from bean name 'errorPageCustomizer' via factory method to bean named 'dispatcherServletRegistration'
2026-04-11 00:59:01.334 DEBUG [main] o.s.b.f.s.DefaultListableBeanFactory - Creating shared instance of singleton bean 'org.springframework.boot.autoconfigure.web.servlet.DispatcherServletAutoConfiguration'
2026-04-11 00:59:01.338 DEBUG [main] o.s.b.f.s.DefaultListableBeanFactory - Creating shared instance of singleton bean 'org.springframework.boot.autoconfigure.task.TaskExecutionAutoConfiguration'
2026-04-11 00:59:01.344 DEBUG [main] o.s.b.f.s.DefaultListableBeanFactory - Creating shared instance of singleton bean 'taskExecutorBuilder'
2026-04-11 00:59:01.345 DEBUG [main] o.s.b.f.s.DefaultListableBeanFactory - Creating shared instance of singleton bean 'spring.task.execution-org.springframework.boot.autoconfigure.task.TaskExecutionProperties'
2026-04-11 00:59:01.352 DEBUG [main] o.s.b.f.s.DefaultListableBeanFactory - Autowiring by type from bean name 'taskExecutorBuilder' via factory method to bean named 'spring.task.execution-org.springframework.boot.autoconfigure.task.TaskExecutionProperties'
2026-04-11 00:59:01.361 DEBUG [main] o.s.b.f.s.DefaultListableBeanFactory - Creating shared instance of singleton bean 'org.springframework.boot.autoconfigure.validation.ValidationAutoConfiguration'
2026-04-11 00:59:01.366 DEBUG [main] o.s.b.f.s.DefaultListableBeanFactory - Creating shared instance of singleton bean 'defaultValidator'
2026-04-11 00:59:01.368 DEBUG [main] o.s.b.f.s.DefaultListableBeanFactory - Autowiring by type from bean name 'defaultValidator' via factory method to bean named 'org.springframework.web.context.support.GenericWebApplicationContext@70eecdc2'
2026-04-11 00:59:01.379 DEBUG [main] o.h.v.m.ResourceBundleMessageInterpolator - Loaded expression factory via original TCCL
2026-04-11 00:59:01.400 DEBUG [main] o.h.v.i.e.AbstractConfigurationImpl - Setting custom MessageInterpolator of type org.springframework.validation.beanvalidation.LocaleContextMessageInterpolator
2026-04-11 00:59:01.402 DEBUG [main] o.h.v.i.e.AbstractConfigurationImpl - Setting custom ConstraintValidatorFactory of type org.springframework.validation.beanvalidation.SpringConstraintValidatorFactory
2026-04-11 00:59:01.405 DEBUG [main] o.h.v.i.e.AbstractConfigurationImpl - Setting custom ParameterNameProvider of type org.springframework.validation.beanvalidation.LocalValidatorFactoryBean$1
2026-04-11 00:59:01.408 DEBUG [main] o.h.v.i.x.config.ValidationXmlParser - Trying to load META-INF/validation.xml for XML based Validator configuration.
2026-04-11 00:59:01.408 DEBUG [main] o.h.v.i.x.c.ResourceLoaderHelper - Trying to load META-INF/validation.xml via user class loader
2026-04-11 00:59:01.408 DEBUG [main] o.h.v.i.x.c.ResourceLoaderHelper - Trying to load META-INF/validation.xml via TCCL
2026-04-11 00:59:01.409 DEBUG [main] o.h.v.i.x.c.ResourceLoaderHelper - Trying to load META-INF/validation.xml via Hibernate Validator's class loader
2026-04-11 00:59:01.409 DEBUG [main] o.h.v.i.x.config.ValidationXmlParser - No META-INF/validation.xml found. Using annotation based configuration only.
2026-04-11 00:59:01.409 DEBUG [main] o.h.v.i.e.r.TraversableResolvers - Found javax.persistence.Persistence on classpath containing 'getPersistenceUtil'. Assuming JPA 2 environment. Trying to instantiate JPA aware TraversableResolver
2026-04-11 00:59:01.409 DEBUG [main] o.h.v.i.e.r.TraversableResolvers - Instantiated JPA aware TraversableResolver of type org.hibernate.validator.internal.engine.resolver.JPATraversableResolver.
2026-04-11 00:59:01.412 DEBUG [main] o.h.v.i.e.ValidatorFactoryConfigurationHelper - HV000252: Using org.hibernate.validator.internal.engine.DefaultPropertyNodeNameProvider as property node name provider.
2026-04-11 00:59:01.414 DEBUG [main] o.h.v.i.e.ValidatorFactoryConfigurationHelper - HV000234: Using org.springframework.validation.beanvalidation.LocaleContextMessageInterpolator as ValidatorFactory-scoped message interpolator.
2026-04-11 00:59:01.414 DEBUG [main] o.h.v.i.e.ValidatorFactoryConfigurationHelper - HV000234: Using org.hibernate.validator.internal.engine.resolver.JPATraversableResolver as ValidatorFactory-scoped traversable resolver.
2026-04-11 00:59:01.414 DEBUG [main] o.h.v.i.e.ValidatorFactoryConfigurationHelper - HV000234: Using org.hibernate.validator.internal.util.ExecutableParameterNameProvider as ValidatorFactory-scoped parameter name provider.
2026-04-11 00:59:01.414 DEBUG [main] o.h.v.i.e.ValidatorFactoryConfigurationHelper - HV000234: Using org.hibernate.validator.internal.engine.DefaultClockProvider as ValidatorFactory-scoped clock provider.
2026-04-11 00:59:01.414 DEBUG [main] o.h.v.i.e.ValidatorFactoryConfigurationHelper - HV000234: Using org.hibernate.validator.internal.engine.scripting.DefaultScriptEvaluatorFactory as ValidatorFactory-scoped script evaluator factory.
2026-04-11 00:59:01.418 DEBUG [main] o.s.b.f.s.DefaultListableBeanFactory - Creating shared instance of singleton bean 'org.springframework.boot.autoconfigure.web.servlet.error.ErrorMvcAutoConfiguration$WhitelabelErrorViewConfiguration'
2026-04-11 00:59:01.423 DEBUG [main] o.s.b.f.s.DefaultListableBeanFactory - Creating shared instance of singleton bean 'error'
2026-04-11 00:59:01.429 DEBUG [main] o.s.b.f.s.DefaultListableBeanFactory - Creating shared instance of singleton bean 'beanNameViewResolver'
2026-04-11 00:59:01.445 DEBUG [main] o.s.b.f.s.DefaultListableBeanFactory - Creating shared instance of singleton bean 'org.springframework.boot.autoconfigure.web.servlet.error.ErrorMvcAutoConfiguration$DefaultErrorViewResolverConfiguration'
2026-04-11 00:59:01.447 DEBUG [main] o.s.b.f.s.DefaultListableBeanFactory - Creating shared instance of singleton bean 'spring.web-org.springframework.boot.autoconfigure.web.WebProperties'
2026-04-11 00:59:01.461 DEBUG [main] o.s.b.f.s.DefaultListableBeanFactory - Autowiring by type from bean name 'org.springframework.boot.autoconfigure.web.servlet.error.ErrorMvcAutoConfiguration$DefaultErrorViewResolverConfiguration' via constructor to bean named 'org.springframework.web.context.support.GenericWebApplicationContext@70eecdc2'
2026-04-11 00:59:01.461 DEBUG [main] o.s.b.f.s.DefaultListableBeanFactory - Autowiring by type from bean name 'org.springframework.boot.autoconfigure.web.servlet.error.ErrorMvcAutoConfiguration$DefaultErrorViewResolverConfiguration' via constructor to bean named 'spring.web-org.springframework.boot.autoconfigure.web.WebProperties'
2026-04-11 00:59:01.464 DEBUG [main] o.s.b.f.s.DefaultListableBeanFactory - Creating shared instance of singleton bean 'conventionErrorViewResolver'
2026-04-11 00:59:01.473 DEBUG [main] o.s.b.f.s.DefaultListableBeanFactory - Creating shared instance of singleton bean 'errorAttributes'
2026-04-11 00:59:01.481 DEBUG [main] o.s.b.f.s.DefaultListableBeanFactory - Creating shared instance of singleton bean 'basicErrorController'
2026-04-11 00:59:01.482 DEBUG [main] o.s.b.f.s.DefaultListableBeanFactory - Autowiring by type from bean name 'basicErrorController' via factory method to bean named 'errorAttributes'
2026-04-11 00:59:01.494 DEBUG [main] o.s.b.f.s.DefaultListableBeanFactory - Creating shared instance of singleton bean 'org.springframework.boot.autoconfigure.web.servlet.WebMvcAutoConfiguration$EnableWebMvcConfiguration'
2026-04-11 00:59:01.496 DEBUG [main] o.s.b.f.s.DefaultListableBeanFactory - Autowiring by type from bean name 'org.springframework.boot.autoconfigure.web.servlet.WebMvcAutoConfiguration$EnableWebMvcConfiguration' via constructor to bean named 'spring.mvc-org.springframework.boot.autoconfigure.web.servlet.WebMvcProperties'
2026-04-11 00:59:01.496 DEBUG [main] o.s.b.f.s.DefaultListableBeanFactory - Autowiring by type from bean name 'org.springframework.boot.autoconfigure.web.servlet.WebMvcAutoConfiguration$EnableWebMvcConfiguration' via constructor to bean named 'spring.web-org.springframework.boot.autoconfigure.web.WebProperties'
2026-04-11 00:59:01.496 DEBUG [main] o.s.b.f.s.DefaultListableBeanFactory - Autowiring by type from bean name 'org.springframework.boot.autoconfigure.web.servlet.WebMvcAutoConfiguration$EnableWebMvcConfiguration' via constructor to bean named 'org.springframework.beans.factory.support.DefaultListableBeanFactory@7a356a0d'
2026-04-11 00:59:01.515 DEBUG [main] o.s.b.f.s.DefaultListableBeanFactory - Creating shared instance of singleton bean 'org.springframework.boot.autoconfigure.web.servlet.WebMvcAutoConfiguration$WebMvcAutoConfigurationAdapter'
2026-04-11 00:59:01.518 DEBUG [main] o.s.b.f.s.DefaultListableBeanFactory - Autowiring by type from bean name 'org.springframework.boot.autoconfigure.web.servlet.WebMvcAutoConfiguration$WebMvcAutoConfigurationAdapter' via constructor to bean named 'spring.web-org.springframework.boot.autoconfigure.web.WebProperties'
2026-04-11 00:59:01.518 DEBUG [main] o.s.b.f.s.DefaultListableBeanFactory - Autowiring by type from bean name 'org.springframework.boot.autoconfigure.web.servlet.WebMvcAutoConfiguration$WebMvcAutoConfigurationAdapter' via constructor to bean named 'spring.mvc-org.springframework.boot.autoconfigure.web.servlet.WebMvcProperties'
2026-04-11 00:59:01.518 DEBUG [main] o.s.b.f.s.DefaultListableBeanFactory - Autowiring by type from bean name 'org.springframework.boot.autoconfigure.web.servlet.WebMvcAutoConfiguration$WebMvcAutoConfigurationAdapter' via constructor to bean named 'org.springframework.beans.factory.support.DefaultListableBeanFactory@7a356a0d'
2026-04-11 00:59:01.526 DEBUG [main] o.s.b.f.s.DefaultListableBeanFactory - Creating shared instance of singleton bean 'openEntityManagerInViewInterceptorConfigurer'
2026-04-11 00:59:01.526 DEBUG [main] o.s.b.f.s.DefaultListableBeanFactory - Creating shared instance of singleton bean 'org.springframework.boot.autoconfigure.orm.jpa.JpaBaseConfiguration$JpaWebConfiguration'
2026-04-11 00:59:01.528 DEBUG [main] o.s.b.f.s.DefaultListableBeanFactory - Creating shared instance of singleton bean 'spring.jpa-org.springframework.boot.autoconfigure.orm.jpa.JpaProperties'
2026-04-11 00:59:01.534 DEBUG [main] o.s.b.f.s.DefaultListableBeanFactory - Autowiring by type from bean name 'org.springframework.boot.autoconfigure.orm.jpa.JpaBaseConfiguration$JpaWebConfiguration' via constructor to bean named 'spring.jpa-org.springframework.boot.autoconfigure.orm.jpa.JpaProperties'
2026-04-11 00:59:01.539 DEBUG [main] o.s.b.f.s.DefaultListableBeanFactory - Creating shared instance of singleton bean 'openEntityManagerInViewInterceptor'
2026-04-11 00:59:01.539 WARN  [main] o.s.b.a.o.j.JpaBaseConfiguration$JpaWebConfiguration - spring.jpa.open-in-view is enabled by default. Therefore, database queries may be performed during view rendering. Explicitly configure spring.jpa.open-in-view to disable this warning
2026-04-11 00:59:01.571 DEBUG [main] o.s.b.f.s.DefaultListableBeanFactory - Autowiring by type from bean name 'openEntityManagerInViewInterceptorConfigurer' via factory method to bean named 'openEntityManagerInViewInterceptor'
2026-04-11 00:59:01.577 DEBUG [main] o.s.b.f.s.DefaultListableBeanFactory - Creating shared instance of singleton bean 'metricsWebMvcConfigurer'
2026-04-11 00:59:01.578 DEBUG [main] o.s.b.f.s.DefaultListableBeanFactory - Creating shared instance of singleton bean 'org.springframework.boot.actuate.autoconfigure.metrics.web.servlet.WebMvcMetricsAutoConfiguration'
2026-04-11 00:59:01.580 DEBUG [main] o.s.b.f.s.DefaultListableBeanFactory - Creating shared instance of singleton bean 'management.metrics-org.springframework.boot.actuate.autoconfigure.metrics.MetricsProperties'
2026-04-11 00:59:01.613 DEBUG [main] o.s.b.f.s.DefaultListableBeanFactory - Autowiring by type from bean name 'org.springframework.boot.actuate.autoconfigure.metrics.web.servlet.WebMvcMetricsAutoConfiguration' via constructor to bean named 'management.metrics-org.springframework.boot.actuate.autoconfigure.metrics.MetricsProperties'
2026-04-11 00:59:01.622 DEBUG [main] o.s.b.f.s.DefaultListableBeanFactory - Creating shared instance of singleton bean 'simpleMeterRegistry'
2026-04-11 00:59:01.624 DEBUG [main] o.s.b.f.s.DefaultListableBeanFactory - Creating shared instance of singleton bean 'org.springframework.boot.actuate.autoconfigure.metrics.export.simple.SimpleMetricsExportAutoConfiguration'
2026-04-11 00:59:01.628 DEBUG [main] o.s.b.f.s.DefaultListableBeanFactory - Creating shared instance of singleton bean 'simpleConfig'
2026-04-11 00:59:01.629 DEBUG [main] o.s.b.f.s.DefaultListableBeanFactory - Creating shared instance of singleton bean 'management.metrics.export.simple-org.springframework.boot.actuate.autoconfigure.metrics.export.simple.SimpleProperties'
2026-04-11 00:59:01.639 DEBUG [main] o.s.b.f.s.DefaultListableBeanFactory - Autowiring by type from bean name 'simpleConfig' via factory method to bean named 'management.metrics.export.simple-org.springframework.boot.actuate.autoconfigure.metrics.export.simple.SimpleProperties'
2026-04-11 00:59:01.669 DEBUG [main] o.s.b.f.s.DefaultListableBeanFactory - Creating shared instance of singleton bean 'micrometerClock'
2026-04-11 00:59:01.669 DEBUG [main] o.s.b.f.s.DefaultListableBeanFactory - Creating shared instance of singleton bean 'org.springframework.boot.actuate.autoconfigure.metrics.MetricsAutoConfiguration'
2026-04-11 00:59:01.680 DEBUG [main] o.s.b.f.s.DefaultListableBeanFactory - Autowiring by type from bean name 'simpleMeterRegistry' via factory method to bean named 'simpleConfig'
2026-04-11 00:59:01.680 DEBUG [main] o.s.b.f.s.DefaultListableBeanFactory - Autowiring by type from bean name 'simpleMeterRegistry' via factory method to bean named 'micrometerClock'
2026-04-11 00:59:01.753 DEBUG [main] o.s.b.f.s.DefaultListableBeanFactory - Creating shared instance of singleton bean 'propertiesMeterFilter'
2026-04-11 00:59:01.753 DEBUG [main] o.s.b.f.s.DefaultListableBeanFactory - Autowiring by type from bean name 'propertiesMeterFilter' via factory method to bean named 'management.metrics-org.springframework.boot.actuate.autoconfigure.metrics.MetricsProperties'
2026-04-11 00:59:01.763 DEBUG [main] o.s.b.f.s.DefaultListableBeanFactory - Creating shared instance of singleton bean 'metricsHttpClientUriTagFilter'
2026-04-11 00:59:01.763 DEBUG [main] o.s.b.f.s.DefaultListableBeanFactory - Creating shared instance of singleton bean 'org.springframework.boot.actuate.autoconfigure.metrics.web.client.HttpClientMetricsAutoConfiguration'
2026-04-11 00:59:01.767 DEBUG [main] o.s.b.f.s.DefaultListableBeanFactory - Autowiring by type from bean name 'metricsHttpClientUriTagFilter' via factory method to bean named 'management.metrics-org.springframework.boot.actuate.autoconfigure.metrics.MetricsProperties'
2026-04-11 00:59:01.776 DEBUG [main] o.s.b.f.s.DefaultListableBeanFactory - Creating shared instance of singleton bean 'metricsHttpServerUriTagFilter'
2026-04-11 00:59:01.781 DEBUG [main] o.s.b.f.s.DefaultListableBeanFactory - Creating shared instance of singleton bean 'jvmGcMetrics'
2026-04-11 00:59:01.781 DEBUG [main] o.s.b.f.s.DefaultListableBeanFactory - Creating shared instance of singleton bean 'org.springframework.boot.actuate.autoconfigure.metrics.JvmMetricsAutoConfiguration'
2026-04-11 00:59:01.797 DEBUG [main] i.m.c.u.i.l.InternalLoggerFactory - Using SLF4J as the default logging framework
2026-04-11 00:59:01.814 DEBUG [main] o.s.b.f.s.DefaultListableBeanFactory - Creating shared instance of singleton bean 'jvmHeapPressureMetrics'
2026-04-11 00:59:01.828 DEBUG [main] o.s.b.f.s.DefaultListableBeanFactory - Creating shared instance of singleton bean 'jvmMemoryMetrics'
2026-04-11 00:59:01.835 DEBUG [main] o.s.b.f.s.DefaultListableBeanFactory - Creating shared instance of singleton bean 'jvmThreadMetrics'
2026-04-11 00:59:01.840 DEBUG [main] o.s.b.f.s.DefaultListableBeanFactory - Creating shared instance of singleton bean 'classLoaderMetrics'
2026-04-11 00:59:01.845 DEBUG [main] o.s.b.f.s.DefaultListableBeanFactory - Creating shared instance of singleton bean 'logbackMetrics'
2026-04-11 00:59:01.845 DEBUG [main] o.s.b.f.s.DefaultListableBeanFactory - Creating shared instance of singleton bean 'org.springframework.boot.actuate.autoconfigure.metrics.LogbackMetricsAutoConfiguration'
2026-04-11 00:59:01.857 DEBUG [main] o.s.b.f.s.DefaultListableBeanFactory - Creating shared instance of singleton bean 'uptimeMetrics'
2026-04-11 00:59:01.858 DEBUG [main] o.s.b.f.s.DefaultListableBeanFactory - Creating shared instance of singleton bean 'org.springframework.boot.actuate.autoconfigure.metrics.SystemMetricsAutoConfiguration'
2026-04-11 00:59:01.868 DEBUG [main] o.s.b.f.s.DefaultListableBeanFactory - Creating shared instance of singleton bean 'processorMetrics'
2026-04-11 00:59:01.876 DEBUG [main] o.s.b.f.s.DefaultListableBeanFactory - Creating shared instance of singleton bean 'fileDescriptorMetrics'
2026-04-11 00:59:01.885 DEBUG [main] o.s.b.f.s.DefaultListableBeanFactory - Creating shared instance of singleton bean 'diskSpaceMetrics'
2026-04-11 00:59:01.885 DEBUG [main] o.s.b.f.s.DefaultListableBeanFactory - Autowiring by type from bean name 'diskSpaceMetrics' via factory method to bean named 'management.metrics-org.springframework.boot.actuate.autoconfigure.metrics.MetricsProperties'
2026-04-11 00:59:01.893 DEBUG [main] o.s.b.f.s.DefaultListableBeanFactory - Creating shared instance of singleton bean 'hikariDataSourceMeterBinder'
2026-04-11 00:59:01.894 DEBUG [main] o.s.b.f.s.DefaultListableBeanFactory - Creating shared instance of singleton bean 'org.springframework.boot.actuate.autoconfigure.metrics.jdbc.DataSourcePoolMetricsAutoConfiguration$HikariDataSourceMetricsConfiguration'
2026-04-11 00:59:01.905 DEBUG [main] o.s.b.f.s.DefaultListableBeanFactory - Creating shared instance of singleton bean 'dataSourcePoolMetadataMeterBinder'
2026-04-11 00:59:01.905 DEBUG [main] o.s.b.f.s.DefaultListableBeanFactory - Creating shared instance of singleton bean 'org.springframework.boot.actuate.autoconfigure.metrics.jdbc.DataSourcePoolMetricsAutoConfiguration$DataSourcePoolMetadataMetricsConfiguration'
2026-04-11 00:59:01.907 DEBUG [main] o.s.b.f.s.DefaultListableBeanFactory - Autowiring by type from bean name 'dataSourcePoolMetadataMeterBinder' via factory method to bean named 'dataSource'
2026-04-11 00:59:02.005 DEBUG [main] o.s.b.f.s.DefaultListableBeanFactory - Creating shared instance of singleton bean 'hikariPoolDataSourceMetadataProvider'
2026-04-11 00:59:02.005 DEBUG [main] o.s.b.f.s.DefaultListableBeanFactory - Creating shared instance of singleton bean 'org.springframework.boot.autoconfigure.jdbc.metadata.DataSourcePoolMetadataProvidersConfiguration$HikariPoolDataSourceMetadataProviderConfiguration'
2026-04-11 00:59:02.030 DEBUG [main] o.s.b.f.s.DefaultListableBeanFactory - Creating shared instance of singleton bean 'webMvcTagsProvider'
2026-04-11 00:59:02.038 DEBUG [main] o.s.b.f.s.DefaultListableBeanFactory - Autowiring by type from bean name 'metricsWebMvcConfigurer' via factory method to bean named 'simpleMeterRegistry'
2026-04-11 00:59:02.039 DEBUG [main] o.s.b.f.s.DefaultListableBeanFactory - Autowiring by type from bean name 'metricsWebMvcConfigurer' via factory method to bean named 'webMvcTagsProvider'
2026-04-11 00:59:02.044 DEBUG [main] o.s.b.f.s.DefaultListableBeanFactory - Creating shared instance of singleton bean 'org.springframework.data.web.config.SpringDataWebConfiguration'
2026-04-11 00:59:02.047 DEBUG [main] o.s.b.f.s.DefaultListableBeanFactory - Autowiring by type from bean name 'org.springframework.data.web.config.SpringDataWebConfiguration' via constructor to bean named 'org.springframework.web.context.support.GenericWebApplicationContext@70eecdc2'
2026-04-11 00:59:02.065 DEBUG [main] o.s.b.f.s.DefaultListableBeanFactory - Creating shared instance of singleton bean 'requestMappingHandlerAdapter'
2026-04-11 00:59:02.069 DEBUG [main] o.s.b.f.s.DefaultListableBeanFactory - Creating shared instance of singleton bean 'mvcContentNegotiationManager'
2026-04-11 00:59:02.089 DEBUG [main] o.s.b.f.s.DefaultListableBeanFactory - Creating shared instance of singleton bean 'mvcConversionService'
2026-04-11 00:59:02.132 DEBUG [main] o.s.b.f.s.DefaultListableBeanFactory - Creating shared instance of singleton bean 'mvcValidator'
2026-04-11 00:59:02.144 DEBUG [main] o.s.b.f.s.DefaultListableBeanFactory - Autowiring by type from bean name 'requestMappingHandlerAdapter' via factory method to bean named 'mvcContentNegotiationManager'
2026-04-11 00:59:02.145 DEBUG [main] o.s.b.f.s.DefaultListableBeanFactory - Autowiring by type from bean name 'requestMappingHandlerAdapter' via factory method to bean named 'mvcConversionService'
2026-04-11 00:59:02.145 DEBUG [main] o.s.b.f.s.DefaultListableBeanFactory - Autowiring by type from bean name 'requestMappingHandlerAdapter' via factory method to bean named 'mvcValidator'
2026-04-11 00:59:02.147 DEBUG [main] o.s.b.f.s.DefaultListableBeanFactory - Autowiring by type from bean name 'requestMappingHandlerAdapter' via factory method to bean named 'mvcContentNegotiationManager'
2026-04-11 00:59:02.147 DEBUG [main] o.s.b.f.s.DefaultListableBeanFactory - Autowiring by type from bean name 'requestMappingHandlerAdapter' via factory method to bean named 'mvcConversionService'
2026-04-11 00:59:02.148 DEBUG [main] o.s.b.f.s.DefaultListableBeanFactory - Autowiring by type from bean name 'requestMappingHandlerAdapter' via factory method to bean named 'mvcValidator'
2026-04-11 00:59:02.180 DEBUG [main] o.s.b.f.s.DefaultListableBeanFactory - Creating shared instance of singleton bean 'messageConverters'
2026-04-11 00:59:02.180 DEBUG [main] o.s.b.f.s.DefaultListableBeanFactory - Creating shared instance of singleton bean 'org.springframework.boot.autoconfigure.http.HttpMessageConvertersAutoConfiguration'
2026-04-11 00:59:02.192 DEBUG [main] o.s.b.f.s.DefaultListableBeanFactory - Creating shared instance of singleton bean 'stringHttpMessageConverter'
2026-04-11 00:59:02.192 DEBUG [main] o.s.b.f.s.DefaultListableBeanFactory - Creating shared instance of singleton bean 'org.springframework.boot.autoconfigure.http.HttpMessageConvertersAutoConfiguration$StringHttpMessageConverterConfiguration'
2026-04-11 00:59:02.197 DEBUG [main] o.s.b.f.s.DefaultListableBeanFactory - Autowiring by type from bean name 'stringHttpMessageConverter' via factory method to bean named 'environment'
2026-04-11 00:59:02.234 DEBUG [main] o.s.b.f.s.DefaultListableBeanFactory - Creating shared instance of singleton bean 'mappingJackson2HttpMessageConverter'
2026-04-11 00:59:02.235 DEBUG [main] o.s.b.f.s.DefaultListableBeanFactory - Creating shared instance of singleton bean 'org.springframework.boot.autoconfigure.http.JacksonHttpMessageConvertersConfiguration$MappingJackson2HttpMessageConverterConfiguration'
2026-04-11 00:59:02.240 DEBUG [main] o.s.b.f.s.DefaultListableBeanFactory - Creating shared instance of singleton bean 'jacksonObjectMapper'
2026-04-11 00:59:02.242 DEBUG [main] o.s.b.f.s.DefaultListableBeanFactory - Creating shared instance of singleton bean 'org.springframework.boot.autoconfigure.jackson.JacksonAutoConfiguration$JacksonObjectMapperConfiguration'
2026-04-11 00:59:02.247 DEBUG [main] o.s.b.f.s.DefaultListableBeanFactory - Creating shared instance of singleton bean 'org.springframework.boot.autoconfigure.jackson.JacksonAutoConfiguration$JacksonObjectMapperBuilderConfiguration'
2026-04-11 00:59:02.265 DEBUG [main] o.s.b.f.s.DefaultListableBeanFactory - Creating shared instance of singleton bean 'standardJacksonObjectMapperBuilderCustomizer'
2026-04-11 00:59:02.266 DEBUG [main] o.s.b.f.s.DefaultListableBeanFactory - Creating shared instance of singleton bean 'org.springframework.boot.autoconfigure.jackson.JacksonAutoConfiguration$Jackson2ObjectMapperBuilderCustomizerConfiguration'
2026-04-11 00:59:02.273 DEBUG [main] o.s.b.f.s.DefaultListableBeanFactory - Creating shared instance of singleton bean 'spring.jackson-org.springframework.boot.autoconfigure.jackson.JacksonProperties'
2026-04-11 00:59:02.284 DEBUG [main] o.s.b.f.s.DefaultListableBeanFactory - Autowiring by type from bean name 'standardJacksonObjectMapperBuilderCustomizer' via factory method to bean named 'org.springframework.web.context.support.GenericWebApplicationContext@70eecdc2'
2026-04-11 00:59:02.286 DEBUG [main] o.s.b.f.s.DefaultListableBeanFactory - Autowiring by type from bean name 'standardJacksonObjectMapperBuilderCustomizer' via factory method to bean named 'spring.jackson-org.springframework.boot.autoconfigure.jackson.JacksonProperties'
2026-04-11 00:59:02.297 DEBUG [main] o.s.b.f.s.DefaultListableBeanFactory - Autowiring by type from bean name 'jacksonObjectMapperBuilder' via factory method to bean named 'org.springframework.web.context.support.GenericWebApplicationContext@70eecdc2'
2026-04-11 00:59:02.298 DEBUG [main] o.s.b.f.s.DefaultListableBeanFactory - Autowiring by type from bean name 'jacksonObjectMapperBuilder' via factory method to bean named 'standardJacksonObjectMapperBuilderCustomizer'
2026-04-11 00:59:02.306 DEBUG [main] o.s.b.f.s.DefaultListableBeanFactory - Creating shared instance of singleton bean 'parameterNamesModule'
2026-04-11 00:59:02.307 DEBUG [main] o.s.b.f.s.DefaultListableBeanFactory - Creating shared instance of singleton bean 'org.springframework.boot.autoconfigure.jackson.JacksonAutoConfiguration$ParameterNamesModuleConfiguration'
2026-04-11 00:59:02.361 DEBUG [main] o.s.b.f.s.DefaultListableBeanFactory - Creating shared instance of singleton bean 'jsonComponentModule'
2026-04-11 00:59:02.361 DEBUG [main] o.s.b.f.s.DefaultListableBeanFactory - Creating shared instance of singleton bean 'org.springframework.boot.autoconfigure.jackson.JacksonAutoConfiguration'
2026-04-11 00:59:02.384 DEBUG [main] o.s.b.f.s.DefaultListableBeanFactory - Creating shared instance of singleton bean 'jsonMixinModule'
2026-04-11 00:59:02.386 DEBUG [main] o.s.b.f.s.DefaultListableBeanFactory - Autowiring by type from bean name 'jsonMixinModule' via factory method to bean named 'org.springframework.web.context.support.GenericWebApplicationContext@70eecdc2'
2026-04-11 00:59:02.419 DEBUG [main] o.s.b.f.s.DefaultListableBeanFactory - Creating shared instance of singleton bean 'jacksonGeoModule'
2026-04-11 00:59:02.419 DEBUG [main] o.s.b.f.s.DefaultListableBeanFactory - Creating shared instance of singleton bean 'org.springframework.data.web.config.SpringDataJacksonConfiguration'
2026-04-11 00:59:02.444 DEBUG [main] o.s.b.f.s.DefaultListableBeanFactory - Autowiring by type from bean name 'jacksonObjectMapper' via factory method to bean named 'jacksonObjectMapperBuilder'
2026-04-11 00:59:02.523 DEBUG [main] o.s.b.f.s.DefaultListableBeanFactory - Autowiring by type from bean name 'mappingJackson2HttpMessageConverter' via factory method to bean named 'jacksonObjectMapper'
2026-04-11 00:59:02.631 DEBUG [main] o.s.b.f.s.DefaultListableBeanFactory - Creating shared instance of singleton bean 'sortResolver'
2026-04-11 00:59:02.641 DEBUG [main] o.s.b.f.s.DefaultListableBeanFactory - Creating shared instance of singleton bean 'sortCustomizer'
2026-04-11 00:59:02.641 DEBUG [main] o.s.b.f.s.DefaultListableBeanFactory - Creating shared instance of singleton bean 'org.springframework.boot.autoconfigure.data.web.SpringDataWebAutoConfiguration'
2026-04-11 00:59:02.642 DEBUG [main] o.s.b.f.s.DefaultListableBeanFactory - Creating shared instance of singleton bean 'spring.data.web-org.springframework.boot.autoconfigure.data.web.SpringDataWebProperties'
2026-04-11 00:59:02.647 DEBUG [main] o.s.b.f.s.DefaultListableBeanFactory - Autowiring by type from bean name 'org.springframework.boot.autoconfigure.data.web.SpringDataWebAutoConfiguration' via constructor to bean named 'spring.data.web-org.springframework.boot.autoconfigure.data.web.SpringDataWebProperties'
2026-04-11 00:59:02.664 DEBUG [main] o.s.b.f.s.DefaultListableBeanFactory - Creating shared instance of singleton bean 'pageableResolver'
2026-04-11 00:59:02.669 DEBUG [main] o.s.b.f.s.DefaultListableBeanFactory - Creating shared instance of singleton bean 'pageableCustomizer'
2026-04-11 00:59:02.692 DEBUG [main] o.s.b.f.s.DefaultListableBeanFactory - Creating shared instance of singleton bean 'applicationTaskExecutor'
2026-04-11 00:59:02.697 DEBUG [main] o.s.b.f.s.DefaultListableBeanFactory - Autowiring by type from bean name 'applicationTaskExecutor' via factory method to bean named 'taskExecutorBuilder'
2026-04-11 00:59:02.755 DEBUG [main] o.s.s.c.ThreadPoolTaskExecutor - Initializing ExecutorService 'applicationTaskExecutor'
2026-04-11 00:59:02.797 DEBUG [main] o.s.w.s.m.m.a.RequestMappingHandlerAdapter - ControllerAdvice beans: 0 @ModelAttribute, 0 @InitBinder, 1 RequestBodyAdvice, 1 ResponseBodyAdvice
2026-04-11 00:59:02.874 DEBUG [main] o.s.b.f.s.DefaultListableBeanFactory - Creating shared instance of singleton bean 'welcomePageHandlerMapping'
2026-04-11 00:59:02.877 DEBUG [main] o.s.b.f.s.DefaultListableBeanFactory - Creating shared instance of singleton bean 'mvcResourceUrlProvider'
2026-04-11 00:59:02.896 DEBUG [main] o.s.b.f.s.DefaultListableBeanFactory - Autowiring by type from bean name 'welcomePageHandlerMapping' via factory method to bean named 'org.springframework.web.context.support.GenericWebApplicationContext@70eecdc2'
2026-04-11 00:59:02.897 DEBUG [main] o.s.b.f.s.DefaultListableBeanFactory - Autowiring by type from bean name 'welcomePageHandlerMapping' via factory method to bean named 'mvcConversionService'
2026-04-11 00:59:02.897 DEBUG [main] o.s.b.f.s.DefaultListableBeanFactory - Autowiring by type from bean name 'welcomePageHandlerMapping' via factory method to bean named 'mvcResourceUrlProvider'
2026-04-11 00:59:02.945 DEBUG [main] o.s.b.f.s.DefaultListableBeanFactory - Creating shared instance of singleton bean 'welcomePageNotAcceptableHandlerMapping'
2026-04-11 00:59:02.945 DEBUG [main] o.s.b.f.s.DefaultListableBeanFactory - Autowiring by type from bean name 'welcomePageNotAcceptableHandlerMapping' via factory method to bean named 'org.springframework.web.context.support.GenericWebApplicationContext@70eecdc2'
2026-04-11 00:59:02.945 DEBUG [main] o.s.b.f.s.DefaultListableBeanFactory - Autowiring by type from bean name 'welcomePageNotAcceptableHandlerMapping' via factory method to bean named 'mvcConversionService'
2026-04-11 00:59:02.945 DEBUG [main] o.s.b.f.s.DefaultListableBeanFactory - Autowiring by type from bean name 'welcomePageNotAcceptableHandlerMapping' via factory method to bean named 'mvcResourceUrlProvider'
2026-04-11 00:59:02.965 DEBUG [main] o.s.b.f.s.DefaultListableBeanFactory - Creating shared instance of singleton bean 'localeResolver'
2026-04-11 00:59:02.974 DEBUG [main] o.s.b.f.s.DefaultListableBeanFactory - Creating shared instance of singleton bean 'themeResolver'
2026-04-11 00:59:02.982 DEBUG [main] o.s.b.f.s.DefaultListableBeanFactory - Creating shared instance of singleton bean 'flashMapManager'
2026-04-11 00:59:02.996 DEBUG [main] o.s.b.f.s.DefaultListableBeanFactory - Creating shared instance of singleton bean 'requestMappingHandlerMapping'
2026-04-11 00:59:02.998 DEBUG [main] o.s.b.f.s.DefaultListableBeanFactory - Autowiring by type from bean name 'requestMappingHandlerMapping' via factory method to bean named 'mvcContentNegotiationManager'
2026-04-11 00:59:02.998 DEBUG [main] o.s.b.f.s.DefaultListableBeanFactory - Autowiring by type from bean name 'requestMappingHandlerMapping' via factory method to bean named 'mvcConversionService'
2026-04-11 00:59:02.998 DEBUG [main] o.s.b.f.s.DefaultListableBeanFactory - Autowiring by type from bean name 'requestMappingHandlerMapping' via factory method to bean named 'mvcResourceUrlProvider'
2026-04-11 00:59:03.170 DEBUG [main] _.s.w.s.HandlerMapping.Mappings - 
	c.d.c.c.FumettoController:
	{PUT [/api/fumetti/aggiorna/{id}]}: aggiornaFumetto(Integer,FumettoDTO)
	{GET [/api/fumetti]}: getAllFumetti()
	{DELETE [/api/fumetti/elimina/{id}]}: eliminaFumetto(Integer)
	{GET [/api/fumetti/ricerca/{id}]}: getFumetto(Integer)
	{POST [/api/fumetti/crea]}: creaNuovoFumetto(FumettoDTO)
	{GET [/api/fumetti/ricerca/filtri]}: getFumettiPerFiltri(String,LocalDateTime)
2026-04-11 00:59:03.185 DEBUG [main] _.s.w.s.HandlerMapping.Mappings - 
	c.d.c.c.GenereController:
	{GET [/api/genere]}: getAllGenere()
	{POST [/api/genere/crea]}: creaNuovoGenere(GenereDTO)
	{PUT [/api/genere/aggiorna/{id}]}: aggiornaGenere(Integer,GenereDTO)
	{DELETE [/api/genere/elimina/{id}]}: eliminaGenere(Integer)
2026-04-11 00:59:03.193 DEBUG [main] _.s.w.s.HandlerMapping.Mappings - 
	o.s.b.a.w.s.e.BasicErrorController:
	{ [/error]}: error(HttpServletRequest)
	{ [/error], produces [text/html]}: errorHtml(HttpServletRequest,HttpServletResponse)
2026-04-11 00:59:03.198 DEBUG [main] o.s.w.s.m.m.a.RequestMappingHandlerMapping - 12 mappings in 'requestMappingHandlerMapping'
2026-04-11 00:59:03.201 DEBUG [main] o.s.b.f.s.DefaultListableBeanFactory - Creating shared instance of singleton bean 'mvcPatternParser'
2026-04-11 00:59:03.204 DEBUG [main] o.s.b.f.s.DefaultListableBeanFactory - Creating shared instance of singleton bean 'mvcUrlPathHelper'
2026-04-11 00:59:03.207 DEBUG [main] o.s.b.f.s.DefaultListableBeanFactory - Creating shared instance of singleton bean 'mvcPathMatcher'
2026-04-11 00:59:03.212 DEBUG [main] o.s.b.f.s.DefaultListableBeanFactory - Creating shared instance of singleton bean 'viewControllerHandlerMapping'
2026-04-11 00:59:03.214 DEBUG [main] o.s.b.f.s.DefaultListableBeanFactory - Autowiring by type from bean name 'viewControllerHandlerMapping' via factory method to bean named 'mvcConversionService'
2026-04-11 00:59:03.214 DEBUG [main] o.s.b.f.s.DefaultListableBeanFactory - Autowiring by type from bean name 'viewControllerHandlerMapping' via factory method to bean named 'mvcResourceUrlProvider'
2026-04-11 00:59:03.219 DEBUG [main] o.s.b.f.s.DefaultListableBeanFactory - Creating shared instance of singleton bean 'beanNameHandlerMapping'
2026-04-11 00:59:03.221 DEBUG [main] o.s.b.f.s.DefaultListableBeanFactory - Autowiring by type from bean name 'beanNameHandlerMapping' via factory method to bean named 'mvcConversionService'
2026-04-11 00:59:03.221 DEBUG [main] o.s.b.f.s.DefaultListableBeanFactory - Autowiring by type from bean name 'beanNameHandlerMapping' via factory method to bean named 'mvcResourceUrlProvider'
2026-04-11 00:59:03.241 DEBUG [main] _.s.w.s.HandlerMapping.Mappings - 'beanNameHandlerMapping' {}
2026-04-11 00:59:03.244 DEBUG [main] o.s.b.f.s.DefaultListableBeanFactory - Creating shared instance of singleton bean 'routerFunctionMapping'
2026-04-11 00:59:03.246 DEBUG [main] o.s.b.f.s.DefaultListableBeanFactory - Autowiring by type from bean name 'routerFunctionMapping' via factory method to bean named 'mvcConversionService'
2026-04-11 00:59:03.246 DEBUG [main] o.s.b.f.s.DefaultListableBeanFactory - Autowiring by type from bean name 'routerFunctionMapping' via factory method to bean named 'mvcResourceUrlProvider'
2026-04-11 00:59:03.269 DEBUG [main] o.s.b.f.s.DefaultListableBeanFactory - Creating shared instance of singleton bean 'resourceHandlerMapping'
2026-04-11 00:59:03.270 DEBUG [main] o.s.b.f.s.DefaultListableBeanFactory - Autowiring by type from bean name 'resourceHandlerMapping' via factory method to bean named 'mvcContentNegotiationManager'
2026-04-11 00:59:03.270 DEBUG [main] o.s.b.f.s.DefaultListableBeanFactory - Autowiring by type from bean name 'resourceHandlerMapping' via factory method to bean named 'mvcConversionService'
2026-04-11 00:59:03.270 DEBUG [main] o.s.b.f.s.DefaultListableBeanFactory - Autowiring by type from bean name 'resourceHandlerMapping' via factory method to bean named 'mvcResourceUrlProvider'
2026-04-11 00:59:03.301 DEBUG [main] _.s.w.s.HandlerMapping.Mappings - 'resourceHandlerMapping' {/webjars/**=ResourceHttpRequestHandler [classpath [META-INF/resources/webjars/]], /**=ResourceHttpRequestHandler [classpath [META-INF/resources/], classpath [resources/], classpath [static/], classpath [public/], ServletContext [/]]}
2026-04-11 00:59:03.305 DEBUG [main] o.s.b.f.s.DefaultListableBeanFactory - Creating shared instance of singleton bean 'defaultServletHandlerMapping'
2026-04-11 00:59:03.306 DEBUG [main] o.s.b.f.s.DefaultListableBeanFactory - Creating shared instance of singleton bean 'handlerFunctionAdapter'
2026-04-11 00:59:03.314 DEBUG [main] o.s.b.f.s.DefaultListableBeanFactory - Creating shared instance of singleton bean 'mvcUriComponentsContributor'
2026-04-11 00:59:03.315 DEBUG [main] o.s.b.f.s.DefaultListableBeanFactory - Autowiring by type from bean name 'mvcUriComponentsContributor' via factory method to bean named 'mvcConversionService'
2026-04-11 00:59:03.315 DEBUG [main] o.s.b.f.s.DefaultListableBeanFactory - Autowiring by type from bean name 'mvcUriComponentsContributor' via factory method to bean named 'requestMappingHandlerAdapter'
2026-04-11 00:59:03.329 DEBUG [main] o.s.b.f.s.DefaultListableBeanFactory - Creating shared instance of singleton bean 'httpRequestHandlerAdapter'
2026-04-11 00:59:03.338 DEBUG [main] o.s.b.f.s.DefaultListableBeanFactory - Creating shared instance of singleton bean 'simpleControllerHandlerAdapter'
2026-04-11 00:59:03.341 DEBUG [main] o.s.b.f.s.DefaultListableBeanFactory - Creating shared instance of singleton bean 'handlerExceptionResolver'
2026-04-11 00:59:03.343 DEBUG [main] o.s.b.f.s.DefaultListableBeanFactory - Autowiring by type from bean name 'handlerExceptionResolver' via factory method to bean named 'mvcContentNegotiationManager'
2026-04-11 00:59:03.353 DEBUG [main] o.s.w.s.m.m.a.ExceptionHandlerExceptionResolver - ControllerAdvice beans: 1 @ExceptionHandler, 1 ResponseBodyAdvice
2026-04-11 00:59:03.366 DEBUG [main] o.s.b.f.s.DefaultListableBeanFactory - Creating shared instance of singleton bean 'mvcViewResolver'
2026-04-11 00:59:03.368 DEBUG [main] o.s.b.f.s.DefaultListableBeanFactory - Autowiring by type from bean name 'mvcViewResolver' via factory method to bean named 'mvcContentNegotiationManager'
2026-04-11 00:59:03.382 DEBUG [main] o.s.b.f.s.DefaultListableBeanFactory - Creating shared instance of singleton bean 'viewNameTranslator'
2026-04-11 00:59:03.392 DEBUG [main] o.s.b.f.s.DefaultListableBeanFactory - Creating shared instance of singleton bean 'defaultViewResolver'
2026-04-11 00:59:03.424 DEBUG [main] o.s.b.f.s.DefaultListableBeanFactory - Creating shared instance of singleton bean 'viewResolver'
2026-04-11 00:59:03.425 DEBUG [main] o.s.b.f.s.DefaultListableBeanFactory - Autowiring by type from bean name 'viewResolver' via factory method to bean named 'org.springframework.beans.factory.support.DefaultListableBeanFactory@7a356a0d'
2026-04-11 00:59:03.442 DEBUG [main] o.s.b.f.s.DefaultListableBeanFactory - Creating shared instance of singleton bean 'viewResolver'
2026-04-11 00:59:03.444 DEBUG [main] o.s.b.f.s.DefaultListableBeanFactory - Creating shared instance of singleton bean 'requestContextFilter'
2026-04-11 00:59:03.472 DEBUG [main] o.s.b.f.s.DefaultListableBeanFactory - Creating shared instance of singleton bean 'org.springframework.boot.autoconfigure.web.servlet.WebMvcAutoConfiguration'
2026-04-11 00:59:03.475 DEBUG [main] o.s.b.f.s.DefaultListableBeanFactory - Creating shared instance of singleton bean 'formContentFilter'
2026-04-11 00:59:03.498 DEBUG [main] o.s.b.f.s.DefaultListableBeanFactory - Creating shared instance of singleton bean 'org.springframework.boot.autoconfigure.availability.ApplicationAvailabilityAutoConfiguration'
2026-04-11 00:59:03.501 DEBUG [main] o.s.b.f.s.DefaultListableBeanFactory - Creating shared instance of singleton bean 'applicationAvailability'
2026-04-11 00:59:03.510 DEBUG [main] o.s.b.f.s.DefaultListableBeanFactory - Creating shared instance of singleton bean 'org.springframework.boot.actuate.autoconfigure.availability.AvailabilityHealthContributorAutoConfiguration'
2026-04-11 00:59:03.514 DEBUG [main] o.s.b.f.s.DefaultListableBeanFactory - Creating shared instance of singleton bean 'org.springframework.boot.autoconfigure.transaction.jta.JtaAutoConfiguration'
2026-04-11 00:59:03.520 DEBUG [main] o.s.b.f.s.DefaultListableBeanFactory - Creating shared instance of singleton bean 'org.springframework.boot.autoconfigure.jdbc.metadata.DataSourcePoolMetadataProvidersConfiguration'
2026-04-11 00:59:03.521 DEBUG [main] o.s.b.f.s.DefaultListableBeanFactory - Creating shared instance of singleton bean 'org.springframework.boot.autoconfigure.jdbc.DataSourceAutoConfiguration'
2026-04-11 00:59:03.523 DEBUG [main] o.s.b.f.s.DefaultListableBeanFactory - Creating shared instance of singleton bean 'spring.datasource-org.springframework.boot.autoconfigure.jdbc.DataSourceProperties'
2026-04-11 00:59:03.542 DEBUG [main] o.s.b.f.s.DefaultListableBeanFactory - Creating shared instance of singleton bean 'org.springframework.boot.autoconfigure.orm.jpa.HibernateJpaConfiguration'
2026-04-11 00:59:03.543 DEBUG [main] o.s.b.f.s.DefaultListableBeanFactory - Creating shared instance of singleton bean 'spring.jpa.hibernate-org.springframework.boot.autoconfigure.orm.jpa.HibernateProperties'
2026-04-11 00:59:03.548 DEBUG [main] o.s.b.f.s.DefaultListableBeanFactory - Autowiring by type from bean name 'org.springframework.boot.autoconfigure.orm.jpa.HibernateJpaConfiguration' via constructor to bean named 'dataSource'
2026-04-11 00:59:03.548 DEBUG [main] o.s.b.f.s.DefaultListableBeanFactory - Autowiring by type from bean name 'org.springframework.boot.autoconfigure.orm.jpa.HibernateJpaConfiguration' via constructor to bean named 'spring.jpa-org.springframework.boot.autoconfigure.orm.jpa.JpaProperties'
2026-04-11 00:59:03.548 DEBUG [main] o.s.b.f.s.DefaultListableBeanFactory - Autowiring by type from bean name 'org.springframework.boot.autoconfigure.orm.jpa.HibernateJpaConfiguration' via constructor to bean named 'org.springframework.beans.factory.support.DefaultListableBeanFactory@7a356a0d'
2026-04-11 00:59:03.548 DEBUG [main] o.s.b.f.s.DefaultListableBeanFactory - Autowiring by type from bean name 'org.springframework.boot.autoconfigure.orm.jpa.HibernateJpaConfiguration' via constructor to bean named 'spring.jpa.hibernate-org.springframework.boot.autoconfigure.orm.jpa.HibernateProperties'
2026-04-11 00:59:03.559 DEBUG [main] o.s.b.f.s.DefaultListableBeanFactory - Creating shared instance of singleton bean 'transactionManager'
2026-04-11 00:59:03.570 DEBUG [main] o.s.b.f.s.DefaultListableBeanFactory - Creating shared instance of singleton bean 'platformTransactionManagerCustomizers'
2026-04-11 00:59:03.572 DEBUG [main] o.s.b.f.s.DefaultListableBeanFactory - Creating shared instance of singleton bean 'org.springframework.boot.autoconfigure.transaction.TransactionAutoConfiguration'
2026-04-11 00:59:03.575 DEBUG [main] o.s.b.f.s.DefaultListableBeanFactory - Creating shared instance of singleton bean 'spring.transaction-org.springframework.boot.autoconfigure.transaction.TransactionProperties'
2026-04-11 00:59:03.612 DEBUG [main] o.s.b.f.s.DefaultListableBeanFactory - Creating shared instance of singleton bean 'jpaVendorAdapter'
2026-04-11 00:59:03.631 DEBUG [main] o.s.b.f.s.DefaultListableBeanFactory - Creating shared instance of singleton bean 'entityManagerFactoryBuilder'
2026-04-11 00:59:03.633 DEBUG [main] o.s.b.f.s.DefaultListableBeanFactory - Autowiring by type from bean name 'entityManagerFactoryBuilder' via factory method to bean named 'jpaVendorAdapter'
2026-04-11 00:59:03.643 DEBUG [main] o.s.b.f.s.DefaultListableBeanFactory - Creating shared instance of singleton bean 'org.springframework.boot.autoconfigure.orm.jpa.HibernateJpaAutoConfiguration'
2026-04-11 00:59:03.644 DEBUG [main] o.s.b.f.s.DefaultListableBeanFactory - Creating shared instance of singleton bean 'org.springframework.boot.actuate.autoconfigure.web.servlet.ServletManagementContextAutoConfiguration'
2026-04-11 00:59:03.647 DEBUG [main] o.s.b.f.s.DefaultListableBeanFactory - Creating shared instance of singleton bean 'servletWebChildContextFactory'
2026-04-11 00:59:03.657 DEBUG [main] o.s.b.f.s.DefaultListableBeanFactory - Creating shared instance of singleton bean 'managementServletContext'
2026-04-11 00:59:03.657 DEBUG [main] o.s.b.f.s.DefaultListableBeanFactory - Creating shared instance of singleton bean 'management.endpoints.web-org.springframework.boot.actuate.autoconfigure.endpoint.web.WebEndpointProperties'
2026-04-11 00:59:03.662 DEBUG [main] o.s.b.f.s.DefaultListableBeanFactory - Autowiring by type from bean name 'managementServletContext' via factory method to bean named 'management.endpoints.web-org.springframework.boot.actuate.autoconfigure.endpoint.web.WebEndpointProperties'
2026-04-11 00:59:03.663 DEBUG [main] o.s.b.f.s.DefaultListableBeanFactory - Creating shared instance of singleton bean 'org.springframework.boot.actuate.autoconfigure.health.HealthEndpointConfiguration'
2026-04-11 00:59:03.669 DEBUG [main] o.s.b.f.s.DefaultListableBeanFactory - Creating shared instance of singleton bean 'healthStatusAggregator'
2026-04-11 00:59:03.671 DEBUG [main] o.s.b.f.s.DefaultListableBeanFactory - Creating shared instance of singleton bean 'management.endpoint.health-org.springframework.boot.actuate.autoconfigure.health.HealthEndpointProperties'
2026-04-11 00:59:03.681 DEBUG [main] o.s.b.f.s.DefaultListableBeanFactory - Autowiring by type from bean name 'healthStatusAggregator' via factory method to bean named 'management.endpoint.health-org.springframework.boot.actuate.autoconfigure.health.HealthEndpointProperties'
2026-04-11 00:59:03.690 DEBUG [main] o.s.b.f.s.DefaultListableBeanFactory - Creating shared instance of singleton bean 'healthHttpCodeStatusMapper'
2026-04-11 00:59:03.690 DEBUG [main] o.s.b.f.s.DefaultListableBeanFactory - Autowiring by type from bean name 'healthHttpCodeStatusMapper' via factory method to bean named 'management.endpoint.health-org.springframework.boot.actuate.autoconfigure.health.HealthEndpointProperties'
2026-04-11 00:59:03.694 DEBUG [main] o.s.b.f.s.DefaultListableBeanFactory - Creating shared instance of singleton bean 'healthEndpointGroups'
2026-04-11 00:59:03.696 DEBUG [main] o.s.b.f.s.DefaultListableBeanFactory - Autowiring by type from bean name 'healthEndpointGroups' via factory method to bean named 'org.springframework.web.context.support.GenericWebApplicationContext@70eecdc2'
2026-04-11 00:59:03.696 DEBUG [main] o.s.b.f.s.DefaultListableBeanFactory - Autowiring by type from bean name 'healthEndpointGroups' via factory method to bean named 'management.endpoint.health-org.springframework.boot.actuate.autoconfigure.health.HealthEndpointProperties'
2026-04-11 00:59:03.713 DEBUG [main] o.s.b.f.s.DefaultListableBeanFactory - Creating shared instance of singleton bean 'healthContributorRegistry'
2026-04-11 00:59:03.717 DEBUG [main] o.s.b.f.s.DefaultListableBeanFactory - Creating shared instance of singleton bean 'diskSpaceHealthIndicator'
2026-04-11 00:59:03.717 DEBUG [main] o.s.b.f.s.DefaultListableBeanFactory - Creating shared instance of singleton bean 'org.springframework.boot.actuate.autoconfigure.system.DiskSpaceHealthContributorAutoConfiguration'
2026-04-11 00:59:03.721 DEBUG [main] o.s.b.f.s.DefaultListableBeanFactory - Creating shared instance of singleton bean 'management.health.diskspace-org.springframework.boot.actuate.autoconfigure.system.DiskSpaceHealthIndicatorProperties'
2026-04-11 00:59:03.724 DEBUG [main] o.s.b.f.s.DefaultListableBeanFactory - Autowiring by type from bean name 'diskSpaceHealthIndicator' via factory method to bean named 'management.health.diskspace-org.springframework.boot.actuate.autoconfigure.system.DiskSpaceHealthIndicatorProperties'
2026-04-11 00:59:03.734 DEBUG [main] o.s.b.f.s.DefaultListableBeanFactory - Creating shared instance of singleton bean 'pingHealthContributor'
2026-04-11 00:59:03.734 DEBUG [main] o.s.b.f.s.DefaultListableBeanFactory - Creating shared instance of singleton bean 'org.springframework.boot.actuate.autoconfigure.health.HealthContributorAutoConfiguration'
2026-04-11 00:59:03.738 DEBUG [main] o.s.b.f.s.DefaultListableBeanFactory - Creating shared instance of singleton bean 'dbHealthContributor'
2026-04-11 00:59:03.740 DEBUG [main] o.s.b.f.s.DefaultListableBeanFactory - Creating shared instance of singleton bean 'org.springframework.boot.actuate.autoconfigure.jdbc.DataSourceHealthContributorAutoConfiguration'
2026-04-11 00:59:03.743 DEBUG [main] o.s.b.f.s.DefaultListableBeanFactory - Creating shared instance of singleton bean 'management.health.db-org.springframework.boot.actuate.autoconfigure.jdbc.DataSourceHealthIndicatorProperties'
2026-04-11 00:59:03.747 DEBUG [main] o.s.b.f.s.DefaultListableBeanFactory - Autowiring by type from bean name 'dbHealthContributor' via factory method to bean named 'dataSource'
2026-04-11 00:59:03.747 DEBUG [main] o.s.b.f.s.DefaultListableBeanFactory - Autowiring by type from bean name 'dbHealthContributor' via factory method to bean named 'management.health.db-org.springframework.boot.actuate.autoconfigure.jdbc.DataSourceHealthIndicatorProperties'
2026-04-11 00:59:03.766 DEBUG [main] o.s.b.f.s.DefaultListableBeanFactory - Autowiring by type from bean name 'healthContributorRegistry' via factory method to bean named 'org.springframework.web.context.support.GenericWebApplicationContext@70eecdc2'
2026-04-11 00:59:03.766 DEBUG [main] o.s.b.f.s.DefaultListableBeanFactory - Autowiring by type from bean name 'healthContributorRegistry' via factory method to bean named 'healthEndpointGroups'
2026-04-11 00:59:03.766 DEBUG [main] o.s.b.f.s.DefaultListableBeanFactory - Autowiring by type from bean name 'healthContributorRegistry' via factory method to bean named 'diskSpaceHealthIndicator'
2026-04-11 00:59:03.766 DEBUG [main] o.s.b.f.s.DefaultListableBeanFactory - Autowiring by type from bean name 'healthContributorRegistry' via factory method to bean named 'pingHealthContributor'
2026-04-11 00:59:03.766 DEBUG [main] o.s.b.f.s.DefaultListableBeanFactory - Autowiring by type from bean name 'healthContributorRegistry' via factory method to bean named 'dbHealthContributor'
2026-04-11 00:59:03.780 DEBUG [main] o.s.b.f.s.DefaultListableBeanFactory - Creating shared instance of singleton bean 'healthEndpoint'
2026-04-11 00:59:03.782 DEBUG [main] o.s.b.f.s.DefaultListableBeanFactory - Autowiring by type from bean name 'healthEndpoint' via factory method to bean named 'healthContributorRegistry'
2026-04-11 00:59:03.782 DEBUG [main] o.s.b.f.s.DefaultListableBeanFactory - Autowiring by type from bean name 'healthEndpoint' via factory method to bean named 'healthEndpointGroups'
2026-04-11 00:59:03.782 DEBUG [main] o.s.b.f.s.DefaultListableBeanFactory - Autowiring by type from bean name 'healthEndpoint' via factory method to bean named 'management.endpoint.health-org.springframework.boot.actuate.autoconfigure.health.HealthEndpointProperties'
2026-04-11 00:59:03.794 DEBUG [main] o.s.b.f.s.DefaultListableBeanFactory - Creating shared instance of singleton bean 'org.springframework.boot.actuate.autoconfigure.health.HealthEndpointWebExtensionConfiguration$MvcAdditionalHealthEndpointPathsConfiguration'
2026-04-11 00:59:03.797 DEBUG [main] o.s.b.f.s.DefaultListableBeanFactory - Creating shared instance of singleton bean 'healthEndpointWebMvcHandlerMapping'
2026-04-11 00:59:03.797 DEBUG [main] o.s.b.f.s.DefaultListableBeanFactory - Creating shared instance of singleton bean 'webEndpointDiscoverer'
2026-04-11 00:59:03.798 DEBUG [main] o.s.b.f.s.DefaultListableBeanFactory - Creating shared instance of singleton bean 'org.springframework.boot.actuate.autoconfigure.endpoint.web.WebEndpointAutoConfiguration'
2026-04-11 00:59:03.798 DEBUG [main] o.s.b.f.s.DefaultListableBeanFactory - Autowiring by type from bean name 'org.springframework.boot.actuate.autoconfigure.endpoint.web.WebEndpointAutoConfiguration' via constructor to bean named 'org.springframework.web.context.support.GenericWebApplicationContext@70eecdc2'
2026-04-11 00:59:03.799 DEBUG [main] o.s.b.f.s.DefaultListableBeanFactory - Autowiring by type from bean name 'org.springframework.boot.actuate.autoconfigure.endpoint.web.WebEndpointAutoConfiguration' via constructor to bean named 'management.endpoints.web-org.springframework.boot.actuate.autoconfigure.endpoint.web.WebEndpointProperties'
2026-04-11 00:59:03.802 DEBUG [main] o.s.b.f.s.DefaultListableBeanFactory - Creating shared instance of singleton bean 'endpointOperationParameterMapper'
2026-04-11 00:59:03.802 DEBUG [main] o.s.b.f.s.DefaultListableBeanFactory - Creating shared instance of singleton bean 'org.springframework.boot.actuate.autoconfigure.endpoint.EndpointAutoConfiguration'
2026-04-11 00:59:03.812 DEBUG [main] o.s.b.f.s.DefaultListableBeanFactory - Creating shared instance of singleton bean 'endpointMediaTypes'
2026-04-11 00:59:03.815 DEBUG [main] o.s.b.f.s.DefaultListableBeanFactory - Autowiring by type from bean name 'webEndpointDiscoverer' via factory method to bean named 'endpointOperationParameterMapper'
2026-04-11 00:59:03.815 DEBUG [main] o.s.b.f.s.DefaultListableBeanFactory - Autowiring by type from bean name 'webEndpointDiscoverer' via factory method to bean named 'endpointMediaTypes'
2026-04-11 00:59:03.819 DEBUG [main] o.s.b.f.s.DefaultListableBeanFactory - Creating shared instance of singleton bean 'webEndpointPathMapper'
2026-04-11 00:59:03.822 DEBUG [main] o.s.b.f.s.DefaultListableBeanFactory - Creating shared instance of singleton bean 'endpointCachingOperationInvokerAdvisor'
2026-04-11 00:59:03.823 DEBUG [main] o.s.b.f.s.DefaultListableBeanFactory - Autowiring by type from bean name 'endpointCachingOperationInvokerAdvisor' via factory method to bean named 'environment'
2026-04-11 00:59:03.830 DEBUG [main] o.s.b.f.s.DefaultListableBeanFactory - Creating shared instance of singleton bean 'webExposeExcludePropertyEndpointFilter'
2026-04-11 00:59:03.852 DEBUG [main] o.s.b.f.s.DefaultListableBeanFactory - Autowiring by type from bean name 'healthEndpointWebMvcHandlerMapping' via factory method to bean named 'webEndpointDiscoverer'
2026-04-11 00:59:03.852 DEBUG [main] o.s.b.f.s.DefaultListableBeanFactory - Autowiring by type from bean name 'healthEndpointWebMvcHandlerMapping' via factory method to bean named 'healthEndpointGroups'
2026-04-11 00:59:03.906 DEBUG [main] o.s.b.f.s.DefaultListableBeanFactory - Creating shared instance of singleton bean 'healthEndpointWebExtension'
2026-04-11 00:59:03.906 DEBUG [main] o.s.b.f.s.DefaultListableBeanFactory - Creating shared instance of singleton bean 'org.springframework.boot.actuate.autoconfigure.health.HealthEndpointWebExtensionConfiguration'
2026-04-11 00:59:03.910 DEBUG [main] o.s.b.f.s.DefaultListableBeanFactory - Autowiring by type from bean name 'healthEndpointWebExtension' via factory method to bean named 'healthContributorRegistry'
2026-04-11 00:59:03.910 DEBUG [main] o.s.b.f.s.DefaultListableBeanFactory - Autowiring by type from bean name 'healthEndpointWebExtension' via factory method to bean named 'healthEndpointGroups'
2026-04-11 00:59:03.910 DEBUG [main] o.s.b.f.s.DefaultListableBeanFactory - Autowiring by type from bean name 'healthEndpointWebExtension' via factory method to bean named 'management.endpoint.health-org.springframework.boot.actuate.autoconfigure.health.HealthEndpointProperties'
2026-04-11 00:59:03.955 DEBUG [main] o.s.b.f.s.DefaultListableBeanFactory - Creating shared instance of singleton bean 'org.springframework.boot.actuate.autoconfigure.health.HealthEndpointAutoConfiguration'
2026-04-11 00:59:03.956 DEBUG [main] o.s.b.f.s.DefaultListableBeanFactory - Creating shared instance of singleton bean 'org.springframework.boot.autoconfigure.info.ProjectInfoAutoConfiguration'
2026-04-11 00:59:03.958 DEBUG [main] o.s.b.f.s.DefaultListableBeanFactory - Creating shared instance of singleton bean 'spring.info-org.springframework.boot.autoconfigure.info.ProjectInfoProperties'
2026-04-11 00:59:03.961 DEBUG [main] o.s.b.f.s.DefaultListableBeanFactory - Autowiring by type from bean name 'org.springframework.boot.autoconfigure.info.ProjectInfoAutoConfiguration' via constructor to bean named 'spring.info-org.springframework.boot.autoconfigure.info.ProjectInfoProperties'
2026-04-11 00:59:03.963 DEBUG [main] o.s.b.f.s.DefaultListableBeanFactory - Creating shared instance of singleton bean 'org.springframework.boot.actuate.autoconfigure.info.InfoContributorAutoConfiguration'
2026-04-11 00:59:03.975 DEBUG [main] o.s.b.f.s.DefaultListableBeanFactory - Creating shared instance of singleton bean 'management.info-org.springframework.boot.actuate.autoconfigure.info.InfoContributorProperties'
2026-04-11 00:59:03.979 DEBUG [main] o.s.b.f.s.DefaultListableBeanFactory - Creating shared instance of singleton bean 'org.springframework.boot.actuate.autoconfigure.endpoint.web.WebEndpointAutoConfiguration$WebEndpointServletConfiguration'
2026-04-11 00:59:03.980 DEBUG [main] o.s.b.f.s.DefaultListableBeanFactory - Creating shared instance of singleton bean 'servletEndpointDiscoverer'
2026-04-11 00:59:03.980 DEBUG [main] o.s.b.f.s.DefaultListableBeanFactory - Autowiring by type from bean name 'servletEndpointDiscoverer' via factory method to bean named 'org.springframework.web.context.support.GenericWebApplicationContext@70eecdc2'
2026-04-11 00:59:03.982 DEBUG [main] o.s.b.f.s.DefaultListableBeanFactory - Creating shared instance of singleton bean 'servletExposeExcludePropertyEndpointFilter'
2026-04-11 00:59:03.982 DEBUG [main] o.s.b.f.s.DefaultListableBeanFactory - Creating shared instance of singleton bean 'org.springframework.boot.actuate.autoconfigure.endpoint.web.ServletEndpointManagementContextConfiguration'
2026-04-11 00:59:03.987 DEBUG [main] o.s.b.f.s.DefaultListableBeanFactory - Autowiring by type from bean name 'servletExposeExcludePropertyEndpointFilter' via factory method to bean named 'management.endpoints.web-org.springframework.boot.actuate.autoconfigure.endpoint.web.WebEndpointProperties'
2026-04-11 00:59:03.992 DEBUG [main] o.s.b.f.s.DefaultListableBeanFactory - Creating shared instance of singleton bean 'controllerEndpointDiscoverer'
2026-04-11 00:59:03.993 DEBUG [main] o.s.b.f.s.DefaultListableBeanFactory - Creating shared instance of singleton bean 'controllerExposeExcludePropertyEndpointFilter'
2026-04-11 00:59:04.000 DEBUG [main] o.s.b.f.s.DefaultListableBeanFactory - Creating shared instance of singleton bean 'pathMappedEndpoints'
2026-04-11 00:59:04.003 DEBUG [main] o.s.b.f.s.DefaultListableBeanFactory - Autowiring by type from bean name 'pathMappedEndpoints' via factory method to bean named 'servletEndpointDiscoverer'
2026-04-11 00:59:04.003 DEBUG [main] o.s.b.f.s.DefaultListableBeanFactory - Autowiring by type from bean name 'pathMappedEndpoints' via factory method to bean named 'webEndpointDiscoverer'
2026-04-11 00:59:04.003 DEBUG [main] o.s.b.f.s.DefaultListableBeanFactory - Autowiring by type from bean name 'pathMappedEndpoints' via factory method to bean named 'controllerEndpointDiscoverer'
2026-04-11 00:59:04.015 DEBUG [main] o.s.b.f.s.DefaultListableBeanFactory - Creating shared instance of singleton bean 'org.springframework.boot.actuate.autoconfigure.metrics.CompositeMeterRegistryAutoConfiguration'
2026-04-11 00:59:04.020 DEBUG [main] o.s.b.f.s.DefaultListableBeanFactory - Creating shared instance of singleton bean 'org.springframework.boot.actuate.autoconfigure.metrics.data.RepositoryMetricsAutoConfiguration'
2026-04-11 00:59:04.020 DEBUG [main] o.s.b.f.s.DefaultListableBeanFactory - Autowiring by type from bean name 'org.springframework.boot.actuate.autoconfigure.metrics.data.RepositoryMetricsAutoConfiguration' via constructor to bean named 'management.metrics-org.springframework.boot.actuate.autoconfigure.metrics.MetricsProperties'
2026-04-11 00:59:04.024 DEBUG [main] o.s.b.f.s.DefaultListableBeanFactory - Creating shared instance of singleton bean 'repositoryTagsProvider'
2026-04-11 00:59:04.030 DEBUG [main] o.s.b.f.s.DefaultListableBeanFactory - Creating shared instance of singleton bean 'metricsRepositoryMethodInvocationListener'
2026-04-11 00:59:04.031 DEBUG [main] o.s.b.f.s.DefaultListableBeanFactory - Autowiring by type from bean name 'metricsRepositoryMethodInvocationListener' via factory method to bean named 'repositoryTagsProvider'
2026-04-11 00:59:04.038 DEBUG [main] o.s.b.f.s.DefaultListableBeanFactory - Creating shared instance of singleton bean 'org.springframework.boot.actuate.autoconfigure.metrics.integration.IntegrationMetricsAutoConfiguration'
2026-04-11 00:59:04.040 DEBUG [main] o.s.b.f.s.DefaultListableBeanFactory - Creating shared instance of singleton bean 'org.springframework.boot.actuate.autoconfigure.metrics.jdbc.DataSourcePoolMetricsAutoConfiguration'
2026-04-11 00:59:04.043 DEBUG [main] o.s.b.f.s.DefaultListableBeanFactory - Creating shared instance of singleton bean 'org.springframework.boot.actuate.autoconfigure.metrics.startup.StartupTimeMetricsListenerAutoConfiguration'
2026-04-11 00:59:04.046 DEBUG [main] o.s.b.f.s.DefaultListableBeanFactory - Creating shared instance of singleton bean 'startupTimeMetrics'
2026-04-11 00:59:04.046 DEBUG [main] o.s.b.f.s.DefaultListableBeanFactory - Autowiring by type from bean name 'startupTimeMetrics' via factory method to bean named 'simpleMeterRegistry'
2026-04-11 00:59:04.056 DEBUG [main] o.s.b.f.s.DefaultListableBeanFactory - Creating shared instance of singleton bean 'org.springframework.boot.autoconfigure.task.TaskSchedulingAutoConfiguration'
2026-04-11 00:59:04.063 DEBUG [main] o.s.b.f.s.DefaultListableBeanFactory - Creating shared instance of singleton bean 'taskSchedulerBuilder'
2026-04-11 00:59:04.063 DEBUG [main] o.s.b.f.s.DefaultListableBeanFactory - Creating shared instance of singleton bean 'spring.task.scheduling-org.springframework.boot.autoconfigure.task.TaskSchedulingProperties'
2026-04-11 00:59:04.071 DEBUG [main] o.s.b.f.s.DefaultListableBeanFactory - Autowiring by type from bean name 'taskSchedulerBuilder' via factory method to bean named 'spring.task.scheduling-org.springframework.boot.autoconfigure.task.TaskSchedulingProperties'
2026-04-11 00:59:04.073 DEBUG [main] o.s.b.f.s.DefaultListableBeanFactory - Creating shared instance of singleton bean 'org.springframework.boot.actuate.autoconfigure.metrics.task.TaskExecutorMetricsAutoConfiguration'
2026-04-11 00:59:04.082 DEBUG [main] o.s.b.f.s.DefaultListableBeanFactory - Creating shared instance of singleton bean 'eagerTaskExecutorMetrics'
2026-04-11 00:59:04.089 DEBUG [main] o.s.b.f.s.DefaultListableBeanFactory - Creating shared instance of singleton bean 'org.springframework.boot.autoconfigure.http.JacksonHttpMessageConvertersConfiguration'
2026-04-11 00:59:04.090 DEBUG [main] o.s.b.f.s.DefaultListableBeanFactory - Creating shared instance of singleton bean 'org.springframework.boot.autoconfigure.web.client.RestTemplateAutoConfiguration'
2026-04-11 00:59:04.092 DEBUG [main] o.s.b.f.s.DefaultListableBeanFactory - Creating shared instance of singleton bean 'org.springframework.boot.actuate.autoconfigure.metrics.web.client.RestTemplateMetricsConfiguration'
2026-04-11 00:59:04.094 DEBUG [main] o.s.b.f.s.DefaultListableBeanFactory - Creating shared instance of singleton bean 'restTemplateExchangeTagsProvider'
2026-04-11 00:59:04.098 DEBUG [main] o.s.b.f.s.DefaultListableBeanFactory - Creating shared instance of singleton bean 'metricsRestTemplateCustomizer'
2026-04-11 00:59:04.098 DEBUG [main] o.s.b.f.s.DefaultListableBeanFactory - Autowiring by type from bean name 'metricsRestTemplateCustomizer' via factory method to bean named 'simpleMeterRegistry'
2026-04-11 00:59:04.098 DEBUG [main] o.s.b.f.s.DefaultListableBeanFactory - Autowiring by type from bean name 'metricsRestTemplateCustomizer' via factory method to bean named 'restTemplateExchangeTagsProvider'
2026-04-11 00:59:04.098 DEBUG [main] o.s.b.f.s.DefaultListableBeanFactory - Autowiring by type from bean name 'metricsRestTemplateCustomizer' via factory method to bean named 'management.metrics-org.springframework.boot.actuate.autoconfigure.metrics.MetricsProperties'
2026-04-11 00:59:04.108 DEBUG [main] o.s.b.f.s.DefaultListableBeanFactory - Creating shared instance of singleton bean 'webMvcMetricsFilter'
2026-04-11 00:59:04.109 DEBUG [main] o.s.b.f.s.DefaultListableBeanFactory - Autowiring by type from bean name 'webMvcMetricsFilter' via factory method to bean named 'simpleMeterRegistry'
2026-04-11 00:59:04.109 DEBUG [main] o.s.b.f.s.DefaultListableBeanFactory - Autowiring by type from bean name 'webMvcMetricsFilter' via factory method to bean named 'webMvcTagsProvider'
2026-04-11 00:59:04.123 DEBUG [main] o.s.b.f.s.DefaultListableBeanFactory - Creating shared instance of singleton bean 'org.springframework.boot.actuate.autoconfigure.metrics.web.tomcat.TomcatMetricsAutoConfiguration'
2026-04-11 00:59:04.124 DEBUG [main] o.s.b.f.s.DefaultListableBeanFactory - Creating shared instance of singleton bean 'tomcatMetricsBinder'
2026-04-11 00:59:04.126 DEBUG [main] o.s.b.f.s.DefaultListableBeanFactory - Autowiring by type from bean name 'tomcatMetricsBinder' via factory method to bean named 'simpleMeterRegistry'
2026-04-11 00:59:04.130 DEBUG [main] o.s.b.f.s.DefaultListableBeanFactory - Creating shared instance of singleton bean 'org.springframework.boot.autoconfigure.aop.AopAutoConfiguration$AspectJAutoProxyingConfiguration$CglibAutoProxyConfiguration'
2026-04-11 00:59:04.133 DEBUG [main] o.s.b.f.s.DefaultListableBeanFactory - Creating shared instance of singleton bean 'org.springframework.boot.autoconfigure.aop.AopAutoConfiguration$AspectJAutoProxyingConfiguration'
2026-04-11 00:59:04.138 DEBUG [main] o.s.b.f.s.DefaultListableBeanFactory - Creating shared instance of singleton bean 'org.springframework.boot.autoconfigure.aop.AopAutoConfiguration'
2026-04-11 00:59:04.140 DEBUG [main] o.s.b.f.s.DefaultListableBeanFactory - Creating shared instance of singleton bean 'org.springframework.boot.autoconfigure.context.ConfigurationPropertiesAutoConfiguration'
2026-04-11 00:59:04.143 DEBUG [main] o.s.b.f.s.DefaultListableBeanFactory - Creating shared instance of singleton bean 'org.springframework.boot.autoconfigure.context.LifecycleAutoConfiguration'
2026-04-11 00:59:04.146 DEBUG [main] o.s.b.f.s.DefaultListableBeanFactory - Creating shared instance of singleton bean 'lifecycleProcessor'
2026-04-11 00:59:04.146 DEBUG [main] o.s.b.f.s.DefaultListableBeanFactory - Creating shared instance of singleton bean 'spring.lifecycle-org.springframework.boot.autoconfigure.context.LifecycleProperties'
2026-04-11 00:59:04.151 DEBUG [main] o.s.b.f.s.DefaultListableBeanFactory - Autowiring by type from bean name 'lifecycleProcessor' via factory method to bean named 'spring.lifecycle-org.springframework.boot.autoconfigure.context.LifecycleProperties'
2026-04-11 00:59:04.162 DEBUG [main] o.s.b.f.s.DefaultListableBeanFactory - Creating shared instance of singleton bean 'org.springframework.boot.autoconfigure.dao.PersistenceExceptionTranslationAutoConfiguration'
2026-04-11 00:59:04.168 DEBUG [main] o.s.b.f.s.DefaultListableBeanFactory - Creating shared instance of singleton bean 'org.springframework.boot.autoconfigure.data.jpa.JpaRepositoriesAutoConfiguration'
2026-04-11 00:59:04.171 DEBUG [main] o.s.b.f.s.DefaultListableBeanFactory - Creating shared instance of singleton bean 'org.springframework.data.jpa.util.JpaMetamodelCacheCleanup'
2026-04-11 00:59:04.174 DEBUG [main] o.s.b.f.s.DefaultListableBeanFactory - Creating shared instance of singleton bean 'org.springframework.data.jpa.repository.support.JpaEvaluationContextExtension'
2026-04-11 00:59:04.182 DEBUG [main] o.s.b.f.s.DefaultListableBeanFactory - Creating shared instance of singleton bean 'org.springframework.data.web.config.ProjectingArgumentResolverRegistrar'
2026-04-11 00:59:04.187 DEBUG [main] o.s.b.f.s.DefaultListableBeanFactory - Creating shared instance of singleton bean 'org.springframework.boot.autoconfigure.jdbc.JdbcTemplateConfiguration'
2026-04-11 00:59:04.188 DEBUG [main] o.s.b.f.s.DefaultListableBeanFactory - Creating shared instance of singleton bean 'jdbcTemplate'
2026-04-11 00:59:04.190 DEBUG [main] o.s.b.f.s.DefaultListableBeanFactory - Creating shared instance of singleton bean 'spring.jdbc-org.springframework.boot.autoconfigure.jdbc.JdbcProperties'
2026-04-11 00:59:04.192 DEBUG [main] o.s.b.f.s.DefaultListableBeanFactory - Autowiring by type from bean name 'jdbcTemplate' via factory method to bean named 'dataSource'
2026-04-11 00:59:04.192 DEBUG [main] o.s.b.f.s.DefaultListableBeanFactory - Autowiring by type from bean name 'jdbcTemplate' via factory method to bean named 'spring.jdbc-org.springframework.boot.autoconfigure.jdbc.JdbcProperties'
2026-04-11 00:59:04.225 DEBUG [main] o.s.b.f.s.DefaultListableBeanFactory - Creating shared instance of singleton bean 'org.springframework.boot.autoconfigure.jdbc.NamedParameterJdbcTemplateConfiguration'
2026-04-11 00:59:04.228 DEBUG [main] o.s.b.f.s.DefaultListableBeanFactory - Creating shared instance of singleton bean 'namedParameterJdbcTemplate'
2026-04-11 00:59:04.229 DEBUG [main] o.s.b.f.s.DefaultListableBeanFactory - Autowiring by type from bean name 'namedParameterJdbcTemplate' via factory method to bean named 'jdbcTemplate'
2026-04-11 00:59:04.243 DEBUG [main] o.s.b.f.s.DefaultListableBeanFactory - Creating shared instance of singleton bean 'org.springframework.boot.autoconfigure.jdbc.JdbcTemplateAutoConfiguration'
2026-04-11 00:59:04.244 DEBUG [main] o.s.b.f.s.DefaultListableBeanFactory - Creating shared instance of singleton bean 'org.springframework.boot.autoconfigure.sql.init.SqlInitializationAutoConfiguration'
2026-04-11 00:59:04.246 DEBUG [main] o.s.b.f.s.DefaultListableBeanFactory - Creating shared instance of singleton bean 'org.springframework.boot.autoconfigure.jdbc.DataSourceTransactionManagerAutoConfiguration$JdbcTransactionManagerConfiguration'
2026-04-11 00:59:04.249 DEBUG [main] o.s.b.f.s.DefaultListableBeanFactory - Creating shared instance of singleton bean 'org.springframework.boot.autoconfigure.jdbc.DataSourceTransactionManagerAutoConfiguration'
2026-04-11 00:59:04.251 DEBUG [main] o.s.b.f.s.DefaultListableBeanFactory - Creating shared instance of singleton bean 'org.springframework.boot.autoconfigure.transaction.TransactionAutoConfiguration$TransactionTemplateConfiguration'
2026-04-11 00:59:04.254 DEBUG [main] o.s.b.f.s.DefaultListableBeanFactory - Creating shared instance of singleton bean 'transactionTemplate'
2026-04-11 00:59:04.256 DEBUG [main] o.s.b.f.s.DefaultListableBeanFactory - Autowiring by type from bean name 'transactionTemplate' via factory method to bean named 'transactionManager'
2026-04-11 00:59:04.264 DEBUG [main] o.s.b.f.s.DefaultListableBeanFactory - Creating shared instance of singleton bean 'characterEncodingFilter'
2026-04-11 00:59:04.285 DEBUG [main] o.s.b.f.s.DefaultListableBeanFactory - Creating shared instance of singleton bean 'multipartResolver'
2026-04-11 00:59:04.291 DEBUG [main] o.s.b.f.s.DefaultListableBeanFactory - Creating shared instance of singleton bean 'org.springframework.boot.actuate.autoconfigure.endpoint.web.ServletEndpointManagementContextConfiguration$WebMvcServletEndpointManagementContextConfiguration'
2026-04-11 00:59:04.295 DEBUG [main] o.s.b.f.s.DefaultListableBeanFactory - Creating shared instance of singleton bean 'servletEndpointRegistrar'
2026-04-11 00:59:04.296 DEBUG [main] o.s.b.f.s.DefaultListableBeanFactory - Autowiring by type from bean name 'servletEndpointRegistrar' via factory method to bean named 'management.endpoints.web-org.springframework.boot.actuate.autoconfigure.endpoint.web.WebEndpointProperties'
2026-04-11 00:59:04.296 DEBUG [main] o.s.b.f.s.DefaultListableBeanFactory - Autowiring by type from bean name 'servletEndpointRegistrar' via factory method to bean named 'servletEndpointDiscoverer'
2026-04-11 00:59:04.296 DEBUG [main] o.s.b.f.s.DefaultListableBeanFactory - Autowiring by type from bean name 'servletEndpointRegistrar' via factory method to bean named 'dispatcherServletRegistration'
2026-04-11 00:59:04.299 DEBUG [main] o.s.b.f.s.DefaultListableBeanFactory - Creating shared instance of singleton bean 'org.springframework.boot.actuate.autoconfigure.endpoint.web.servlet.WebMvcEndpointManagementContextConfiguration'
2026-04-11 00:59:04.304 DEBUG [main] o.s.b.f.s.DefaultListableBeanFactory - Creating shared instance of singleton bean 'webEndpointServletHandlerMapping'
2026-04-11 00:59:04.305 DEBUG [main] o.s.b.f.s.DefaultListableBeanFactory - Creating shared instance of singleton bean 'management.endpoints.web.cors-org.springframework.boot.actuate.autoconfigure.endpoint.web.CorsEndpointProperties'
2026-04-11 00:59:04.311 DEBUG [main] o.s.b.f.s.DefaultListableBeanFactory - Autowiring by type from bean name 'webEndpointServletHandlerMapping' via factory method to bean named 'webEndpointDiscoverer'
2026-04-11 00:59:04.311 DEBUG [main] o.s.b.f.s.DefaultListableBeanFactory - Autowiring by type from bean name 'webEndpointServletHandlerMapping' via factory method to bean named 'servletEndpointDiscoverer'
2026-04-11 00:59:04.312 DEBUG [main] o.s.b.f.s.DefaultListableBeanFactory - Autowiring by type from bean name 'webEndpointServletHandlerMapping' via factory method to bean named 'controllerEndpointDiscoverer'
2026-04-11 00:59:04.312 DEBUG [main] o.s.b.f.s.DefaultListableBeanFactory - Autowiring by type from bean name 'webEndpointServletHandlerMapping' via factory method to bean named 'endpointMediaTypes'
2026-04-11 00:59:04.312 DEBUG [main] o.s.b.f.s.DefaultListableBeanFactory - Autowiring by type from bean name 'webEndpointServletHandlerMapping' via factory method to bean named 'management.endpoints.web.cors-org.springframework.boot.actuate.autoconfigure.endpoint.web.CorsEndpointProperties'
2026-04-11 00:59:04.312 DEBUG [main] o.s.b.f.s.DefaultListableBeanFactory - Autowiring by type from bean name 'webEndpointServletHandlerMapping' via factory method to bean named 'management.endpoints.web-org.springframework.boot.actuate.autoconfigure.endpoint.web.WebEndpointProperties'
2026-04-11 00:59:04.312 DEBUG [main] o.s.b.f.s.DefaultListableBeanFactory - Autowiring by type from bean name 'webEndpointServletHandlerMapping' via factory method to bean named 'environment'
2026-04-11 00:59:04.314 INFO  [main] o.s.b.a.e.web.EndpointLinksResolver - Exposing 1 endpoint(s) beneath base path '/actuator'
2026-04-11 00:59:04.347 DEBUG [main] o.s.b.f.s.DefaultListableBeanFactory - Creating shared instance of singleton bean 'controllerEndpointHandlerMapping'
2026-04-11 00:59:04.348 DEBUG [main] o.s.b.f.s.DefaultListableBeanFactory - Autowiring by type from bean name 'controllerEndpointHandlerMapping' via factory method to bean named 'controllerEndpointDiscoverer'
2026-04-11 00:59:04.348 DEBUG [main] o.s.b.f.s.DefaultListableBeanFactory - Autowiring by type from bean name 'controllerEndpointHandlerMapping' via factory method to bean named 'management.endpoints.web.cors-org.springframework.boot.actuate.autoconfigure.endpoint.web.CorsEndpointProperties'
2026-04-11 00:59:04.350 DEBUG [main] o.s.b.f.s.DefaultListableBeanFactory - Autowiring by type from bean name 'controllerEndpointHandlerMapping' via factory method to bean named 'management.endpoints.web-org.springframework.boot.actuate.autoconfigure.endpoint.web.WebEndpointProperties'
2026-04-11 00:59:04.375 DEBUG [main] o.s.b.f.s.DefaultListableBeanFactory - Creating shared instance of singleton bean 'org.springframework.boot.actuate.autoconfigure.web.server.ManagementContextAutoConfiguration$SameManagementContextConfiguration$EnableSameManagementContextConfiguration'
2026-04-11 00:59:04.376 DEBUG [main] o.s.b.f.s.DefaultListableBeanFactory - Creating shared instance of singleton bean 'org.springframework.boot.actuate.autoconfigure.web.server.ManagementContextAutoConfiguration$SameManagementContextConfiguration'
2026-04-11 00:59:04.378 DEBUG [main] o.s.b.f.s.DefaultListableBeanFactory - Autowiring by type from bean name 'org.springframework.boot.actuate.autoconfigure.web.server.ManagementContextAutoConfiguration$SameManagementContextConfiguration' via constructor to bean named 'environment'
2026-04-11 00:59:04.379 DEBUG [main] o.s.b.f.s.DefaultListableBeanFactory - Creating shared instance of singleton bean 'org.springframework.boot.actuate.autoconfigure.web.server.ManagementContextAutoConfiguration'
2026-04-11 00:59:04.381 DEBUG [main] o.s.b.f.s.DefaultListableBeanFactory - Creating shared instance of singleton bean 'management.server-org.springframework.boot.actuate.autoconfigure.web.server.ManagementServerProperties'
2026-04-11 00:59:04.408 DEBUG [main] o.s.c.s.DefaultLifecycleProcessor - Starting beans in phase -2147483647
2026-04-11 00:59:04.408 DEBUG [main] o.s.c.s.DefaultLifecycleProcessor - Successfully started bean 'springBootLoggingLifecycle'
2026-04-11 00:59:04.439 DEBUG [main] o.s.b.a.l.ConditionEvaluationReportLoggingListener - 


============================
CONDITIONS EVALUATION REPORT
============================


Positive matches:
-----------------

   AopAutoConfiguration matched:
      - @ConditionalOnProperty (spring.aop.auto=true) matched (OnPropertyCondition)

   AopAutoConfiguration.AspectJAutoProxyingConfiguration matched:
      - @ConditionalOnClass found required class 'org.aspectj.weaver.Advice' (OnClassCondition)

   AopAutoConfiguration.AspectJAutoProxyingConfiguration.CglibAutoProxyConfiguration matched:
      - @ConditionalOnProperty (spring.aop.proxy-target-class=true) matched (OnPropertyCondition)

   ApplicationAvailabilityAutoConfiguration#applicationAvailability matched:
      - @ConditionalOnMissingBean (types: org.springframework.boot.availability.ApplicationAvailability; SearchStrategy: all) did not find any beans (OnBeanCondition)

   CacheMeterBinderProvidersConfiguration matched:
      - @ConditionalOnClass found required class 'io.micrometer.core.instrument.binder.MeterBinder' (OnClassCondition)

   CompositeMeterRegistryAutoConfiguration matched:
      - @ConditionalOnClass found required class 'io.micrometer.core.instrument.composite.CompositeMeterRegistry' (OnClassCondition)

   DataSourceAutoConfiguration matched:
      - @ConditionalOnClass found required classes 'javax.sql.DataSource', 'org.springframework.jdbc.datasource.embedded.EmbeddedDatabaseType' (OnClassCondition)
      - @ConditionalOnMissingBean (types: io.r2dbc.spi.ConnectionFactory; SearchStrategy: all) did not find any beans (OnBeanCondition)

   DataSourceConfiguration.Hikari matched:
      - @ConditionalOnClass found required class 'com.zaxxer.hikari.HikariDataSource' (OnClassCondition)
      - @ConditionalOnProperty (spring.datasource.type=com.zaxxer.hikari.HikariDataSource) matched (OnPropertyCondition)

   DataSourceHealthContributorAutoConfiguration matched:
      - @ConditionalOnClass found required classes 'org.springframework.jdbc.core.JdbcTemplate', 'org.springframework.jdbc.datasource.lookup.AbstractRoutingDataSource' (OnClassCondition)
      - @ConditionalOnEnabledHealthIndicator management.health.defaults.enabled is considered true (OnEnabledHealthIndicatorCondition)
      - @ConditionalOnBean (types: javax.sql.DataSource; SearchStrategy: all) found bean 'dataSource' (OnBeanCondition)

   DataSourceHealthContributorAutoConfiguration#dbHealthContributor matched:
      - @ConditionalOnMissingBean (names: dbHealthIndicator,dbHealthContributor; SearchStrategy: all) did not find any beans (OnBeanCondition)

   DataSourceInitializationConfiguration matched:
      - @ConditionalOnClass found required class 'org.springframework.jdbc.datasource.init.DatabasePopulator' (OnClassCondition)
      - @ConditionalOnSingleCandidate (types: javax.sql.DataSource; SearchStrategy: all) found a single bean 'dataSource'; @ConditionalOnMissingBean (types: org.springframework.boot.autoconfigure.sql.init.SqlDataSourceScriptDatabaseInitializer,org.springframework.boot.autoconfigure.sql.init.SqlR2dbcScriptDatabaseInitializer; SearchStrategy: all) did not find any beans (OnBeanCondition)

   DataSourcePoolMetadataProvidersConfiguration.HikariPoolDataSourceMetadataProviderConfiguration matched:
      - @ConditionalOnClass found required class 'com.zaxxer.hikari.HikariDataSource' (OnClassCondition)

   DataSourcePoolMetricsAutoConfiguration matched:
      - @ConditionalOnClass found required classes 'javax.sql.DataSource', 'io.micrometer.core.instrument.MeterRegistry' (OnClassCondition)
      - @ConditionalOnBean (types: javax.sql.DataSource,io.micrometer.core.instrument.MeterRegistry; SearchStrategy: all) found beans 'simpleMeterRegistry', 'dataSource' (OnBeanCondition)

   DataSourcePoolMetricsAutoConfiguration.DataSourcePoolMetadataMetricsConfiguration matched:
      - @ConditionalOnBean (types: org.springframework.boot.jdbc.metadata.DataSourcePoolMetadataProvider; SearchStrategy: all) found bean 'hikariPoolDataSourceMetadataProvider' (OnBeanCondition)

   DataSourcePoolMetricsAutoConfiguration.HikariDataSourceMetricsConfiguration matched:
      - @ConditionalOnClass found required class 'com.zaxxer.hikari.HikariDataSource' (OnClassCondition)

   DataSourceTransactionManagerAutoConfiguration matched:
      - @ConditionalOnClass found required classes 'org.springframework.jdbc.core.JdbcTemplate', 'org.springframework.transaction.TransactionManager' (OnClassCondition)

   DataSourceTransactionManagerAutoConfiguration.JdbcTransactionManagerConfiguration matched:
      - @ConditionalOnSingleCandidate (types: javax.sql.DataSource; SearchStrategy: all) found a single bean 'dataSource' (OnBeanCondition)

   DiskSpaceHealthContributorAutoConfiguration matched:
      - @ConditionalOnEnabledHealthIndicator management.health.defaults.enabled is considered true (OnEnabledHealthIndicatorCondition)

   DiskSpaceHealthContributorAutoConfiguration#diskSpaceHealthIndicator matched:
      - @ConditionalOnMissingBean (names: diskSpaceHealthIndicator; SearchStrategy: all) did not find any beans (OnBeanCondition)

   DispatcherServletAutoConfiguration matched:
      - @ConditionalOnClass found required class 'org.springframework.web.servlet.DispatcherServlet' (OnClassCondition)
      - found 'session' scope (OnWebApplicationCondition)

   DispatcherServletAutoConfiguration.DispatcherServletConfiguration matched:
      - @ConditionalOnClass found required class 'javax.servlet.ServletRegistration' (OnClassCondition)
      - Default DispatcherServlet did not find dispatcher servlet beans (DispatcherServletAutoConfiguration.DefaultDispatcherServletCondition)

   DispatcherServletAutoConfiguration.DispatcherServletRegistrationConfiguration matched:
      - @ConditionalOnClass found required class 'javax.servlet.ServletRegistration' (OnClassCondition)
      - DispatcherServlet Registration did not find servlet registration bean (DispatcherServletAutoConfiguration.DispatcherServletRegistrationCondition)

   DispatcherServletAutoConfiguration.DispatcherServletRegistrationConfiguration#dispatcherServletRegistration matched:
      - @ConditionalOnBean (names: dispatcherServlet types: org.springframework.web.servlet.DispatcherServlet; SearchStrategy: all) found bean 'dispatcherServlet' (OnBeanCondition)

   EndpointAutoConfiguration#endpointCachingOperationInvokerAdvisor matched:
      - @ConditionalOnMissingBean (types: org.springframework.boot.actuate.endpoint.invoker.cache.CachingOperationInvokerAdvisor; SearchStrategy: all) did not find any beans (OnBeanCondition)

   EndpointAutoConfiguration#endpointOperationParameterMapper matched:
      - @ConditionalOnMissingBean (types: org.springframework.boot.actuate.endpoint.invoke.ParameterValueMapper; SearchStrategy: all) did not find any beans (OnBeanCondition)

   ErrorMvcAutoConfiguration matched:
      - @ConditionalOnClass found required classes 'javax.servlet.Servlet', 'org.springframework.web.servlet.DispatcherServlet' (OnClassCondition)
      - found 'session' scope (OnWebApplicationCondition)

   ErrorMvcAutoConfiguration#basicErrorController matched:
      - @ConditionalOnMissingBean (types: org.springframework.boot.web.servlet.error.ErrorController; SearchStrategy: current) did not find any beans (OnBeanCondition)

   ErrorMvcAutoConfiguration#errorAttributes matched:
      - @ConditionalOnMissingBean (types: org.springframework.boot.web.servlet.error.ErrorAttributes; SearchStrategy: current) did not find any beans (OnBeanCondition)

   ErrorMvcAutoConfiguration.DefaultErrorViewResolverConfiguration#conventionErrorViewResolver matched:
      - @ConditionalOnBean (types: org.springframework.web.servlet.DispatcherServlet; SearchStrategy: all) found bean 'dispatcherServlet'; @ConditionalOnMissingBean (types: org.springframework.boot.autoconfigure.web.servlet.error.ErrorViewResolver; SearchStrategy: all) did not find any beans (OnBeanCondition)

   ErrorMvcAutoConfiguration.WhitelabelErrorViewConfiguration matched:
      - @ConditionalOnProperty (server.error.whitelabel.enabled) matched (OnPropertyCondition)
      - ErrorTemplate Missing did not find error template view (ErrorMvcAutoConfiguration.ErrorTemplateMissingCondition)

   ErrorMvcAutoConfiguration.WhitelabelErrorViewConfiguration#beanNameViewResolver matched:
      - @ConditionalOnMissingBean (types: org.springframework.web.servlet.view.BeanNameViewResolver; SearchStrategy: all) did not find any beans (OnBeanCondition)

   ErrorMvcAutoConfiguration.WhitelabelErrorViewConfiguration#defaultErrorView matched:
      - @ConditionalOnMissingBean (names: error; SearchStrategy: all) did not find any beans (OnBeanCondition)

   GenericCacheConfiguration matched:
      - Cache org.springframework.boot.autoconfigure.cache.GenericCacheConfiguration automatic cache type (CacheCondition)

   HealthContributorAutoConfiguration#pingHealthContributor matched:
      - @ConditionalOnEnabledHealthIndicator management.health.defaults.enabled is considered true (OnEnabledHealthIndicatorCondition)

   HealthEndpointAutoConfiguration matched:
      - @ConditionalOnAvailableEndpoint marked as exposed by a 'management.endpoints.web.exposure' property (OnAvailableEndpointCondition)

   HealthEndpointConfiguration#healthContributorRegistry matched:
      - @ConditionalOnMissingBean (types: org.springframework.boot.actuate.health.HealthContributorRegistry; SearchStrategy: all) did not find any beans (OnBeanCondition)

   HealthEndpointConfiguration#healthEndpoint matched:
      - @ConditionalOnMissingBean (types: org.springframework.boot.actuate.health.HealthEndpoint; SearchStrategy: all) did not find any beans (OnBeanCondition)

   HealthEndpointConfiguration#healthEndpointGroups matched:
      - @ConditionalOnMissingBean (types: org.springframework.boot.actuate.health.HealthEndpointGroups; SearchStrategy: all) did not find any beans (OnBeanCondition)

   HealthEndpointConfiguration#healthHttpCodeStatusMapper matched:
      - @ConditionalOnMissingBean (types: org.springframework.boot.actuate.health.HttpCodeStatusMapper; SearchStrategy: all) did not find any beans (OnBeanCondition)

   HealthEndpointConfiguration#healthStatusAggregator matched:
      - @ConditionalOnMissingBean (types: org.springframework.boot.actuate.health.StatusAggregator; SearchStrategy: all) did not find any beans (OnBeanCondition)

   HealthEndpointWebExtensionConfiguration matched:
      - found 'session' scope (OnWebApplicationCondition)
      - @ConditionalOnAvailableEndpoint marked as exposed by a 'management.endpoints.web.exposure' property (OnAvailableEndpointCondition)
      - @ConditionalOnBean (types: org.springframework.boot.actuate.health.HealthEndpoint; SearchStrategy: all) found bean 'healthEndpoint' (OnBeanCondition)

   HealthEndpointWebExtensionConfiguration#healthEndpointWebExtension matched:
      - @ConditionalOnMissingBean (types: org.springframework.boot.actuate.health.HealthEndpointWebExtension; SearchStrategy: all) did not find any beans (OnBeanCondition)

   HealthEndpointWebExtensionConfiguration.MvcAdditionalHealthEndpointPathsConfiguration matched:
      - @ConditionalOnAvailableEndpoint marked as exposed by a 'management.endpoints.web.exposure' property (OnAvailableEndpointCondition)
      - @ConditionalOnBean (types: org.springframework.web.servlet.DispatcherServlet; SearchStrategy: all) found bean 'dispatcherServlet' (OnBeanCondition)

   HibernateJpaAutoConfiguration matched:
      - @ConditionalOnClass found required classes 'org.springframework.orm.jpa.LocalContainerEntityManagerFactoryBean', 'javax.persistence.EntityManager', 'org.hibernate.engine.spi.SessionImplementor' (OnClassCondition)

   HibernateJpaConfiguration matched:
      - @ConditionalOnSingleCandidate (types: javax.sql.DataSource; SearchStrategy: all) found a single bean 'dataSource' (OnBeanCondition)

   HttpClientMetricsAutoConfiguration matched:
      - @ConditionalOnClass found required class 'io.micrometer.core.instrument.MeterRegistry' (OnClassCondition)
      - @ConditionalOnBean (types: io.micrometer.core.instrument.MeterRegistry; SearchStrategy: all) found bean 'simpleMeterRegistry' (OnBeanCondition)

   HttpEncodingAutoConfiguration matched:
      - @ConditionalOnClass found required class 'org.springframework.web.filter.CharacterEncodingFilter' (OnClassCondition)
      - found 'session' scope (OnWebApplicationCondition)
      - @ConditionalOnProperty (server.servlet.encoding.enabled) matched (OnPropertyCondition)

   HttpEncodingAutoConfiguration#characterEncodingFilter matched:
      - @ConditionalOnMissingBean (types: org.springframework.web.filter.CharacterEncodingFilter; SearchStrategy: all) did not find any beans (OnBeanCondition)

   HttpMessageConvertersAutoConfiguration matched:
      - @ConditionalOnClass found required class 'org.springframework.http.converter.HttpMessageConverter' (OnClassCondition)
      - NoneNestedConditions 0 matched 1 did not; NestedCondition on HttpMessageConvertersAutoConfiguration.NotReactiveWebApplicationCondition.ReactiveWebApplication did not find reactive web application classes (HttpMessageConvertersAutoConfiguration.NotReactiveWebApplicationCondition)

   HttpMessageConvertersAutoConfiguration#messageConverters matched:
      - @ConditionalOnMissingBean (types: org.springframework.boot.autoconfigure.http.HttpMessageConverters; SearchStrategy: all) did not find any beans (OnBeanCondition)

   HttpMessageConvertersAutoConfiguration.StringHttpMessageConverterConfiguration matched:
      - @ConditionalOnClass found required class 'org.springframework.http.converter.StringHttpMessageConverter' (OnClassCondition)

   HttpMessageConvertersAutoConfiguration.StringHttpMessageConverterConfiguration#stringHttpMessageConverter matched:
      - @ConditionalOnMissingBean (types: org.springframework.http.converter.StringHttpMessageConverter; SearchStrategy: all) did not find any beans (OnBeanCondition)

   JacksonAutoConfiguration matched:
      - @ConditionalOnClass found required class 'com.fasterxml.jackson.databind.ObjectMapper' (OnClassCondition)

   JacksonAutoConfiguration.Jackson2ObjectMapperBuilderCustomizerConfiguration matched:
      - @ConditionalOnClass found required class 'org.springframework.http.converter.json.Jackson2ObjectMapperBuilder' (OnClassCondition)

   JacksonAutoConfiguration.JacksonObjectMapperBuilderConfiguration matched:
      - @ConditionalOnClass found required class 'org.springframework.http.converter.json.Jackson2ObjectMapperBuilder' (OnClassCondition)

   JacksonAutoConfiguration.JacksonObjectMapperBuilderConfiguration#jacksonObjectMapperBuilder matched:
      - @ConditionalOnMissingBean (types: org.springframework.http.converter.json.Jackson2ObjectMapperBuilder; SearchStrategy: all) did not find any beans (OnBeanCondition)

   JacksonAutoConfiguration.JacksonObjectMapperConfiguration matched:
      - @ConditionalOnClass found required class 'org.springframework.http.converter.json.Jackson2ObjectMapperBuilder' (OnClassCondition)

   JacksonAutoConfiguration.JacksonObjectMapperConfiguration#jacksonObjectMapper matched:
      - @ConditionalOnMissingBean (types: com.fasterxml.jackson.databind.ObjectMapper; SearchStrategy: all) did not find any beans (OnBeanCondition)

   JacksonAutoConfiguration.ParameterNamesModuleConfiguration matched:
      - @ConditionalOnClass found required class 'com.fasterxml.jackson.module.paramnames.ParameterNamesModule' (OnClassCondition)

   JacksonAutoConfiguration.ParameterNamesModuleConfiguration#parameterNamesModule matched:
      - @ConditionalOnMissingBean (types: com.fasterxml.jackson.module.paramnames.ParameterNamesModule; SearchStrategy: all) did not find any beans (OnBeanCondition)

   JacksonHttpMessageConvertersConfiguration.MappingJackson2HttpMessageConverterConfiguration matched:
      - @ConditionalOnClass found required class 'com.fasterxml.jackson.databind.ObjectMapper' (OnClassCondition)
      - @ConditionalOnProperty (spring.mvc.converters.preferred-json-mapper=jackson) matched (OnPropertyCondition)
      - @ConditionalOnBean (types: com.fasterxml.jackson.databind.ObjectMapper; SearchStrategy: all) found bean 'jacksonObjectMapper' (OnBeanCondition)

   JacksonHttpMessageConvertersConfiguration.MappingJackson2HttpMessageConverterConfiguration#mappingJackson2HttpMessageConverter matched:
      - @ConditionalOnMissingBean (types: org.springframework.http.converter.json.MappingJackson2HttpMessageConverter ignored: org.springframework.hateoas.server.mvc.TypeConstrainedMappingJackson2HttpMessageConverter,org.springframework.data.rest.webmvc.alps.AlpsJsonHttpMessageConverter; SearchStrategy: all) did not find any beans (OnBeanCondition)

   JdbcTemplateAutoConfiguration matched:
      - @ConditionalOnClass found required classes 'javax.sql.DataSource', 'org.springframework.jdbc.core.JdbcTemplate' (OnClassCondition)
      - @ConditionalOnSingleCandidate (types: javax.sql.DataSource; SearchStrategy: all) found a single bean 'dataSource' (OnBeanCondition)

   JdbcTemplateConfiguration matched:
      - @ConditionalOnMissingBean (types: org.springframework.jdbc.core.JdbcOperations; SearchStrategy: all) did not find any beans (OnBeanCondition)

   JpaBaseConfiguration#entityManagerFactoryBuilder matched:
      - @ConditionalOnMissingBean (types: org.springframework.boot.orm.jpa.EntityManagerFactoryBuilder; SearchStrategy: all) did not find any beans (OnBeanCondition)

   JpaBaseConfiguration#jpaVendorAdapter matched:
      - @ConditionalOnMissingBean (types: org.springframework.orm.jpa.JpaVendorAdapter; SearchStrategy: all) did not find any beans (OnBeanCondition)

   JpaBaseConfiguration#transactionManager matched:
      - @ConditionalOnMissingBean (types: org.springframework.transaction.TransactionManager; SearchStrategy: all) did not find any beans (OnBeanCondition)

   JpaBaseConfiguration.JpaWebConfiguration matched:
      - @ConditionalOnClass found required class 'org.springframework.web.servlet.config.annotation.WebMvcConfigurer' (OnClassCondition)
      - found 'session' scope (OnWebApplicationCondition)
      - @ConditionalOnProperty (spring.jpa.open-in-view=true) matched (OnPropertyCondition)
      - @ConditionalOnMissingBean (types: org.springframework.orm.jpa.support.OpenEntityManagerInViewInterceptor,org.springframework.orm.jpa.support.OpenEntityManagerInViewFilter; SearchStrategy: all) did not find any beans (OnBeanCondition)

   JpaRepositoriesAutoConfiguration matched:
      - @ConditionalOnClass found required class 'org.springframework.data.jpa.repository.JpaRepository' (OnClassCondition)
      - @ConditionalOnProperty (spring.data.jpa.repositories.enabled=true) matched (OnPropertyCondition)
      - @ConditionalOnBean (types: javax.sql.DataSource; SearchStrategy: all) found bean 'dataSource'; @ConditionalOnMissingBean (types: org.springframework.data.jpa.repository.support.JpaRepositoryFactoryBean,org.springframework.data.jpa.repository.config.JpaRepositoryConfigExtension; SearchStrategy: all) did not find any beans (OnBeanCondition)

   JtaAutoConfiguration matched:
      - @ConditionalOnClass found required class 'javax.transaction.Transaction' (OnClassCondition)
      - @ConditionalOnProperty (spring.jta.enabled) matched (OnPropertyCondition)

   JvmMetricsAutoConfiguration matched:
      - @ConditionalOnClass found required class 'io.micrometer.core.instrument.MeterRegistry' (OnClassCondition)
      - @ConditionalOnBean (types: io.micrometer.core.instrument.MeterRegistry; SearchStrategy: all) found bean 'simpleMeterRegistry' (OnBeanCondition)

   JvmMetricsAutoConfiguration#classLoaderMetrics matched:
      - @ConditionalOnMissingBean (types: io.micrometer.core.instrument.binder.jvm.ClassLoaderMetrics; SearchStrategy: all) did not find any beans (OnBeanCondition)

   JvmMetricsAutoConfiguration#jvmGcMetrics matched:
      - @ConditionalOnMissingBean (types: io.micrometer.core.instrument.binder.jvm.JvmGcMetrics; SearchStrategy: all) did not find any beans (OnBeanCondition)

   JvmMetricsAutoConfiguration#jvmHeapPressureMetrics matched:
      - @ConditionalOnMissingBean (types: io.micrometer.core.instrument.binder.jvm.JvmHeapPressureMetrics; SearchStrategy: all) did not find any beans (OnBeanCondition)

   JvmMetricsAutoConfiguration#jvmMemoryMetrics matched:
      - @ConditionalOnMissingBean (types: io.micrometer.core.instrument.binder.jvm.JvmMemoryMetrics; SearchStrategy: all) did not find any beans (OnBeanCondition)

   JvmMetricsAutoConfiguration#jvmThreadMetrics matched:
      - @ConditionalOnMissingBean (types: io.micrometer.core.instrument.binder.jvm.JvmThreadMetrics; SearchStrategy: all) did not find any beans (OnBeanCondition)

   LifecycleAutoConfiguration#defaultLifecycleProcessor matched:
      - @ConditionalOnMissingBean (names: lifecycleProcessor; SearchStrategy: current) did not find any beans (OnBeanCondition)

   LogbackMetricsAutoConfiguration matched:
      - @ConditionalOnClass found required classes 'io.micrometer.core.instrument.MeterRegistry', 'ch.qos.logback.classic.LoggerContext', 'org.slf4j.LoggerFactory' (OnClassCondition)
      - LogbackLoggingCondition ILoggerFactory is a Logback LoggerContext (LogbackMetricsAutoConfiguration.LogbackLoggingCondition)
      - @ConditionalOnBean (types: io.micrometer.core.instrument.MeterRegistry; SearchStrategy: all) found bean 'simpleMeterRegistry' (OnBeanCondition)

   LogbackMetricsAutoConfiguration#logbackMetrics matched:
      - @ConditionalOnMissingBean (types: io.micrometer.core.instrument.binder.logging.LogbackMetrics; SearchStrategy: all) did not find any beans (OnBeanCondition)

   ManagementContextAutoConfiguration.SameManagementContextConfiguration matched:
      - Management Port actual port type (SAME) matched required type (OnManagementPortCondition)

   MetricsAutoConfiguration matched:
      - @ConditionalOnClass found required class 'io.micrometer.core.annotation.Timed' (OnClassCondition)

   MetricsAutoConfiguration#micrometerClock matched:
      - @ConditionalOnMissingBean (types: io.micrometer.core.instrument.Clock; SearchStrategy: all) did not find any beans (OnBeanCondition)

   MultipartAutoConfiguration matched:
      - @ConditionalOnClass found required classes 'javax.servlet.Servlet', 'org.springframework.web.multipart.support.StandardServletMultipartResolver', 'javax.servlet.MultipartConfigElement' (OnClassCondition)
      - found 'session' scope (OnWebApplicationCondition)
      - @ConditionalOnProperty (spring.servlet.multipart.enabled) matched (OnPropertyCondition)

   MultipartAutoConfiguration#multipartConfigElement matched:
      - @ConditionalOnMissingBean (types: javax.servlet.MultipartConfigElement,org.springframework.web.multipart.commons.CommonsMultipartResolver; SearchStrategy: all) did not find any beans (OnBeanCondition)

   MultipartAutoConfiguration#multipartResolver matched:
      - @ConditionalOnMissingBean (types: org.springframework.web.multipart.MultipartResolver; SearchStrategy: all) did not find any beans (OnBeanCondition)

   NamedParameterJdbcTemplateConfiguration matched:
      - @ConditionalOnSingleCandidate (types: org.springframework.jdbc.core.JdbcTemplate; SearchStrategy: all) found a single bean 'jdbcTemplate'; @ConditionalOnMissingBean (types: org.springframework.jdbc.core.namedparam.NamedParameterJdbcOperations; SearchStrategy: all) did not find any beans (OnBeanCondition)

   NoOpCacheConfiguration matched:
      - Cache org.springframework.boot.autoconfigure.cache.NoOpCacheConfiguration automatic cache type (CacheCondition)

   PersistenceExceptionTranslationAutoConfiguration matched:
      - @ConditionalOnClass found required class 'org.springframework.dao.annotation.PersistenceExceptionTranslationPostProcessor' (OnClassCondition)

   PersistenceExceptionTranslationAutoConfiguration#persistenceExceptionTranslationPostProcessor matched:
      - @ConditionalOnProperty (spring.dao.exceptiontranslation.enabled) matched (OnPropertyCondition)
      - @ConditionalOnMissingBean (types: org.springframework.dao.annotation.PersistenceExceptionTranslationPostProcessor; SearchStrategy: all) did not find any beans (OnBeanCondition)

   PropertyPlaceholderAutoConfiguration#propertySourcesPlaceholderConfigurer matched:
      - @ConditionalOnMissingBean (types: org.springframework.context.support.PropertySourcesPlaceholderConfigurer; SearchStrategy: current) did not find any beans (OnBeanCondition)

   RepositoryMetricsAutoConfiguration matched:
      - @ConditionalOnClass found required class 'org.springframework.data.repository.Repository' (OnClassCondition)
      - @ConditionalOnBean (types: io.micrometer.core.instrument.MeterRegistry; SearchStrategy: all) found bean 'simpleMeterRegistry' (OnBeanCondition)

   RepositoryMetricsAutoConfiguration#metricsRepositoryMethodInvocationListener matched:
      - @ConditionalOnMissingBean (types: org.springframework.boot.actuate.metrics.data.MetricsRepositoryMethodInvocationListener; SearchStrategy: all) did not find any beans (OnBeanCondition)

   RepositoryMetricsAutoConfiguration#repositoryTagsProvider matched:
      - @ConditionalOnMissingBean (types: org.springframework.boot.actuate.metrics.data.RepositoryTagsProvider; SearchStrategy: all) did not find any beans (OnBeanCondition)

   RestTemplateAutoConfiguration matched:
      - @ConditionalOnClass found required class 'org.springframework.web.client.RestTemplate' (OnClassCondition)
      - NoneNestedConditions 0 matched 1 did not; NestedCondition on RestTemplateAutoConfiguration.NotReactiveWebApplicationCondition.ReactiveWebApplication did not find reactive web application classes (RestTemplateAutoConfiguration.NotReactiveWebApplicationCondition)

   RestTemplateAutoConfiguration#restTemplateBuilder matched:
      - @ConditionalOnMissingBean (types: org.springframework.boot.web.client.RestTemplateBuilder; SearchStrategy: all) did not find any beans (OnBeanCondition)

   RestTemplateAutoConfiguration#restTemplateBuilderConfigurer matched:
      - @ConditionalOnMissingBean (types: org.springframework.boot.autoconfigure.web.client.RestTemplateBuilderConfigurer; SearchStrategy: all) did not find any beans (OnBeanCondition)

   RestTemplateMetricsConfiguration matched:
      - @ConditionalOnClass found required class 'org.springframework.web.client.RestTemplate' (OnClassCondition)
      - @ConditionalOnBean (types: org.springframework.boot.web.client.RestTemplateBuilder; SearchStrategy: all) found bean 'restTemplateBuilder' (OnBeanCondition)

   RestTemplateMetricsConfiguration#restTemplateExchangeTagsProvider matched:
      - @ConditionalOnMissingBean (types: org.springframework.boot.actuate.metrics.web.client.RestTemplateExchangeTagsProvider; SearchStrategy: all) did not find any beans (OnBeanCondition)

   ServletEndpointManagementContextConfiguration matched:
      - found 'session' scope (OnWebApplicationCondition)

   ServletEndpointManagementContextConfiguration.WebMvcServletEndpointManagementContextConfiguration matched:
      - @ConditionalOnClass found required class 'org.springframework.web.servlet.DispatcherServlet' (OnClassCondition)

   ServletManagementContextAutoConfiguration matched:
      - @ConditionalOnClass found required class 'javax.servlet.Servlet' (OnClassCondition)
      - found 'session' scope (OnWebApplicationCondition)

   ServletWebServerFactoryAutoConfiguration matched:
      - @ConditionalOnClass found required class 'javax.servlet.ServletRequest' (OnClassCondition)
      - found 'session' scope (OnWebApplicationCondition)

   ServletWebServerFactoryAutoConfiguration#tomcatServletWebServerFactoryCustomizer matched:
      - @ConditionalOnClass found required class 'org.apache.catalina.startup.Tomcat' (OnClassCondition)

   ServletWebServerFactoryConfiguration.EmbeddedTomcat matched:
      - @ConditionalOnClass found required classes 'javax.servlet.Servlet', 'org.apache.catalina.startup.Tomcat', 'org.apache.coyote.UpgradeProtocol' (OnClassCondition)
      - @ConditionalOnMissingBean (types: org.springframework.boot.web.servlet.server.ServletWebServerFactory; SearchStrategy: current) did not find any beans (OnBeanCondition)

   SimpleCacheConfiguration matched:
      - Cache org.springframework.boot.autoconfigure.cache.SimpleCacheConfiguration automatic cache type (CacheCondition)

   SimpleMetricsExportAutoConfiguration matched:
      - @ConditionalOnEnabledMetricsExport management.metrics.export.simple.enabled is true (OnMetricsExportEnabledCondition)
      - @ConditionalOnBean (types: io.micrometer.core.instrument.Clock; SearchStrategy: all) found bean 'micrometerClock'; @ConditionalOnMissingBean (types: io.micrometer.core.instrument.MeterRegistry; SearchStrategy: all) did not find any beans (OnBeanCondition)

   SimpleMetricsExportAutoConfiguration#simpleConfig matched:
      - @ConditionalOnMissingBean (types: io.micrometer.core.instrument.simple.SimpleConfig; SearchStrategy: all) did not find any beans (OnBeanCondition)

   SpringDataWebAutoConfiguration matched:
      - @ConditionalOnClass found required classes 'org.springframework.data.web.PageableHandlerMethodArgumentResolver', 'org.springframework.web.servlet.config.annotation.WebMvcConfigurer' (OnClassCondition)
      - found 'session' scope (OnWebApplicationCondition)
      - @ConditionalOnMissingBean (types: org.springframework.data.web.PageableHandlerMethodArgumentResolver; SearchStrategy: all) did not find any beans (OnBeanCondition)

   SpringDataWebAutoConfiguration#pageableCustomizer matched:
      - @ConditionalOnMissingBean (types: org.springframework.data.web.config.PageableHandlerMethodArgumentResolverCustomizer; SearchStrategy: all) did not find any beans (OnBeanCondition)

   SpringDataWebAutoConfiguration#sortCustomizer matched:
      - @ConditionalOnMissingBean (types: org.springframework.data.web.config.SortHandlerMethodArgumentResolverCustomizer; SearchStrategy: all) did not find any beans (OnBeanCondition)

   SqlInitializationAutoConfiguration matched:
      - @ConditionalOnProperty (spring.sql.init.enabled) matched (OnPropertyCondition)
      - NoneNestedConditions 0 matched 1 did not; NestedCondition on SqlInitializationAutoConfiguration.SqlInitializationModeCondition.ModeIsNever @ConditionalOnProperty (spring.sql.init.mode=never) did not find property 'mode' (SqlInitializationAutoConfiguration.SqlInitializationModeCondition)

   StartupTimeMetricsListenerAutoConfiguration matched:
      - @ConditionalOnClass found required class 'io.micrometer.core.instrument.MeterRegistry' (OnClassCondition)
      - @ConditionalOnBean (types: io.micrometer.core.instrument.MeterRegistry; SearchStrategy: all) found bean 'simpleMeterRegistry' (OnBeanCondition)

   StartupTimeMetricsListenerAutoConfiguration#startupTimeMetrics matched:
      - @ConditionalOnMissingBean (types: org.springframework.boot.actuate.metrics.startup.StartupTimeMetricsListener; SearchStrategy: all) did not find any beans (OnBeanCondition)

   SystemMetricsAutoConfiguration matched:
      - @ConditionalOnClass found required class 'io.micrometer.core.instrument.MeterRegistry' (OnClassCondition)
      - @ConditionalOnBean (types: io.micrometer.core.instrument.MeterRegistry; SearchStrategy: all) found bean 'simpleMeterRegistry' (OnBeanCondition)

   SystemMetricsAutoConfiguration#diskSpaceMetrics matched:
      - @ConditionalOnMissingBean (types: org.springframework.boot.actuate.metrics.system.DiskSpaceMetricsBinder; SearchStrategy: all) did not find any beans (OnBeanCondition)

   SystemMetricsAutoConfiguration#fileDescriptorMetrics matched:
      - @ConditionalOnMissingBean (types: io.micrometer.core.instrument.binder.system.FileDescriptorMetrics; SearchStrategy: all) did not find any beans (OnBeanCondition)

   SystemMetricsAutoConfiguration#processorMetrics matched:
      - @ConditionalOnMissingBean (types: io.micrometer.core.instrument.binder.system.ProcessorMetrics; SearchStrategy: all) did not find any beans (OnBeanCondition)

   SystemMetricsAutoConfiguration#uptimeMetrics matched:
      - @ConditionalOnMissingBean (types: io.micrometer.core.instrument.binder.system.UptimeMetrics; SearchStrategy: all) did not find any beans (OnBeanCondition)

   TaskExecutionAutoConfiguration matched:
      - @ConditionalOnClass found required class 'org.springframework.scheduling.concurrent.ThreadPoolTaskExecutor' (OnClassCondition)

   TaskExecutionAutoConfiguration#applicationTaskExecutor matched:
      - @ConditionalOnMissingBean (types: java.util.concurrent.Executor; SearchStrategy: all) did not find any beans (OnBeanCondition)

   TaskExecutionAutoConfiguration#taskExecutorBuilder matched:
      - @ConditionalOnMissingBean (types: org.springframework.boot.task.TaskExecutorBuilder; SearchStrategy: all) did not find any beans (OnBeanCondition)

   TaskExecutorMetricsAutoConfiguration matched:
      - @ConditionalOnClass found required class 'io.micrometer.core.instrument.binder.jvm.ExecutorServiceMetrics' (OnClassCondition)
      - @ConditionalOnBean (types: java.util.concurrent.Executor,io.micrometer.core.instrument.MeterRegistry; SearchStrategy: all) found beans 'applicationTaskExecutor', 'simpleMeterRegistry' (OnBeanCondition)

   TaskSchedulingAutoConfiguration matched:
      - @ConditionalOnClass found required class 'org.springframework.scheduling.concurrent.ThreadPoolTaskScheduler' (OnClassCondition)

   TaskSchedulingAutoConfiguration#taskSchedulerBuilder matched:
      - @ConditionalOnMissingBean (types: org.springframework.boot.task.TaskSchedulerBuilder; SearchStrategy: all) did not find any beans (OnBeanCondition)

   TomcatMetricsAutoConfiguration matched:
      - @ConditionalOnClass found required classes 'io.micrometer.core.instrument.binder.tomcat.TomcatMetrics', 'org.apache.catalina.Manager' (OnClassCondition)
      - @ConditionalOnWebApplication (required) found 'session' scope (OnWebApplicationCondition)

   TomcatMetricsAutoConfiguration#tomcatMetricsBinder matched:
      - @ConditionalOnBean (types: io.micrometer.core.instrument.MeterRegistry; SearchStrategy: all) found bean 'simpleMeterRegistry'; @ConditionalOnMissingBean (types: io.micrometer.core.instrument.binder.tomcat.TomcatMetrics,org.springframework.boot.actuate.metrics.web.tomcat.TomcatMetricsBinder; SearchStrategy: all) did not find any beans (OnBeanCondition)

   TransactionAutoConfiguration matched:
      - @ConditionalOnClass found required class 'org.springframework.transaction.PlatformTransactionManager' (OnClassCondition)

   TransactionAutoConfiguration#platformTransactionManagerCustomizers matched:
      - @ConditionalOnMissingBean (types: org.springframework.boot.autoconfigure.transaction.TransactionManagerCustomizers; SearchStrategy: all) did not find any beans (OnBeanCondition)

   TransactionAutoConfiguration.TransactionTemplateConfiguration matched:
      - @ConditionalOnSingleCandidate (types: org.springframework.transaction.PlatformTransactionManager; SearchStrategy: all) found a single bean 'transactionManager' (OnBeanCondition)

   TransactionAutoConfiguration.TransactionTemplateConfiguration#transactionTemplate matched:
      - @ConditionalOnMissingBean (types: org.springframework.transaction.support.TransactionOperations; SearchStrategy: all) did not find any beans (OnBeanCondition)

   ValidationAutoConfiguration matched:
      - @ConditionalOnClass found required class 'javax.validation.executable.ExecutableValidator' (OnClassCondition)
      - @ConditionalOnResource found location classpath:META-INF/services/javax.validation.spi.ValidationProvider (OnResourceCondition)

   ValidationAutoConfiguration#defaultValidator matched:
      - @ConditionalOnMissingBean (types: javax.validation.Validator; SearchStrategy: all) did not find any beans (OnBeanCondition)

   ValidationAutoConfiguration#methodValidationPostProcessor matched:
      - @ConditionalOnMissingBean (types: org.springframework.validation.beanvalidation.MethodValidationPostProcessor; SearchStrategy: current) did not find any beans (OnBeanCondition)

   WebEndpointAutoConfiguration matched:
      - @ConditionalOnWebApplication (required) found 'session' scope (OnWebApplicationCondition)

   WebEndpointAutoConfiguration#controllerEndpointDiscoverer matched:
      - @ConditionalOnMissingBean (types: org.springframework.boot.actuate.endpoint.web.annotation.ControllerEndpointsSupplier; SearchStrategy: all) did not find any beans (OnBeanCondition)

   WebEndpointAutoConfiguration#endpointMediaTypes matched:
      - @ConditionalOnMissingBean (types: org.springframework.boot.actuate.endpoint.web.EndpointMediaTypes; SearchStrategy: all) did not find any beans (OnBeanCondition)

   WebEndpointAutoConfiguration#pathMappedEndpoints matched:
      - @ConditionalOnMissingBean (types: org.springframework.boot.actuate.endpoint.web.PathMappedEndpoints; SearchStrategy: all) did not find any beans (OnBeanCondition)

   WebEndpointAutoConfiguration#webEndpointDiscoverer matched:
      - @ConditionalOnMissingBean (types: org.springframework.boot.actuate.endpoint.web.WebEndpointsSupplier; SearchStrategy: all) did not find any beans (OnBeanCondition)

   WebEndpointAutoConfiguration.WebEndpointServletConfiguration matched:
      - found 'session' scope (OnWebApplicationCondition)

   WebEndpointAutoConfiguration.WebEndpointServletConfiguration#servletEndpointDiscoverer matched:
      - @ConditionalOnMissingBean (types: org.springframework.boot.actuate.endpoint.web.annotation.ServletEndpointsSupplier; SearchStrategy: all) did not find any beans (OnBeanCondition)

   WebMvcAutoConfiguration matched:
      - @ConditionalOnClass found required classes 'javax.servlet.Servlet', 'org.springframework.web.servlet.DispatcherServlet', 'org.springframework.web.servlet.config.annotation.WebMvcConfigurer' (OnClassCondition)
      - found 'session' scope (OnWebApplicationCondition)
      - @ConditionalOnMissingBean (types: org.springframework.web.servlet.config.annotation.WebMvcConfigurationSupport; SearchStrategy: all) did not find any beans (OnBeanCondition)

   WebMvcAutoConfiguration#formContentFilter matched:
      - @ConditionalOnProperty (spring.mvc.formcontent.filter.enabled) matched (OnPropertyCondition)
      - @ConditionalOnMissingBean (types: org.springframework.web.filter.FormContentFilter; SearchStrategy: all) did not find any beans (OnBeanCondition)

   WebMvcAutoConfiguration.EnableWebMvcConfiguration#flashMapManager matched:
      - @ConditionalOnMissingBean (names: flashMapManager; SearchStrategy: all) did not find any beans (OnBeanCondition)

   WebMvcAutoConfiguration.EnableWebMvcConfiguration#localeResolver matched:
      - @ConditionalOnMissingBean (names: localeResolver; SearchStrategy: all) did not find any beans (OnBeanCondition)

   WebMvcAutoConfiguration.EnableWebMvcConfiguration#themeResolver matched:
      - @ConditionalOnMissingBean (names: themeResolver; SearchStrategy: all) did not find any beans (OnBeanCondition)

   WebMvcAutoConfiguration.WebMvcAutoConfigurationAdapter#defaultViewResolver matched:
      - @ConditionalOnMissingBean (types: org.springframework.web.servlet.view.InternalResourceViewResolver; SearchStrategy: all) did not find any beans (OnBeanCondition)

   WebMvcAutoConfiguration.WebMvcAutoConfigurationAdapter#requestContextFilter matched:
      - @ConditionalOnMissingBean (types: org.springframework.web.context.request.RequestContextListener,org.springframework.web.filter.RequestContextFilter; SearchStrategy: all) did not find any beans (OnBeanCondition)

   WebMvcAutoConfiguration.WebMvcAutoConfigurationAdapter#viewResolver matched:
      - @ConditionalOnBean (types: org.springframework.web.servlet.ViewResolver; SearchStrategy: all) found beans 'defaultViewResolver', 'beanNameViewResolver', 'mvcViewResolver'; @ConditionalOnMissingBean (names: viewResolver types: org.springframework.web.servlet.view.ContentNegotiatingViewResolver; SearchStrategy: all) did not find any beans (OnBeanCondition)

   WebMvcEndpointManagementContextConfiguration matched:
      - @ConditionalOnClass found required class 'org.springframework.web.servlet.DispatcherServlet' (OnClassCondition)
      - found 'session' scope (OnWebApplicationCondition)
      - @ConditionalOnBean (types: org.springframework.web.servlet.DispatcherServlet,org.springframework.boot.actuate.endpoint.web.WebEndpointsSupplier; SearchStrategy: all) found beans 'webEndpointDiscoverer', 'dispatcherServlet' (OnBeanCondition)

   WebMvcEndpointManagementContextConfiguration#controllerEndpointHandlerMapping matched:
      - @ConditionalOnMissingBean (types: org.springframework.boot.actuate.endpoint.web.servlet.ControllerEndpointHandlerMapping; SearchStrategy: all) did not find any beans (OnBeanCondition)

   WebMvcEndpointManagementContextConfiguration#webEndpointServletHandlerMapping matched:
      - @ConditionalOnMissingBean (types: org.springframework.boot.actuate.endpoint.web.servlet.WebMvcEndpointHandlerMapping; SearchStrategy: all) did not find any beans (OnBeanCondition)

   WebMvcMetricsAutoConfiguration matched:
      - @ConditionalOnClass found required class 'org.springframework.web.servlet.DispatcherServlet' (OnClassCondition)
      - found 'session' scope (OnWebApplicationCondition)
      - @ConditionalOnBean (types: io.micrometer.core.instrument.MeterRegistry; SearchStrategy: all) found bean 'simpleMeterRegistry' (OnBeanCondition)

   WebMvcMetricsAutoConfiguration#webMvcMetricsFilter matched:
      - @ConditionalOnMissingBean (types: org.springframework.boot.actuate.metrics.web.servlet.WebMvcMetricsFilter; SearchStrategy: all) did not find any beans (OnBeanCondition)

   WebMvcMetricsAutoConfiguration#webMvcTagsProvider matched:
      - @ConditionalOnMissingBean (types: org.springframework.boot.actuate.metrics.web.servlet.WebMvcTagsProvider; SearchStrategy: all) did not find any beans (OnBeanCondition)

   WebSocketServletAutoConfiguration matched:
      - @ConditionalOnClass found required classes 'javax.servlet.Servlet', 'javax.websocket.server.ServerContainer' (OnClassCondition)
      - found 'session' scope (OnWebApplicationCondition)

   WebSocketServletAutoConfiguration.TomcatWebSocketConfiguration matched:
      - @ConditionalOnClass found required classes 'org.apache.catalina.startup.Tomcat', 'org.apache.tomcat.websocket.server.WsSci' (OnClassCondition)

   WebSocketServletAutoConfiguration.TomcatWebSocketConfiguration#websocketServletWebServerCustomizer matched:
      - @ConditionalOnMissingBean (names: websocketServletWebServerCustomizer; SearchStrategy: all) did not find any beans (OnBeanCondition)


Negative matches:
-----------------

   ActiveMQAutoConfiguration:
      Did not match:
         - @ConditionalOnClass did not find required class 'javax.jms.ConnectionFactory' (OnClassCondition)

   AopAutoConfiguration.AspectJAutoProxyingConfiguration.JdkDynamicAutoProxyConfiguration:
      Did not match:
         - @ConditionalOnProperty (spring.aop.proxy-target-class=false) did not find property 'proxy-target-class' (OnPropertyCondition)

   AopAutoConfiguration.ClassProxyingConfiguration:
      Did not match:
         - @ConditionalOnMissingClass found unwanted class 'org.aspectj.weaver.Advice' (OnClassCondition)

   AppOpticsMetricsExportAutoConfiguration:
      Did not match:
         - @ConditionalOnClass did not find required class 'io.micrometer.appoptics.AppOpticsMeterRegistry' (OnClassCondition)

   ArtemisAutoConfiguration:
      Did not match:
         - @ConditionalOnClass did not find required class 'javax.jms.ConnectionFactory' (OnClassCondition)

   AtlasMetricsExportAutoConfiguration:
      Did not match:
         - @ConditionalOnClass did not find required class 'io.micrometer.atlas.AtlasMeterRegistry' (OnClassCondition)

   AtomikosJtaConfiguration:
      Did not match:
         - @ConditionalOnClass did not find required class 'com.atomikos.icatch.jta.UserTransactionManager' (OnClassCondition)

   AuditAutoConfiguration:
      Did not match:
         - @ConditionalOnBean (types: org.springframework.boot.actuate.audit.AuditEventRepository; SearchStrategy: all) did not find any beans of type org.springframework.boot.actuate.audit.AuditEventRepository (OnBeanCondition)
      Matched:
         - @ConditionalOnProperty (management.auditevents.enabled) matched (OnPropertyCondition)

   AuditEventsEndpointAutoConfiguration:
      Did not match:
         - @ConditionalOnAvailableEndpoint no 'management.endpoints' property marked it as exposed (OnAvailableEndpointCondition)

   AvailabilityHealthContributorAutoConfiguration#livenessStateHealthIndicator:
      Did not match:
         - @ConditionalOnProperty (management.health.livenessstate.enabled=true) did not find property 'enabled' (OnPropertyCondition)

   AvailabilityHealthContributorAutoConfiguration#readinessStateHealthIndicator:
      Did not match:
         - @ConditionalOnProperty (management.health.readinessstate.enabled=true) did not find property 'enabled' (OnPropertyCondition)

   AvailabilityProbesAutoConfiguration:
      Did not match:
         - Probes availability not running on a supported cloud platform (AvailabilityProbesAutoConfiguration.ProbesCondition)

   BatchAutoConfiguration:
      Did not match:
         - @ConditionalOnClass did not find required class 'org.springframework.batch.core.launch.JobLauncher' (OnClassCondition)

   BeansEndpointAutoConfiguration:
      Did not match:
         - @ConditionalOnAvailableEndpoint no 'management.endpoints' property marked it as exposed (OnAvailableEndpointCondition)

   Cache2kCacheConfiguration:
      Did not match:
         - @ConditionalOnClass did not find required class 'org.cache2k.Cache2kBuilder' (OnClassCondition)

   CacheAutoConfiguration:
      Did not match:
         - @ConditionalOnBean (types: org.springframework.cache.interceptor.CacheAspectSupport; SearchStrategy: all) did not find any beans of type org.springframework.cache.interceptor.CacheAspectSupport (OnBeanCondition)
      Matched:
         - @ConditionalOnClass found required class 'org.springframework.cache.CacheManager' (OnClassCondition)

   CacheAutoConfiguration.CacheManagerEntityManagerFactoryDependsOnPostProcessor:
      Did not match:
         - Ancestor org.springframework.boot.autoconfigure.cache.CacheAutoConfiguration did not match (ConditionEvaluationReport.AncestorsMatchedCondition)
      Matched:
         - @ConditionalOnClass found required class 'org.springframework.orm.jpa.LocalContainerEntityManagerFactoryBean' (OnClassCondition)

   CacheMeterBinderProvidersConfiguration.Cache2kCacheMeterBinderProviderConfiguration:
      Did not match:
         - @ConditionalOnClass did not find required classes 'org.cache2k.Cache2kBuilder', 'org.cache2k.extra.spring.SpringCache2kCache', 'org.cache2k.extra.micrometer.Cache2kCacheMetrics' (OnClassCondition)

   CacheMeterBinderProvidersConfiguration.CaffeineCacheMeterBinderProviderConfiguration:
      Did not match:
         - @ConditionalOnClass did not find required classes 'org.springframework.cache.caffeine.CaffeineCache', 'com.github.benmanes.caffeine.cache.Cache' (OnClassCondition)

   CacheMeterBinderProvidersConfiguration.EhCache2CacheMeterBinderProviderConfiguration:
      Did not match:
         - @ConditionalOnClass did not find required classes 'org.springframework.cache.ehcache.EhCacheCache', 'net.sf.ehcache.Ehcache' (OnClassCondition)

   CacheMeterBinderProvidersConfiguration.HazelcastCacheMeterBinderProviderConfiguration:
      Did not match:
         - @ConditionalOnClass did not find required classes 'com.hazelcast.spring.cache.HazelcastCache', 'com.hazelcast.core.Hazelcast' (OnClassCondition)

   CacheMeterBinderProvidersConfiguration.JCacheCacheMeterBinderProviderConfiguration:
      Did not match:
         - @ConditionalOnClass did not find required classes 'org.springframework.cache.jcache.JCacheCache', 'javax.cache.CacheManager' (OnClassCondition)

   CacheMeterBinderProvidersConfiguration.RedisCacheMeterBinderProviderConfiguration:
      Did not match:
         - @ConditionalOnClass did not find required class 'org.springframework.data.redis.cache.RedisCache' (OnClassCondition)

   CacheMetricsAutoConfiguration:
      Did not match:
         - @ConditionalOnBean (types: org.springframework.cache.CacheManager; SearchStrategy: all) did not find any beans of type org.springframework.cache.CacheManager (OnBeanCondition)

   CachesEndpointAutoConfiguration:
      Did not match:
         - @ConditionalOnAvailableEndpoint no 'management.endpoints' property marked it as exposed (OnAvailableEndpointCondition)
      Matched:
         - @ConditionalOnClass found required class 'org.springframework.cache.CacheManager' (OnClassCondition)

   CaffeineCacheConfiguration:
      Did not match:
         - @ConditionalOnClass did not find required class 'com.github.benmanes.caffeine.cache.Caffeine' (OnClassCondition)

   CassandraAutoConfiguration:
      Did not match:
         - @ConditionalOnClass did not find required class 'com.datastax.oss.driver.api.core.CqlSession' (OnClassCondition)

   CassandraDataAutoConfiguration:
      Did not match:
         - @ConditionalOnClass did not find required class 'com.datastax.oss.driver.api.core.CqlSession' (OnClassCondition)

   CassandraHealthContributorAutoConfiguration:
      Did not match:
         - @ConditionalOnClass did not find required class 'com.datastax.oss.driver.api.core.CqlSession' (OnClassCondition)

   CassandraReactiveDataAutoConfiguration:
      Did not match:
         - @ConditionalOnClass did not find required class 'com.datastax.oss.driver.api.core.CqlSession' (OnClassCondition)

   CassandraReactiveHealthContributorAutoConfiguration:
      Did not match:
         - @ConditionalOnClass did not find required class 'com.datastax.oss.driver.api.core.CqlSession' (OnClassCondition)

   CassandraReactiveRepositoriesAutoConfiguration:
      Did not match:
         - @ConditionalOnClass did not find required class 'org.springframework.data.cassandra.ReactiveSession' (OnClassCondition)

   CassandraRepositoriesAutoConfiguration:
      Did not match:
         - @ConditionalOnClass did not find required class 'com.datastax.oss.driver.api.core.CqlSession' (OnClassCondition)

   ClientHttpConnectorAutoConfiguration:
      Did not match:
         - @ConditionalOnClass did not find required class 'org.springframework.web.reactive.function.client.WebClient' (OnClassCondition)

   CloudFoundryActuatorAutoConfiguration:
      Did not match:
         - @ConditionalOnCloudPlatform did not find CLOUD_FOUNDRY (OnCloudPlatformCondition)
      Matched:
         - @ConditionalOnClass found required class 'org.springframework.web.servlet.DispatcherServlet' (OnClassCondition)
         - found 'session' scope (OnWebApplicationCondition)
         - @ConditionalOnProperty (management.cloudfoundry.enabled) matched (OnPropertyCondition)

   CodecsAutoConfiguration:
      Did not match:
         - @ConditionalOnClass did not find required class 'org.springframework.web.reactive.function.client.WebClient' (OnClassCondition)

   CompositeMeterRegistryConfiguration:
      Did not match:
         - NoneNestedConditions 1 matched 1 did not; NestedCondition on CompositeMeterRegistryConfiguration.MultipleNonPrimaryMeterRegistriesCondition.SingleInjectableMeterRegistry @ConditionalOnSingleCandidate (types: io.micrometer.core.instrument.MeterRegistry; SearchStrategy: all) found a single bean 'simpleMeterRegistry'; NestedCondition on CompositeMeterRegistryConfiguration.MultipleNonPrimaryMeterRegistriesCondition.NoMeterRegistryCondition @ConditionalOnMissingBean (types: io.micrometer.core.instrument.MeterRegistry; SearchStrategy: all) found beans of type 'io.micrometer.core.instrument.MeterRegistry' simpleMeterRegistry (CompositeMeterRegistryConfiguration.MultipleNonPrimaryMeterRegistriesCondition)

   ConditionsReportEndpointAutoConfiguration:
      Did not match:
         - @ConditionalOnAvailableEndpoint no 'management.endpoints' property marked it as exposed (OnAvailableEndpointCondition)

   ConfigurationPropertiesReportEndpointAutoConfiguration:
      Did not match:
         - @ConditionalOnAvailableEndpoint no 'management.endpoints' property marked it as exposed (OnAvailableEndpointCondition)

   ConnectionFactoryHealthContributorAutoConfiguration:
      Did not match:
         - @ConditionalOnClass did not find required class 'io.r2dbc.spi.ConnectionFactory' (OnClassCondition)

   ConnectionPoolMetricsAutoConfiguration:
      Did not match:
         - @ConditionalOnClass did not find required class 'io.r2dbc.pool.ConnectionPool' (OnClassCondition)

   CouchbaseAutoConfiguration:
      Did not match:
         - @ConditionalOnClass did not find required class 'com.couchbase.client.java.Cluster' (OnClassCondition)

   CouchbaseCacheConfiguration:
      Did not match:
         - @ConditionalOnClass did not find required class 'com.couchbase.client.java.Cluster' (OnClassCondition)

   CouchbaseDataAutoConfiguration:
      Did not match:
         - @ConditionalOnClass did not find required class 'com.couchbase.client.java.Bucket' (OnClassCondition)

   CouchbaseHealthContributorAutoConfiguration:
      Did not match:
         - @ConditionalOnClass did not find required class 'com.couchbase.client.java.Cluster' (OnClassCondition)

   CouchbaseReactiveDataAutoConfiguration:
      Did not match:
         - @ConditionalOnClass did not find required class 'com.couchbase.client.java.Cluster' (OnClassCondition)

   CouchbaseReactiveHealthContributorAutoConfiguration:
      Did not match:
         - @ConditionalOnClass did not find required class 'com.couchbase.client.java.Cluster' (OnClassCondition)

   CouchbaseReactiveRepositoriesAutoConfiguration:
      Did not match:
         - @ConditionalOnClass did not find required class 'com.couchbase.client.java.Cluster' (OnClassCondition)

   CouchbaseRepositoriesAutoConfiguration:
      Did not match:
         - @ConditionalOnClass did not find required class 'com.couchbase.client.java.Bucket' (OnClassCondition)

   DataSourceAutoConfiguration.EmbeddedDatabaseConfiguration:
      Did not match:
         - EmbeddedDataSource found supported pooled data source (DataSourceAutoConfiguration.EmbeddedDatabaseCondition)

   DataSourceAutoConfiguration.PooledDataSourceConfiguration:
      Did not match:
         - @ConditionalOnMissingBean (types: javax.sql.DataSource,javax.sql.XADataSource; SearchStrategy: all) found beans of type 'javax.sql.DataSource' dataSource (OnBeanCondition)
      Matched:
         - AnyNestedCondition 1 matched 1 did not; NestedCondition on DataSourceAutoConfiguration.PooledDataSourceCondition.PooledDataSourceAvailable PooledDataSource found supported DataSource; NestedCondition on DataSourceAutoConfiguration.PooledDataSourceCondition.ExplicitType @ConditionalOnProperty (spring.datasource.type) did not find property 'type' (DataSourceAutoConfiguration.PooledDataSourceCondition)

   DataSourceConfiguration.Dbcp2:
      Did not match:
         - @ConditionalOnClass did not find required class 'org.apache.commons.dbcp2.BasicDataSource' (OnClassCondition)

   DataSourceConfiguration.Generic:
      Did not match:
         - @ConditionalOnProperty (spring.datasource.type) did not find property 'spring.datasource.type' (OnPropertyCondition)

   DataSourceConfiguration.OracleUcp:
      Did not match:
         - @ConditionalOnClass did not find required class 'oracle.ucp.jdbc.PoolDataSourceImpl' (OnClassCondition)

   DataSourceConfiguration.Tomcat:
      Did not match:
         - @ConditionalOnClass did not find required class 'org.apache.tomcat.jdbc.pool.DataSource' (OnClassCondition)

   DataSourceJmxConfiguration:
      Did not match:
         - @ConditionalOnProperty (spring.jmx.enabled=true) found different value in property 'enabled' (OnPropertyCondition)

   DataSourcePoolMetadataProvidersConfiguration.CommonsDbcp2PoolDataSourceMetadataProviderConfiguration:
      Did not match:
         - @ConditionalOnClass did not find required class 'org.apache.commons.dbcp2.BasicDataSource' (OnClassCondition)

   DataSourcePoolMetadataProvidersConfiguration.OracleUcpPoolDataSourceMetadataProviderConfiguration:
      Did not match:
         - @ConditionalOnClass did not find required class 'oracle.ucp.jdbc.PoolDataSource' (OnClassCondition)

   DataSourcePoolMetadataProvidersConfiguration.TomcatDataSourcePoolMetadataProviderConfiguration:
      Did not match:
         - @ConditionalOnClass did not find required class 'org.apache.tomcat.jdbc.pool.DataSource' (OnClassCondition)

   DataSourceTransactionManagerAutoConfiguration.JdbcTransactionManagerConfiguration#transactionManager:
      Did not match:
         - @ConditionalOnMissingBean (types: org.springframework.transaction.TransactionManager; SearchStrategy: all) found beans of type 'org.springframework.transaction.TransactionManager' transactionManager (OnBeanCondition)

   DatadogMetricsExportAutoConfiguration:
      Did not match:
         - @ConditionalOnClass did not find required class 'io.micrometer.datadog.DatadogMeterRegistry' (OnClassCondition)

   DevToolsDataSourceAutoConfiguration:
      Did not match:
         - Devtools devtools is disabled for current context. (OnEnabledDevToolsCondition)

   DevToolsR2dbcAutoConfiguration:
      Did not match:
         - @ConditionalOnClass did not find required class 'io.r2dbc.spi.ConnectionFactory' (OnClassCondition)

   DispatcherServletAutoConfiguration.DispatcherServletConfiguration#multipartResolver:
      Did not match:
         - @ConditionalOnBean (types: org.springframework.web.multipart.MultipartResolver; SearchStrategy: all) did not find any beans of type org.springframework.web.multipart.MultipartResolver (OnBeanCondition)

   DynatraceMetricsExportAutoConfiguration:
      Did not match:
         - @ConditionalOnClass did not find required class 'io.micrometer.dynatrace.DynatraceMeterRegistry' (OnClassCondition)

   EhCacheCacheConfiguration:
      Did not match:
         - @ConditionalOnClass did not find required class 'net.sf.ehcache.Cache' (OnClassCondition)

   ElasticMetricsExportAutoConfiguration:
      Did not match:
         - @ConditionalOnClass did not find required class 'io.micrometer.elastic.ElasticMeterRegistry' (OnClassCondition)

   ElasticSearchReactiveHealthContributorAutoConfiguration:
      Did not match:
         - @ConditionalOnClass did not find required class 'reactor.core.publisher.Flux' (OnClassCondition)

   ElasticSearchRestHealthContributorAutoConfiguration:
      Did not match:
         - @ConditionalOnClass did not find required class 'org.elasticsearch.client.RestClient' (OnClassCondition)

   ElasticsearchDataAutoConfiguration:
      Did not match:
         - @ConditionalOnClass did not find required class 'org.springframework.data.elasticsearch.core.ElasticsearchRestTemplate' (OnClassCondition)

   ElasticsearchRepositoriesAutoConfiguration:
      Did not match:
         - @ConditionalOnClass did not find required class 'org.elasticsearch.client.Client' (OnClassCondition)

   ElasticsearchRestClientAutoConfiguration:
      Did not match:
         - @ConditionalOnClass did not find required class 'org.elasticsearch.client.RestClientBuilder' (OnClassCondition)

   EmbeddedLdapAutoConfiguration:
      Did not match:
         - @ConditionalOnClass did not find required class 'com.unboundid.ldap.listener.InMemoryDirectoryServer' (OnClassCondition)

   EmbeddedMongoAutoConfiguration:
      Did not match:
         - @ConditionalOnClass did not find required class 'com.mongodb.MongoClientSettings' (OnClassCondition)

   EmbeddedWebServerFactoryCustomizerAutoConfiguration:
      Did not match:
         - Application is deployed as a WAR file. (OnWarDeploymentCondition)
      Matched:
         - @ConditionalOnWebApplication (required) found 'session' scope (OnWebApplicationCondition)

   EnvironmentEndpointAutoConfiguration:
      Did not match:
         - @ConditionalOnAvailableEndpoint no 'management.endpoints' property marked it as exposed (OnAvailableEndpointCondition)

   ErrorWebFluxAutoConfiguration:
      Did not match:
         - @ConditionalOnClass did not find required class 'org.springframework.web.reactive.config.WebFluxConfigurer' (OnClassCondition)

   FlywayAutoConfiguration:
      Did not match:
         - @ConditionalOnClass did not find required class 'org.flywaydb.core.Flyway' (OnClassCondition)

   FlywayEndpointAutoConfiguration:
      Did not match:
         - @ConditionalOnClass did not find required class 'org.flywaydb.core.Flyway' (OnClassCondition)

   FreeMarkerAutoConfiguration:
      Did not match:
         - @ConditionalOnClass did not find required class 'freemarker.template.Configuration' (OnClassCondition)

   GangliaMetricsExportAutoConfiguration:
      Did not match:
         - @ConditionalOnClass did not find required class 'io.micrometer.ganglia.GangliaMeterRegistry' (OnClassCondition)

   GraphQlAutoConfiguration:
      Did not match:
         - @ConditionalOnClass did not find required class 'graphql.GraphQL' (OnClassCondition)

   GraphQlMetricsAutoConfiguration:
      Did not match:
         - @ConditionalOnClass did not find required class 'graphql.GraphQL' (OnClassCondition)

   GraphQlQueryByExampleAutoConfiguration:
      Did not match:
         - @ConditionalOnClass did not find required class 'graphql.GraphQL' (OnClassCondition)

   GraphQlQuerydslAutoConfiguration:
      Did not match:
         - @ConditionalOnClass did not find required class 'graphql.GraphQL' (OnClassCondition)

   GraphQlRSocketAutoConfiguration:
      Did not match:
         - @ConditionalOnClass did not find required class 'graphql.GraphQL' (OnClassCondition)

   GraphQlReactiveQueryByExampleAutoConfiguration:
      Did not match:
         - @ConditionalOnClass did not find required class 'graphql.GraphQL' (OnClassCondition)

   GraphQlReactiveQuerydslAutoConfiguration:
      Did not match:
         - @ConditionalOnClass did not find required class 'graphql.GraphQL' (OnClassCondition)

   GraphQlWebFluxAutoConfiguration:
      Did not match:
         - @ConditionalOnClass did not find required class 'graphql.GraphQL' (OnClassCondition)

   GraphQlWebFluxSecurityAutoConfiguration:
      Did not match:
         - @ConditionalOnClass did not find required class 'graphql.GraphQL' (OnClassCondition)

   GraphQlWebMvcAutoConfiguration:
      Did not match:
         - @ConditionalOnClass did not find required class 'graphql.GraphQL' (OnClassCondition)

   GraphQlWebMvcSecurityAutoConfiguration:
      Did not match:
         - @ConditionalOnClass did not find required class 'graphql.GraphQL' (OnClassCondition)

   GraphiteMetricsExportAutoConfiguration:
      Did not match:
         - @ConditionalOnClass did not find required class 'io.micrometer.graphite.GraphiteMeterRegistry' (OnClassCondition)

   GroovyTemplateAutoConfiguration:
      Did not match:
         - @ConditionalOnClass did not find required class 'groovy.text.markup.MarkupTemplateEngine' (OnClassCondition)

   GsonAutoConfiguration:
      Did not match:
         - @ConditionalOnClass did not find required class 'com.google.gson.Gson' (OnClassCondition)

   GsonHttpMessageConvertersConfiguration:
      Did not match:
         - @ConditionalOnClass did not find required class 'com.google.gson.Gson' (OnClassCondition)

   H2ConsoleAutoConfiguration:
      Did not match:
         - @ConditionalOnClass did not find required class 'org.h2.server.web.WebServlet' (OnClassCondition)

   HazelcastAutoConfiguration:
      Did not match:
         - @ConditionalOnClass did not find required class 'com.hazelcast.core.HazelcastInstance' (OnClassCondition)

   HazelcastCacheConfiguration:
      Did not match:
         - @ConditionalOnClass did not find required class 'com.hazelcast.core.HazelcastInstance' (OnClassCondition)

   HazelcastHealthContributorAutoConfiguration:
      Did not match:
         - @ConditionalOnClass did not find required class 'com.hazelcast.core.HazelcastInstance' (OnClassCondition)

   HazelcastJpaDependencyAutoConfiguration:
      Did not match:
         - @ConditionalOnClass did not find required class 'com.hazelcast.core.HazelcastInstance' (OnClassCondition)

   HealthEndpointReactiveWebExtensionConfiguration:
      Did not match:
         - did not find reactive web application classes (OnWebApplicationCondition)

   HealthEndpointWebExtensionConfiguration.JerseyAdditionalHealthEndpointPathsConfiguration:
      Did not match:
         - @ConditionalOnClass did not find required class 'org.glassfish.jersey.server.ResourceConfig' (OnClassCondition)

   HeapDumpWebEndpointAutoConfiguration:
      Did not match:
         - @ConditionalOnAvailableEndpoint no 'management.endpoints' property marked it as exposed (OnAvailableEndpointCondition)

   HibernateMetricsAutoConfiguration:
      Did not match:
         - @ConditionalOnClass did not find required class 'org.hibernate.stat.HibernateMetrics' (OnClassCondition)

   HttpHandlerAutoConfiguration:
      Did not match:
         - @ConditionalOnClass did not find required class 'org.springframework.web.reactive.DispatcherHandler' (OnClassCondition)

   HttpTraceAutoConfiguration:
      Did not match:
         - @ConditionalOnBean (types: org.springframework.boot.actuate.trace.http.HttpTraceRepository; SearchStrategy: all) did not find any beans of type org.springframework.boot.actuate.trace.http.HttpTraceRepository (OnBeanCondition)
      Matched:
         - @ConditionalOnWebApplication (required) found 'session' scope (OnWebApplicationCondition)
         - @ConditionalOnProperty (management.trace.http.enabled) matched (OnPropertyCondition)

   HttpTraceAutoConfiguration.ReactiveTraceFilterConfiguration:
      Did not match:
         - did not find reactive web application classes (OnWebApplicationCondition)
         - Ancestor org.springframework.boot.actuate.autoconfigure.trace.http.HttpTraceAutoConfiguration did not match (ConditionEvaluationReport.AncestorsMatchedCondition)

   HttpTraceAutoConfiguration.ServletTraceFilterConfiguration:
      Did not match:
         - Ancestor org.springframework.boot.actuate.autoconfigure.trace.http.HttpTraceAutoConfiguration did not match (ConditionEvaluationReport.AncestorsMatchedCondition)
      Matched:
         - found 'session' scope (OnWebApplicationCondition)

   HttpTraceEndpointAutoConfiguration:
      Did not match:
         - @ConditionalOnAvailableEndpoint no 'management.endpoints' property marked it as exposed (OnAvailableEndpointCondition)

   HumioMetricsExportAutoConfiguration:
      Did not match:
         - @ConditionalOnClass did not find required class 'io.micrometer.humio.HumioMeterRegistry' (OnClassCondition)

   HypermediaAutoConfiguration:
      Did not match:
         - @ConditionalOnClass did not find required class 'org.springframework.hateoas.EntityModel' (OnClassCondition)

   InfinispanCacheConfiguration:
      Did not match:
         - @ConditionalOnClass did not find required class 'org.infinispan.spring.embedded.provider.SpringEmbeddedCacheManager' (OnClassCondition)

   InfluxDbAutoConfiguration:
      Did not match:
         - @ConditionalOnClass did not find required class 'org.influxdb.InfluxDB' (OnClassCondition)

   InfluxDbHealthContributorAutoConfiguration:
      Did not match:
         - @ConditionalOnClass did not find required class 'org.influxdb.InfluxDB' (OnClassCondition)

   InfluxMetricsExportAutoConfiguration:
      Did not match:
         - @ConditionalOnClass did not find required class 'io.micrometer.influx.InfluxMeterRegistry' (OnClassCondition)

   InfoContributorAutoConfiguration#buildInfoContributor:
      Did not match:
         - @ConditionalOnSingleCandidate (types: org.springframework.boot.info.BuildProperties; SearchStrategy: all) did not find any beans (OnBeanCondition)
      Matched:
         - @ConditionalOnEnabledInfoContributor management.info.defaults.enabled is considered true (OnEnabledInfoContributorCondition)

   InfoContributorAutoConfiguration#envInfoContributor:
      Did not match:
         - @ConditionalOnEnabledInfoContributor management.info.env.enabled is not true (OnEnabledInfoContributorCondition)

   InfoContributorAutoConfiguration#gitInfoContributor:
      Did not match:
         - @ConditionalOnSingleCandidate (types: org.springframework.boot.info.GitProperties; SearchStrategy: all) did not find any beans (OnBeanCondition)
      Matched:
         - @ConditionalOnEnabledInfoContributor management.info.defaults.enabled is considered true (OnEnabledInfoContributorCondition)

   InfoContributorAutoConfiguration#javaInfoContributor:
      Did not match:
         - @ConditionalOnEnabledInfoContributor management.info.java.enabled is not true (OnEnabledInfoContributorCondition)

   InfoContributorAutoConfiguration#osInfoContributor:
      Did not match:
         - @ConditionalOnEnabledInfoContributor management.info.os.enabled is not true (OnEnabledInfoContributorCondition)

   InfoEndpointAutoConfiguration:
      Did not match:
         - @ConditionalOnAvailableEndpoint no 'management.endpoints' property marked it as exposed (OnAvailableEndpointCondition)

   IntegrationAutoConfiguration:
      Did not match:
         - @ConditionalOnClass did not find required class 'org.springframework.integration.config.EnableIntegration' (OnClassCondition)

   IntegrationGraphEndpointAutoConfiguration:
      Did not match:
         - @ConditionalOnClass did not find required class 'org.springframework.integration.graph.IntegrationGraphServer' (OnClassCondition)

   JCacheCacheConfiguration:
      Did not match:
         - @ConditionalOnClass did not find required class 'javax.cache.Caching' (OnClassCondition)

   JacksonHttpMessageConvertersConfiguration.MappingJackson2XmlHttpMessageConverterConfiguration:
      Did not match:
         - @ConditionalOnClass did not find required class 'com.fasterxml.jackson.dataformat.xml.XmlMapper' (OnClassCondition)

   JdbcRepositoriesAutoConfiguration:
      Did not match:
         - @ConditionalOnClass did not find required class 'org.springframework.data.jdbc.repository.config.AbstractJdbcConfiguration' (OnClassCondition)

   JerseyAutoConfiguration:
      Did not match:
         - @ConditionalOnClass did not find required class 'org.glassfish.jersey.server.spring.SpringComponentProvider' (OnClassCondition)

   JerseySameManagementContextConfiguration:
      Did not match:
         - @ConditionalOnClass did not find required class 'org.glassfish.jersey.server.ResourceConfig' (OnClassCondition)

   JerseyServerMetricsAutoConfiguration:
      Did not match:
         - @ConditionalOnClass did not find required class 'io.micrometer.core.instrument.binder.jersey.server.MetricsApplicationEventListener' (OnClassCondition)

   JerseyWebEndpointManagementContextConfiguration:
      Did not match:
         - @ConditionalOnClass did not find required class 'org.glassfish.jersey.server.ResourceConfig' (OnClassCondition)

   JettyMetricsAutoConfiguration:
      Did not match:
         - @ConditionalOnClass did not find required class 'org.eclipse.jetty.server.Server' (OnClassCondition)

   JmsAutoConfiguration:
      Did not match:
         - @ConditionalOnClass did not find required class 'javax.jms.Message' (OnClassCondition)

   JmsHealthContributorAutoConfiguration:
      Did not match:
         - @ConditionalOnClass did not find required class 'javax.jms.ConnectionFactory' (OnClassCondition)

   JmxAutoConfiguration:
      Did not match:
         - @ConditionalOnProperty (spring.jmx.enabled=true) found different value in property 'enabled' (OnPropertyCondition)
      Matched:
         - @ConditionalOnClass found required class 'org.springframework.jmx.export.MBeanExporter' (OnClassCondition)

   JmxEndpointAutoConfiguration:
      Did not match:
         - @ConditionalOnProperty (spring.jmx.enabled=true) found different value in property 'enabled' (OnPropertyCondition)

   JmxMetricsExportAutoConfiguration:
      Did not match:
         - @ConditionalOnClass did not find required class 'io.micrometer.jmx.JmxMeterRegistry' (OnClassCondition)

   JndiConnectionFactoryAutoConfiguration:
      Did not match:
         - @ConditionalOnClass did not find required class 'org.springframework.jms.core.JmsTemplate' (OnClassCondition)

   JndiDataSourceAutoConfiguration:
      Did not match:
         - @ConditionalOnProperty (spring.datasource.jndi-name) did not find property 'jndi-name' (OnPropertyCondition)
      Matched:
         - @ConditionalOnClass found required classes 'javax.sql.DataSource', 'org.springframework.jdbc.datasource.embedded.EmbeddedDatabaseType' (OnClassCondition)

   JndiJtaConfiguration:
      Did not match:
         - @ConditionalOnJndi JNDI environment is not available (OnJndiCondition)
      Matched:
         - @ConditionalOnClass found required class 'org.springframework.transaction.jta.JtaTransactionManager' (OnClassCondition)

   JolokiaEndpointAutoConfiguration:
      Did not match:
         - @ConditionalOnClass did not find required class 'org.jolokia.http.AgentServlet' (OnClassCondition)

   JooqAutoConfiguration:
      Did not match:
         - @ConditionalOnClass did not find required class 'org.jooq.DSLContext' (OnClassCondition)

   JpaBaseConfiguration#entityManagerFactory:
      Did not match:
         - @ConditionalOnMissingBean (types: org.springframework.orm.jpa.LocalContainerEntityManagerFactoryBean,javax.persistence.EntityManagerFactory; SearchStrategy: all) found beans of type 'javax.persistence.EntityManagerFactory' sessionFactory (OnBeanCondition)

   JpaRepositoriesAutoConfiguration#entityManagerFactoryBootstrapExecutorCustomizer:
      Did not match:
         - AnyNestedCondition 0 matched 2 did not; NestedCondition on JpaRepositoriesAutoConfiguration.BootstrapExecutorCondition.LazyBootstrapMode @ConditionalOnProperty (spring.data.jpa.repositories.bootstrap-mode=lazy) did not find property 'bootstrap-mode'; NestedCondition on JpaRepositoriesAutoConfiguration.BootstrapExecutorCondition.DeferredBootstrapMode @ConditionalOnProperty (spring.data.jpa.repositories.bootstrap-mode=deferred) did not find property 'bootstrap-mode' (JpaRepositoriesAutoConfiguration.BootstrapExecutorCondition)

   JsonbAutoConfiguration:
      Did not match:
         - @ConditionalOnClass did not find required class 'javax.json.bind.Jsonb' (OnClassCondition)

   JsonbHttpMessageConvertersConfiguration:
      Did not match:
         - @ConditionalOnClass did not find required class 'javax.json.bind.Jsonb' (OnClassCondition)

   KafkaAutoConfiguration:
      Did not match:
         - @ConditionalOnClass did not find required class 'org.springframework.kafka.core.KafkaTemplate' (OnClassCondition)

   KafkaMetricsAutoConfiguration:
      Did not match:
         - @ConditionalOnClass did not find required class 'org.springframework.kafka.core.ProducerFactory' (OnClassCondition)

   KairosMetricsExportAutoConfiguration:
      Did not match:
         - @ConditionalOnClass did not find required class 'io.micrometer.kairos.KairosMeterRegistry' (OnClassCondition)

   LdapAutoConfiguration:
      Did not match:
         - @ConditionalOnClass did not find required class 'org.springframework.ldap.core.ContextSource' (OnClassCondition)

   LdapHealthContributorAutoConfiguration:
      Did not match:
         - @ConditionalOnClass did not find required class 'org.springframework.ldap.core.LdapOperations' (OnClassCondition)

   LdapRepositoriesAutoConfiguration:
      Did not match:
         - @ConditionalOnClass did not find required class 'org.springframework.data.ldap.repository.LdapRepository' (OnClassCondition)

   LettuceMetricsAutoConfiguration:
      Did not match:
         - @ConditionalOnClass did not find required class 'io.lettuce.core.metrics.MicrometerCommandLatencyRecorder' (OnClassCondition)

   LiquibaseAutoConfiguration:
      Did not match:
         - @ConditionalOnClass did not find required class 'liquibase.change.DatabaseChange' (OnClassCondition)

   LiquibaseEndpointAutoConfiguration:
      Did not match:
         - @ConditionalOnClass did not find required class 'liquibase.integration.spring.SpringLiquibase' (OnClassCondition)

   LocalDevToolsAutoConfiguration:
      Did not match:
         - Initialized Restarter Condition initialized without URLs (OnInitializedRestarterCondition)

   Log4J2MetricsAutoConfiguration:
      Did not match:
         - @ConditionalOnClass did not find required class 'org.apache.logging.log4j.core.LoggerContext' (OnClassCondition)

   LogFileWebEndpointAutoConfiguration:
      Did not match:
         - @ConditionalOnAvailableEndpoint no 'management.endpoints' property marked it as exposed (OnAvailableEndpointCondition)

   LoggersEndpointAutoConfiguration:
      Did not match:
         - @ConditionalOnAvailableEndpoint no 'management.endpoints' property marked it as exposed (OnAvailableEndpointCondition)

   MailHealthContributorAutoConfiguration:
      Did not match:
         - @ConditionalOnClass did not find required class 'org.springframework.mail.javamail.JavaMailSenderImpl' (OnClassCondition)

   MailSenderAutoConfiguration:
      Did not match:
         - @ConditionalOnClass did not find required class 'javax.mail.internet.MimeMessage' (OnClassCondition)

   MailSenderValidatorAutoConfiguration:
      Did not match:
         - @ConditionalOnSingleCandidate did not find required type 'org.springframework.mail.javamail.JavaMailSenderImpl' (OnBeanCondition)

   ManagementContextAutoConfiguration.DifferentManagementContextConfiguration:
      Did not match:
         - Management Port actual port type (SAME) did not match required type (DIFFERENT) (OnManagementPortCondition)

   ManagementWebSecurityAutoConfiguration:
      Did not match:
         - AllNestedConditions 1 matched 1 did not; NestedCondition on DefaultWebSecurityCondition.Beans @ConditionalOnMissingBean (types: org.springframework.security.config.annotation.web.configuration.WebSecurityConfigurerAdapter,org.springframework.security.web.SecurityFilterChain; SearchStrategy: all) did not find any beans; NestedCondition on DefaultWebSecurityCondition.Classes @ConditionalOnClass did not find required classes 'org.springframework.security.web.SecurityFilterChain', 'org.springframework.security.config.annotation.web.builders.HttpSecurity' (DefaultWebSecurityCondition)
      Matched:
         - found 'session' scope (OnWebApplicationCondition)

   MappingsEndpointAutoConfiguration:
      Did not match:
         - @ConditionalOnAvailableEndpoint no 'management.endpoints' property marked it as exposed (OnAvailableEndpointCondition)

   MessageSourceAutoConfiguration:
      Did not match:
         - ResourceBundle did not find bundle with basename messages (MessageSourceAutoConfiguration.ResourceBundleCondition)

   MetricsEndpointAutoConfiguration:
      Did not match:
         - @ConditionalOnAvailableEndpoint no 'management.endpoints' property marked it as exposed (OnAvailableEndpointCondition)
      Matched:
         - @ConditionalOnClass found required class 'io.micrometer.core.annotation.Timed' (OnClassCondition)

   MongoAutoConfiguration:
      Did not match:
         - @ConditionalOnClass did not find required class 'com.mongodb.client.MongoClient' (OnClassCondition)

   MongoDataAutoConfiguration:
      Did not match:
         - @ConditionalOnClass did not find required class 'com.mongodb.client.MongoClient' (OnClassCondition)

   MongoHealthContributorAutoConfiguration:
      Did not match:
         - @ConditionalOnClass did not find required class 'org.springframework.data.mongodb.core.MongoTemplate' (OnClassCondition)

   MongoMetricsAutoConfiguration:
      Did not match:
         - @ConditionalOnClass did not find required class 'com.mongodb.MongoClientSettings' (OnClassCondition)

   MongoReactiveAutoConfiguration:
      Did not match:
         - @ConditionalOnClass did not find required class 'com.mongodb.reactivestreams.client.MongoClient' (OnClassCondition)

   MongoReactiveDataAutoConfiguration:
      Did not match:
         - @ConditionalOnClass did not find required class 'com.mongodb.reactivestreams.client.MongoClient' (OnClassCondition)

   MongoReactiveHealthContributorAutoConfiguration:
      Did not match:
         - @ConditionalOnClass did not find required class 'reactor.core.publisher.Flux' (OnClassCondition)

   MongoReactiveRepositoriesAutoConfiguration:
      Did not match:
         - @ConditionalOnClass did not find required class 'com.mongodb.reactivestreams.client.MongoClient' (OnClassCondition)

   MongoRepositoriesAutoConfiguration:
      Did not match:
         - @ConditionalOnClass did not find required class 'com.mongodb.client.MongoClient' (OnClassCondition)

   MustacheAutoConfiguration:
      Did not match:
         - @ConditionalOnClass did not find required class 'com.samskivert.mustache.Mustache' (OnClassCondition)

   Neo4jAutoConfiguration:
      Did not match:
         - @ConditionalOnClass did not find required class 'org.neo4j.driver.Driver' (OnClassCondition)

   Neo4jDataAutoConfiguration:
      Did not match:
         - @ConditionalOnClass did not find required class 'org.neo4j.driver.Driver' (OnClassCondition)

   Neo4jHealthContributorAutoConfiguration:
      Did not match:
         - @ConditionalOnClass did not find required class 'org.neo4j.driver.Driver' (OnClassCondition)

   Neo4jReactiveDataAutoConfiguration:
      Did not match:
         - @ConditionalOnClass did not find required class 'org.neo4j.driver.Driver' (OnClassCondition)

   Neo4jReactiveRepositoriesAutoConfiguration:
      Did not match:
         - @ConditionalOnClass did not find required class 'org.neo4j.driver.Driver' (OnClassCondition)

   Neo4jRepositoriesAutoConfiguration:
      Did not match:
         - @ConditionalOnClass did not find required class 'org.neo4j.driver.Driver' (OnClassCondition)

   NettyAutoConfiguration:
      Did not match:
         - @ConditionalOnClass did not find required class 'io.netty.util.NettyRuntime' (OnClassCondition)

   NewRelicMetricsExportAutoConfiguration:
      Did not match:
         - @ConditionalOnClass did not find required class 'io.micrometer.newrelic.NewRelicMeterRegistry' (OnClassCondition)

   NoOpMeterRegistryConfiguration:
      Did not match:
         - @ConditionalOnMissingBean (types: io.micrometer.core.instrument.MeterRegistry; SearchStrategy: all) found beans of type 'io.micrometer.core.instrument.MeterRegistry' simpleMeterRegistry (OnBeanCondition)

   OAuth2ClientAutoConfiguration:
      Did not match:
         - @ConditionalOnClass did not find required class 'org.springframework.security.config.annotation.web.configuration.EnableWebSecurity' (OnClassCondition)

   OAuth2ResourceServerAutoConfiguration:
      Did not match:
         - @ConditionalOnClass did not find required class 'org.springframework.security.oauth2.server.resource.BearerTokenAuthenticationToken' (OnClassCondition)

   ProjectInfoAutoConfiguration#buildProperties:
      Did not match:
         - @ConditionalOnResource did not find resource '${spring.info.build.location:classpath:META-INF/build-info.properties}' (OnResourceCondition)

   ProjectInfoAutoConfiguration#gitProperties:
      Did not match:
         - GitResource did not find git info at classpath:git.properties (ProjectInfoAutoConfiguration.GitResourceAvailableCondition)

   PrometheusMetricsExportAutoConfiguration:
      Did not match:
         - @ConditionalOnClass did not find required class 'io.micrometer.prometheus.PrometheusMeterRegistry' (OnClassCondition)

   QuartzAutoConfiguration:
      Did not match:
         - @ConditionalOnClass did not find required class 'org.quartz.Scheduler' (OnClassCondition)

   QuartzEndpointAutoConfiguration:
      Did not match:
         - @ConditionalOnClass did not find required class 'org.quartz.Scheduler' (OnClassCondition)

   R2dbcAutoConfiguration:
      Did not match:
         - @ConditionalOnClass did not find required class 'io.r2dbc.spi.ConnectionFactory' (OnClassCondition)

   R2dbcDataAutoConfiguration:
      Did not match:
         - @ConditionalOnClass did not find required class 'org.springframework.data.r2dbc.core.R2dbcEntityTemplate' (OnClassCondition)

   R2dbcInitializationConfiguration:
      Did not match:
         - @ConditionalOnClass did not find required classes 'io.r2dbc.spi.ConnectionFactory', 'org.springframework.r2dbc.connection.init.DatabasePopulator' (OnClassCondition)

   R2dbcRepositoriesAutoConfiguration:
      Did not match:
         - @ConditionalOnClass did not find required class 'io.r2dbc.spi.ConnectionFactory' (OnClassCondition)

   R2dbcTransactionManagerAutoConfiguration:
      Did not match:
         - @ConditionalOnClass did not find required class 'org.springframework.r2dbc.connection.R2dbcTransactionManager' (OnClassCondition)

   RSocketGraphQlClientAutoConfiguration:
      Did not match:
         - @ConditionalOnClass did not find required class 'graphql.GraphQL' (OnClassCondition)

   RSocketMessagingAutoConfiguration:
      Did not match:
         - @ConditionalOnClass did not find required class 'io.rsocket.RSocket' (OnClassCondition)

   RSocketRequesterAutoConfiguration:
      Did not match:
         - @ConditionalOnClass did not find required class 'io.rsocket.RSocket' (OnClassCondition)

   RSocketSecurityAutoConfiguration:
      Did not match:
         - @ConditionalOnClass did not find required class 'org.springframework.security.rsocket.core.SecuritySocketAcceptorInterceptor' (OnClassCondition)

   RSocketServerAutoConfiguration:
      Did not match:
         - @ConditionalOnClass did not find required class 'io.rsocket.core.RSocketServer' (OnClassCondition)

   RSocketStrategiesAutoConfiguration:
      Did not match:
         - @ConditionalOnClass did not find required class 'io.netty.buffer.PooledByteBufAllocator' (OnClassCondition)

   RabbitAutoConfiguration:
      Did not match:
         - @ConditionalOnClass did not find required class 'com.rabbitmq.client.Channel' (OnClassCondition)

   RabbitHealthContributorAutoConfiguration:
      Did not match:
         - @ConditionalOnClass did not find required class 'org.springframework.amqp.rabbit.core.RabbitTemplate' (OnClassCondition)

   RabbitMetricsAutoConfiguration:
      Did not match:
         - @ConditionalOnClass did not find required class 'com.rabbitmq.client.ConnectionFactory' (OnClassCondition)

   ReactiveCloudFoundryActuatorAutoConfiguration:
      Did not match:
         - @ConditionalOnWebApplication did not find reactive web application classes (OnWebApplicationCondition)

   ReactiveElasticsearchRepositoriesAutoConfiguration:
      Did not match:
         - @ConditionalOnClass did not find required class 'org.springframework.data.elasticsearch.client.reactive.ReactiveElasticsearchClient' (OnClassCondition)

   ReactiveElasticsearchRestClientAutoConfiguration:
      Did not match:
         - @ConditionalOnClass did not find required class 'reactor.netty.http.client.HttpClient' (OnClassCondition)

   ReactiveHealthEndpointConfiguration:
      Did not match:
         - @ConditionalOnClass did not find required class 'reactor.core.publisher.Flux' (OnClassCondition)

   ReactiveManagementContextAutoConfiguration:
      Did not match:
         - @ConditionalOnClass did not find required class 'reactor.core.publisher.Flux' (OnClassCondition)

   ReactiveManagementWebSecurityAutoConfiguration:
      Did not match:
         - @ConditionalOnClass did not find required class 'org.springframework.security.config.annotation.web.reactive.EnableWebFluxSecurity' (OnClassCondition)

   ReactiveMultipartAutoConfiguration:
      Did not match:
         - @ConditionalOnClass did not find required class 'org.springframework.web.reactive.config.WebFluxConfigurer' (OnClassCondition)

   ReactiveOAuth2ClientAutoConfiguration:
      Did not match:
         - @ConditionalOnClass did not find required class 'reactor.core.publisher.Flux' (OnClassCondition)

   ReactiveOAuth2ResourceServerAutoConfiguration:
      Did not match:
         - @ConditionalOnClass did not find required class 'org.springframework.security.config.annotation.web.reactive.EnableWebFluxSecurity' (OnClassCondition)

   ReactiveSecurityAutoConfiguration:
      Did not match:
         - @ConditionalOnClass did not find required class 'reactor.core.publisher.Flux' (OnClassCondition)

   ReactiveUserDetailsServiceAutoConfiguration:
      Did not match:
         - @ConditionalOnClass did not find required class 'org.springframework.security.authentication.ReactiveAuthenticationManager' (OnClassCondition)

   ReactiveWebServerFactoryAutoConfiguration:
      Did not match:
         - @ConditionalOnWebApplication did not find reactive web application classes (OnWebApplicationCondition)

   RedisAutoConfiguration:
      Did not match:
         - @ConditionalOnClass did not find required class 'org.springframework.data.redis.core.RedisOperations' (OnClassCondition)

   RedisCacheConfiguration:
      Did not match:
         - @ConditionalOnClass did not find required class 'org.springframework.data.redis.connection.RedisConnectionFactory' (OnClassCondition)

   RedisHealthContributorAutoConfiguration:
      Did not match:
         - @ConditionalOnClass did not find required class 'org.springframework.data.redis.connection.RedisConnectionFactory' (OnClassCondition)

   RedisReactiveAutoConfiguration:
      Did not match:
         - @ConditionalOnClass did not find required class 'reactor.core.publisher.Flux' (OnClassCondition)

   RedisReactiveHealthContributorAutoConfiguration:
      Did not match:
         - @ConditionalOnClass did not find required class 'reactor.core.publisher.Flux' (OnClassCondition)

   RedisRepositoriesAutoConfiguration:
      Did not match:
         - @ConditionalOnClass did not find required class 'org.springframework.data.redis.repository.configuration.EnableRedisRepositories' (OnClassCondition)

   RemoteDevToolsAutoConfiguration:
      Did not match:
         - @ConditionalOnProperty (spring.devtools.remote.secret) did not find property 'secret' (OnPropertyCondition)
      Matched:
         - @ConditionalOnClass found required classes 'javax.servlet.Filter', 'org.springframework.http.server.ServerHttpRequest' (OnClassCondition)

   RepositoryRestMvcAutoConfiguration:
      Did not match:
         - @ConditionalOnClass did not find required class 'org.springframework.data.rest.webmvc.config.RepositoryRestMvcConfiguration' (OnClassCondition)

   Saml2RelyingPartyAutoConfiguration:
      Did not match:
         - @ConditionalOnClass did not find required class 'org.springframework.security.saml2.provider.service.registration.RelyingPartyRegistrationRepository' (OnClassCondition)

   ScheduledTasksEndpointAutoConfiguration:
      Did not match:
         - @ConditionalOnAvailableEndpoint no 'management.endpoints' property marked it as exposed (OnAvailableEndpointCondition)

   SecurityAutoConfiguration:
      Did not match:
         - @ConditionalOnClass did not find required class 'org.springframework.security.authentication.DefaultAuthenticationEventPublisher' (OnClassCondition)

   SecurityFilterAutoConfiguration:
      Did not match:
         - @ConditionalOnClass did not find required class 'org.springframework.security.config.http.SessionCreationPolicy' (OnClassCondition)

   SecurityRequestMatchersManagementContextConfiguration:
      Did not match:
         - @ConditionalOnClass did not find required class 'org.springframework.security.web.util.matcher.RequestMatcher' (OnClassCondition)

   SendGridAutoConfiguration:
      Did not match:
         - @ConditionalOnClass did not find required class 'com.sendgrid.SendGrid' (OnClassCondition)

   ServletEndpointManagementContextConfiguration.JerseyServletEndpointManagementContextConfiguration:
      Did not match:
         - @ConditionalOnClass did not find required class 'org.glassfish.jersey.server.ResourceConfig' (OnClassCondition)

   ServletManagementContextAutoConfiguration.ApplicationContextFilterConfiguration:
      Did not match:
         - @ConditionalOnProperty (management.server.add-application-context-header=true) did not find property 'add-application-context-header' (OnPropertyCondition)

   ServletWebServerFactoryAutoConfiguration.ForwardedHeaderFilterConfiguration:
      Did not match:
         - @ConditionalOnProperty (server.forward-headers-strategy=framework) did not find property 'server.forward-headers-strategy' (OnPropertyCondition)

   ServletWebServerFactoryConfiguration.EmbeddedJetty:
      Did not match:
         - @ConditionalOnClass did not find required classes 'org.eclipse.jetty.server.Server', 'org.eclipse.jetty.util.Loader', 'org.eclipse.jetty.webapp.WebAppContext' (OnClassCondition)

   ServletWebServerFactoryConfiguration.EmbeddedUndertow:
      Did not match:
         - @ConditionalOnClass did not find required classes 'io.undertow.Undertow', 'org.xnio.SslClientAuthMode' (OnClassCondition)

   SessionAutoConfiguration:
      Did not match:
         - @ConditionalOnClass did not find required class 'org.springframework.session.Session' (OnClassCondition)

   SessionsEndpointAutoConfiguration:
      Did not match:
         - @ConditionalOnClass did not find required class 'org.springframework.session.FindByIndexNameSessionRepository' (OnClassCondition)

   ShutdownEndpointAutoConfiguration:
      Did not match:
         - @ConditionalOnAvailableEndpoint no property management.endpoint.shutdown.enabled found so using endpoint default of false (OnAvailableEndpointCondition)

   SignalFxMetricsExportAutoConfiguration:
      Did not match:
         - @ConditionalOnClass did not find required class 'io.micrometer.signalfx.SignalFxMeterRegistry' (OnClassCondition)

   SolrAutoConfiguration:
      Did not match:
         - @ConditionalOnClass did not find required class 'org.apache.solr.client.solrj.impl.CloudSolrClient' (OnClassCondition)

   SolrHealthContributorAutoConfiguration:
      Did not match:
         - @ConditionalOnClass did not find required class 'org.apache.solr.client.solrj.SolrClient' (OnClassCondition)

   SpringApplicationAdminJmxAutoConfiguration:
      Did not match:
         - @ConditionalOnProperty (spring.application.admin.enabled=true) did not find property 'enabled' (OnPropertyCondition)

   StackdriverMetricsExportAutoConfiguration:
      Did not match:
         - @ConditionalOnClass did not find required class 'io.micrometer.stackdriver.StackdriverMeterRegistry' (OnClassCondition)

   StartupEndpointAutoConfiguration:
      Did not match:
         - ApplicationStartup configured applicationStartup is of type class org.springframework.core.metrics.DefaultApplicationStartup, expected BufferingApplicationStartup. (StartupEndpointAutoConfiguration.ApplicationStartupCondition)

   StatsdMetricsExportAutoConfiguration:
      Did not match:
         - @ConditionalOnClass did not find required class 'io.micrometer.statsd.StatsdMeterRegistry' (OnClassCondition)

   TaskSchedulingAutoConfiguration#scheduledBeanLazyInitializationExcludeFilter:
      Did not match:
         - @ConditionalOnBean (names: org.springframework.context.annotation.internalScheduledAnnotationProcessor; SearchStrategy: all) did not find any beans named org.springframework.context.annotation.internalScheduledAnnotationProcessor (OnBeanCondition)

   TaskSchedulingAutoConfiguration#taskScheduler:
      Did not match:
         - @ConditionalOnBean (names: org.springframework.context.annotation.internalScheduledAnnotationProcessor; SearchStrategy: all) did not find any beans named org.springframework.context.annotation.internalScheduledAnnotationProcessor (OnBeanCondition)

   ThreadDumpEndpointAutoConfiguration:
      Did not match:
         - @ConditionalOnAvailableEndpoint no 'management.endpoints' property marked it as exposed (OnAvailableEndpointCondition)

   ThymeleafAutoConfiguration:
      Did not match:
         - @ConditionalOnClass did not find required class 'org.thymeleaf.spring5.SpringTemplateEngine' (OnClassCondition)

   TransactionAutoConfiguration#transactionalOperator:
      Did not match:
         - @ConditionalOnSingleCandidate (types: org.springframework.transaction.ReactiveTransactionManager; SearchStrategy: all) did not find any beans (OnBeanCondition)

   TransactionAutoConfiguration.AspectJTransactionManagementConfiguration:
      Did not match:
         - @ConditionalOnBean (types: org.springframework.transaction.aspectj.AbstractTransactionAspect; SearchStrategy: all) did not find any beans of type org.springframework.transaction.aspectj.AbstractTransactionAspect (OnBeanCondition)

   TransactionAutoConfiguration.EnableTransactionManagementConfiguration:
      Did not match:
         - @ConditionalOnMissingBean (types: org.springframework.transaction.annotation.AbstractTransactionManagementConfiguration; SearchStrategy: all) found beans of type 'org.springframework.transaction.annotation.AbstractTransactionManagementConfiguration' org.springframework.transaction.annotation.ProxyTransactionManagementConfiguration (OnBeanCondition)

   TransactionAutoConfiguration.EnableTransactionManagementConfiguration.CglibAutoProxyConfiguration:
      Did not match:
         - Ancestor org.springframework.boot.autoconfigure.transaction.TransactionAutoConfiguration$EnableTransactionManagementConfiguration did not match (ConditionEvaluationReport.AncestorsMatchedCondition)
      Matched:
         - @ConditionalOnProperty (spring.aop.proxy-target-class=true) matched (OnPropertyCondition)

   TransactionAutoConfiguration.EnableTransactionManagementConfiguration.JdkDynamicAutoProxyConfiguration:
      Did not match:
         - @ConditionalOnProperty (spring.aop.proxy-target-class=false) did not find property 'proxy-target-class' (OnPropertyCondition)
         - Ancestor org.springframework.boot.autoconfigure.transaction.TransactionAutoConfiguration$EnableTransactionManagementConfiguration did not match (ConditionEvaluationReport.AncestorsMatchedCondition)

   UserDetailsServiceAutoConfiguration:
      Did not match:
         - @ConditionalOnClass did not find required class 'org.springframework.security.authentication.AuthenticationManager' (OnClassCondition)

   WavefrontMetricsExportAutoConfiguration:
      Did not match:
         - @ConditionalOnClass did not find required class 'com.wavefront.sdk.common.WavefrontSender' (OnClassCondition)

   WebClientAutoConfiguration:
      Did not match:
         - @ConditionalOnClass did not find required class 'org.springframework.web.reactive.function.client.WebClient' (OnClassCondition)

   WebClientMetricsConfiguration:
      Did not match:
         - @ConditionalOnClass did not find required class 'org.springframework.web.reactive.function.client.WebClient' (OnClassCondition)

   WebFluxAutoConfiguration:
      Did not match:
         - @ConditionalOnClass did not find required class 'org.springframework.web.reactive.config.WebFluxConfigurer' (OnClassCondition)

   WebFluxEndpointManagementContextConfiguration:
      Did not match:
         - @ConditionalOnClass did not find required class 'org.springframework.web.reactive.DispatcherHandler' (OnClassCondition)

   WebFluxMetricsAutoConfiguration:
      Did not match:
         - @ConditionalOnWebApplication did not find reactive web application classes (OnWebApplicationCondition)

   WebMvcAutoConfiguration#hiddenHttpMethodFilter:
      Did not match:
         - @ConditionalOnProperty (spring.mvc.hiddenmethod.filter.enabled) did not find property 'enabled' (OnPropertyCondition)

   WebMvcAutoConfiguration.ResourceChainCustomizerConfiguration:
      Did not match:
         - @ConditionalOnEnabledResourceChain did not find class org.webjars.WebJarAssetLocator (OnEnabledResourceChainCondition)

   WebMvcAutoConfiguration.WebMvcAutoConfigurationAdapter#beanNameViewResolver:
      Did not match:
         - @ConditionalOnMissingBean (types: org.springframework.web.servlet.view.BeanNameViewResolver; SearchStrategy: all) found beans of type 'org.springframework.web.servlet.view.BeanNameViewResolver' beanNameViewResolver (OnBeanCondition)

   WebMvcEndpointManagementContextConfiguration#managementHealthEndpointWebMvcHandlerMapping:
      Did not match:
         - Management Port actual port type (SAME) did not match required type (DIFFERENT) (OnManagementPortCondition)

   WebServiceTemplateAutoConfiguration:
      Did not match:
         - @ConditionalOnClass did not find required class 'org.springframework.oxm.Marshaller' (OnClassCondition)

   WebServicesAutoConfiguration:
      Did not match:
         - @ConditionalOnClass did not find required class 'org.springframework.ws.transport.http.MessageDispatcherServlet' (OnClassCondition)

   WebSessionIdResolverAutoConfiguration:
      Did not match:
         - @ConditionalOnClass did not find required class 'reactor.core.publisher.Mono' (OnClassCondition)

   WebSocketMessagingAutoConfiguration:
      Did not match:
         - @ConditionalOnClass did not find required class 'org.springframework.web.socket.config.annotation.WebSocketMessageBrokerConfigurer' (OnClassCondition)

   WebSocketReactiveAutoConfiguration:
      Did not match:
         - @ConditionalOnWebApplication did not find reactive web application classes (OnWebApplicationCondition)

   WebSocketServletAutoConfiguration.Jetty10WebSocketConfiguration:
      Did not match:
         - @ConditionalOnClass did not find required classes 'org.eclipse.jetty.websocket.javax.server.internal.JavaxWebSocketServerContainer', 'org.eclipse.jetty.websocket.server.JettyWebSocketServerContainer' (OnClassCondition)

   WebSocketServletAutoConfiguration.JettyWebSocketConfiguration:
      Did not match:
         - @ConditionalOnClass did not find required class 'org.eclipse.jetty.websocket.jsr356.server.deploy.WebSocketServerContainerInitializer' (OnClassCondition)

   WebSocketServletAutoConfiguration.UndertowWebSocketConfiguration:
      Did not match:
         - @ConditionalOnClass did not find required class 'io.undertow.websockets.jsr.Bootstrap' (OnClassCondition)

   XADataSourceAutoConfiguration:
      Did not match:
         - @ConditionalOnBean (types: org.springframework.boot.jdbc.XADataSourceWrapper; SearchStrategy: all) did not find any beans of type org.springframework.boot.jdbc.XADataSourceWrapper (OnBeanCondition)
      Matched:
         - @ConditionalOnClass found required classes 'javax.sql.DataSource', 'javax.transaction.TransactionManager', 'org.springframework.jdbc.datasource.embedded.EmbeddedDatabaseType' (OnClassCondition)


Exclusions:
-----------

    None


Unconditional classes:
----------------------

    org.springframework.boot.autoconfigure.context.ConfigurationPropertiesAutoConfiguration

    org.springframework.boot.actuate.autoconfigure.availability.AvailabilityHealthContributorAutoConfiguration

    org.springframework.boot.actuate.autoconfigure.info.InfoContributorAutoConfiguration

    org.springframework.boot.autoconfigure.context.PropertyPlaceholderAutoConfiguration

    org.springframework.boot.autoconfigure.context.LifecycleAutoConfiguration

    org.springframework.boot.actuate.autoconfigure.health.HealthContributorAutoConfiguration

    org.springframework.boot.actuate.autoconfigure.metrics.integration.IntegrationMetricsAutoConfiguration

    org.springframework.boot.actuate.autoconfigure.endpoint.EndpointAutoConfiguration

    org.springframework.boot.autoconfigure.availability.ApplicationAvailabilityAutoConfiguration

    org.springframework.boot.autoconfigure.info.ProjectInfoAutoConfiguration

    org.springframework.boot.actuate.autoconfigure.web.server.ManagementContextAutoConfiguration



2026-04-11 00:59:04.475 INFO  [main] c.d.c.c.ComicverseApplicationTests - Started ComicverseApplicationTests in 12.874 seconds (JVM running for 15.222)
2026-04-11 00:59:04.538 DEBUG [main] o.s.b.a.ApplicationAvailabilityBean - Application availability state LivenessState changed to CORRECT
2026-04-11 00:59:04.540 INFO  [main] c.d.comicverse.ComicverseApplication - Working directory: C:\Users\alessio.deamicis\Documents\GitHub\comicVerse_dgsspa\comicVerse\BackEnd\comicverse
2026-04-11 00:59:04.543 INFO  [main] c.d.comicverse.ComicverseApplication - Active profiles: dev
2026-04-11 00:59:04.546 DEBUG [main] o.s.boot.devtools.restart.Restarter - Creating new Restarter for thread Thread[main,5,main]
2026-04-11 00:59:04.547 DEBUG [main] o.s.b.a.ApplicationAvailabilityBean - Application availability state ReadinessState changed to ACCEPTING_TRAFFIC
2026-04-11 00:59:04.548 DEBUG [main] o.s.t.c.c.DefaultCacheAwareContextLoaderDelegate - Storing ApplicationContext [1894698434] in cache under key [[WebMergedContextConfiguration@6c2c1385 testClass = ComicverseApplicationTests, locations = '{}', classes = '{class com.dgsspa.comicverse.ComicverseApplication}', contextInitializerClasses = '[]', activeProfiles = '{}', propertySourceLocations = '{}', propertySourceProperties = '{org.springframework.boot.test.context.SpringBootTestContextBootstrapper=true}', contextCustomizers = set[org.springframework.boot.test.context.filter.ExcludeFilterContextCustomizer@2b48a640, org.springframework.boot.test.json.DuplicateJsonObjectContextCustomizerFactory$DuplicateJsonObjectContextCustomizer@4bb33f74, org.springframework.boot.test.mock.mockito.MockitoContextCustomizer@0, org.springframework.boot.test.web.client.TestRestTemplateContextCustomizer@2a54a73f, org.springframework.boot.test.autoconfigure.actuate.metrics.MetricsExportContextCustomizerFactory$DisableMetricExportContextCustomizer@71def8f8, org.springframework.boot.test.autoconfigure.properties.PropertyMappingContextCustomizer@0, org.springframework.boot.test.autoconfigure.web.servlet.WebDriverContextCustomizerFactory$Customizer@614ca7df, org.springframework.boot.test.context.SpringBootTestArgs@1, org.springframework.boot.test.context.SpringBootTestWebEnvironment@467aecef], resourceBasePath = 'src/main/webapp', contextLoader = 'org.springframework.boot.test.context.SpringBootContextLoader', parent = [null]]]
2026-04-11 00:59:04.549 DEBUG [main] o.springframework.test.context.cache - Spring test ApplicationContext cache statistics: [DefaultContextCache@b307030 size = 1, maxSize = 32, parentContextCount = 0, hitCount = 0, missCount = 1]
2026-04-11 00:59:04.552 DEBUG [main] o.s.t.c.w.ServletTestExecutionListener - Setting up MockHttpServletRequest, MockHttpServletResponse, ServletWebRequest, and RequestContextHolder for test context [DefaultTestContext@67545b57 testClass = ComicverseApplicationTests, testInstance = com.dgsspa.comicverse.comicverse.ComicverseApplicationTests@49741e80, testMethod = [null], testException = [null], mergedContextConfiguration = [WebMergedContextConfiguration@6c2c1385 testClass = ComicverseApplicationTests, locations = '{}', classes = '{class com.dgsspa.comicverse.ComicverseApplication}', contextInitializerClasses = '[]', activeProfiles = '{}', propertySourceLocations = '{}', propertySourceProperties = '{org.springframework.boot.test.context.SpringBootTestContextBootstrapper=true}', contextCustomizers = set[org.springframework.boot.test.context.filter.ExcludeFilterContextCustomizer@2b48a640, org.springframework.boot.test.json.DuplicateJsonObjectContextCustomizerFactory$DuplicateJsonObjectContextCustomizer@4bb33f74, org.springframework.boot.test.mock.mockito.MockitoContextCustomizer@0, org.springframework.boot.test.web.client.TestRestTemplateContextCustomizer@2a54a73f, org.springframework.boot.test.autoconfigure.actuate.metrics.MetricsExportContextCustomizerFactory$DisableMetricExportContextCustomizer@71def8f8, org.springframework.boot.test.autoconfigure.properties.PropertyMappingContextCustomizer@0, org.springframework.boot.test.autoconfigure.web.servlet.WebDriverContextCustomizerFactory$Customizer@614ca7df, org.springframework.boot.test.context.SpringBootTestArgs@1, org.springframework.boot.test.context.SpringBootTestWebEnvironment@467aecef], resourceBasePath = 'src/main/webapp', contextLoader = 'org.springframework.boot.test.context.SpringBootContextLoader', parent = [null]], attributes = map['org.springframework.test.context.web.ServletTestExecutionListener.activateListener' -> true]].
2026-04-11 00:59:04.602 DEBUG [main] o.s.t.c.s.DependencyInjectionTestExecutionListener - Performing dependency injection for test context [[DefaultTestContext@67545b57 testClass = ComicverseApplicationTests, testInstance = com.dgsspa.comicverse.comicverse.ComicverseApplicationTests@49741e80, testMethod = [null], testException = [null], mergedContextConfiguration = [WebMergedContextConfiguration@6c2c1385 testClass = ComicverseApplicationTests, locations = '{}', classes = '{class com.dgsspa.comicverse.ComicverseApplication}', contextInitializerClasses = '[]', activeProfiles = '{}', propertySourceLocations = '{}', propertySourceProperties = '{org.springframework.boot.test.context.SpringBootTestContextBootstrapper=true}', contextCustomizers = set[org.springframework.boot.test.context.filter.ExcludeFilterContextCustomizer@2b48a640, org.springframework.boot.test.json.DuplicateJsonObjectContextCustomizerFactory$DuplicateJsonObjectContextCustomizer@4bb33f74, org.springframework.boot.test.mock.mockito.MockitoContextCustomizer@0, org.springframework.boot.test.web.client.TestRestTemplateContextCustomizer@2a54a73f, org.springframework.boot.test.autoconfigure.actuate.metrics.MetricsExportContextCustomizerFactory$DisableMetricExportContextCustomizer@71def8f8, org.springframework.boot.test.autoconfigure.properties.PropertyMappingContextCustomizer@0, org.springframework.boot.test.autoconfigure.web.servlet.WebDriverContextCustomizerFactory$Customizer@614ca7df, org.springframework.boot.test.context.SpringBootTestArgs@1, org.springframework.boot.test.context.SpringBootTestWebEnvironment@467aecef], resourceBasePath = 'src/main/webapp', contextLoader = 'org.springframework.boot.test.context.SpringBootContextLoader', parent = [null]], attributes = map['org.springframework.test.context.web.ServletTestExecutionListener.activateListener' -> true, 'org.springframework.test.context.web.ServletTestExecutionListener.populatedRequestContextHolder' -> true, 'org.springframework.test.context.web.ServletTestExecutionListener.resetRequestContextHolder' -> true, 'org.springframework.test.context.event.ApplicationEventsTestExecutionListener.recordApplicationEvents' -> false]]].
2026-04-11 00:59:04.603 DEBUG [main] o.s.t.c.c.DefaultCacheAwareContextLoaderDelegate - Retrieved ApplicationContext [1894698434] from cache with key [[WebMergedContextConfiguration@6c2c1385 testClass = ComicverseApplicationTests, locations = '{}', classes = '{class com.dgsspa.comicverse.ComicverseApplication}', contextInitializerClasses = '[]', activeProfiles = '{}', propertySourceLocations = '{}', propertySourceProperties = '{org.springframework.boot.test.context.SpringBootTestContextBootstrapper=true}', contextCustomizers = set[org.springframework.boot.test.context.filter.ExcludeFilterContextCustomizer@2b48a640, org.springframework.boot.test.json.DuplicateJsonObjectContextCustomizerFactory$DuplicateJsonObjectContextCustomizer@4bb33f74, org.springframework.boot.test.mock.mockito.MockitoContextCustomizer@0, org.springframework.boot.test.web.client.TestRestTemplateContextCustomizer@2a54a73f, org.springframework.boot.test.autoconfigure.actuate.metrics.MetricsExportContextCustomizerFactory$DisableMetricExportContextCustomizer@71def8f8, org.springframework.boot.test.autoconfigure.properties.PropertyMappingContextCustomizer@0, org.springframework.boot.test.autoconfigure.web.servlet.WebDriverContextCustomizerFactory$Customizer@614ca7df, org.springframework.boot.test.context.SpringBootTestArgs@1, org.springframework.boot.test.context.SpringBootTestWebEnvironment@467aecef], resourceBasePath = 'src/main/webapp', contextLoader = 'org.springframework.boot.test.context.SpringBootContextLoader', parent = [null]]]
2026-04-11 00:59:04.603 DEBUG [main] o.springframework.test.context.cache - Spring test ApplicationContext cache statistics: [DefaultContextCache@b307030 size = 1, maxSize = 32, parentContextCount = 0, hitCount = 1, missCount = 1]
2026-04-11 00:59:04.607 DEBUG [main] o.s.t.c.c.DefaultCacheAwareContextLoaderDelegate - Retrieved ApplicationContext [1894698434] from cache with key [[WebMergedContextConfiguration@6c2c1385 testClass = ComicverseApplicationTests, locations = '{}', classes = '{class com.dgsspa.comicverse.ComicverseApplication}', contextInitializerClasses = '[]', activeProfiles = '{}', propertySourceLocations = '{}', propertySourceProperties = '{org.springframework.boot.test.context.SpringBootTestContextBootstrapper=true}', contextCustomizers = set[org.springframework.boot.test.context.filter.ExcludeFilterContextCustomizer@2b48a640, org.springframework.boot.test.json.DuplicateJsonObjectContextCustomizerFactory$DuplicateJsonObjectContextCustomizer@4bb33f74, org.springframework.boot.test.mock.mockito.MockitoContextCustomizer@0, org.springframework.boot.test.web.client.TestRestTemplateContextCustomizer@2a54a73f, org.springframework.boot.test.autoconfigure.actuate.metrics.MetricsExportContextCustomizerFactory$DisableMetricExportContextCustomizer@71def8f8, org.springframework.boot.test.autoconfigure.properties.PropertyMappingContextCustomizer@0, org.springframework.boot.test.autoconfigure.web.servlet.WebDriverContextCustomizerFactory$Customizer@614ca7df, org.springframework.boot.test.context.SpringBootTestArgs@1, org.springframework.boot.test.context.SpringBootTestWebEnvironment@467aecef], resourceBasePath = 'src/main/webapp', contextLoader = 'org.springframework.boot.test.context.SpringBootContextLoader', parent = [null]]]
2026-04-11 00:59:04.607 DEBUG [main] o.springframework.test.context.cache - Spring test ApplicationContext cache statistics: [DefaultContextCache@b307030 size = 1, maxSize = 32, parentContextCount = 0, hitCount = 2, missCount = 1]
2026-04-11 00:59:04.616 DEBUG [main] o.s.t.c.s.AbstractDirtiesContextTestExecutionListener - Before test method: context [DefaultTestContext@67545b57 testClass = ComicverseApplicationTests, testInstance = com.dgsspa.comicverse.comicverse.ComicverseApplicationTests@49741e80, testMethod = contextLoads@ComicverseApplicationTests, testException = [null], mergedContextConfiguration = [WebMergedContextConfiguration@6c2c1385 testClass = ComicverseApplicationTests, locations = '{}', classes = '{class com.dgsspa.comicverse.ComicverseApplication}', contextInitializerClasses = '[]', activeProfiles = '{}', propertySourceLocations = '{}', propertySourceProperties = '{org.springframework.boot.test.context.SpringBootTestContextBootstrapper=true}', contextCustomizers = set[org.springframework.boot.test.context.filter.ExcludeFilterContextCustomizer@2b48a640, org.springframework.boot.test.json.DuplicateJsonObjectContextCustomizerFactory$DuplicateJsonObjectContextCustomizer@4bb33f74, org.springframework.boot.test.mock.mockito.MockitoContextCustomizer@0, org.springframework.boot.test.web.client.TestRestTemplateContextCustomizer@2a54a73f, org.springframework.boot.test.autoconfigure.actuate.metrics.MetricsExportContextCustomizerFactory$DisableMetricExportContextCustomizer@71def8f8, org.springframework.boot.test.autoconfigure.properties.PropertyMappingContextCustomizer@0, org.springframework.boot.test.autoconfigure.web.servlet.WebDriverContextCustomizerFactory$Customizer@614ca7df, org.springframework.boot.test.context.SpringBootTestArgs@1, org.springframework.boot.test.context.SpringBootTestWebEnvironment@467aecef], resourceBasePath = 'src/main/webapp', contextLoader = 'org.springframework.boot.test.context.SpringBootContextLoader', parent = [null]], attributes = map['org.springframework.test.context.web.ServletTestExecutionListener.activateListener' -> true, 'org.springframework.test.context.web.ServletTestExecutionListener.populatedRequestContextHolder' -> true, 'org.springframework.test.context.web.ServletTestExecutionListener.resetRequestContextHolder' -> true, 'org.springframework.test.context.event.ApplicationEventsTestExecutionListener.recordApplicationEvents' -> false]], class annotated with @DirtiesContext [false] with mode [null], method annotated with @DirtiesContext [false] with mode [null].
2026-04-11 00:59:04.627 DEBUG [main] o.s.t.c.c.DefaultCacheAwareContextLoaderDelegate - Retrieved ApplicationContext [1894698434] from cache with key [[WebMergedContextConfiguration@6c2c1385 testClass = ComicverseApplicationTests, locations = '{}', classes = '{class com.dgsspa.comicverse.ComicverseApplication}', contextInitializerClasses = '[]', activeProfiles = '{}', propertySourceLocations = '{}', propertySourceProperties = '{org.springframework.boot.test.context.SpringBootTestContextBootstrapper=true}', contextCustomizers = set[org.springframework.boot.test.context.filter.ExcludeFilterContextCustomizer@2b48a640, org.springframework.boot.test.json.DuplicateJsonObjectContextCustomizerFactory$DuplicateJsonObjectContextCustomizer@4bb33f74, org.springframework.boot.test.mock.mockito.MockitoContextCustomizer@0, org.springframework.boot.test.web.client.TestRestTemplateContextCustomizer@2a54a73f, org.springframework.boot.test.autoconfigure.actuate.metrics.MetricsExportContextCustomizerFactory$DisableMetricExportContextCustomizer@71def8f8, org.springframework.boot.test.autoconfigure.properties.PropertyMappingContextCustomizer@0, org.springframework.boot.test.autoconfigure.web.servlet.WebDriverContextCustomizerFactory$Customizer@614ca7df, org.springframework.boot.test.context.SpringBootTestArgs@1, org.springframework.boot.test.context.SpringBootTestWebEnvironment@467aecef], resourceBasePath = 'src/main/webapp', contextLoader = 'org.springframework.boot.test.context.SpringBootContextLoader', parent = [null]]]
2026-04-11 00:59:04.627 DEBUG [main] o.springframework.test.context.cache - Spring test ApplicationContext cache statistics: [DefaultContextCache@b307030 size = 1, maxSize = 32, parentContextCount = 0, hitCount = 3, missCount = 1]
2026-04-11 00:59:04.627 DEBUG [main] o.s.t.c.c.DefaultCacheAwareContextLoaderDelegate - Retrieved ApplicationContext [1894698434] from cache with key [[WebMergedContextConfiguration@6c2c1385 testClass = ComicverseApplicationTests, locations = '{}', classes = '{class com.dgsspa.comicverse.ComicverseApplication}', contextInitializerClasses = '[]', activeProfiles = '{}', propertySourceLocations = '{}', propertySourceProperties = '{org.springframework.boot.test.context.SpringBootTestContextBootstrapper=true}', contextCustomizers = set[org.springframework.boot.test.context.filter.ExcludeFilterContextCustomizer@2b48a640, org.springframework.boot.test.json.DuplicateJsonObjectContextCustomizerFactory$DuplicateJsonObjectContextCustomizer@4bb33f74, org.springframework.boot.test.mock.mockito.MockitoContextCustomizer@0, org.springframework.boot.test.web.client.TestRestTemplateContextCustomizer@2a54a73f, org.springframework.boot.test.autoconfigure.actuate.metrics.MetricsExportContextCustomizerFactory$DisableMetricExportContextCustomizer@71def8f8, org.springframework.boot.test.autoconfigure.properties.PropertyMappingContextCustomizer@0, org.springframework.boot.test.autoconfigure.web.servlet.WebDriverContextCustomizerFactory$Customizer@614ca7df, org.springframework.boot.test.context.SpringBootTestArgs@1, org.springframework.boot.test.context.SpringBootTestWebEnvironment@467aecef], resourceBasePath = 'src/main/webapp', contextLoader = 'org.springframework.boot.test.context.SpringBootContextLoader', parent = [null]]]
2026-04-11 00:59:04.627 DEBUG [main] o.springframework.test.context.cache - Spring test ApplicationContext cache statistics: [DefaultContextCache@b307030 size = 1, maxSize = 32, parentContextCount = 0, hitCount = 4, missCount = 1]
2026-04-11 00:59:05.097 DEBUG [main] o.s.t.c.c.DefaultCacheAwareContextLoaderDelegate - Retrieved ApplicationContext [1894698434] from cache with key [[WebMergedContextConfiguration@6c2c1385 testClass = ComicverseApplicationTests, locations = '{}', classes = '{class com.dgsspa.comicverse.ComicverseApplication}', contextInitializerClasses = '[]', activeProfiles = '{}', propertySourceLocations = '{}', propertySourceProperties = '{org.springframework.boot.test.context.SpringBootTestContextBootstrapper=true}', contextCustomizers = set[org.springframework.boot.test.context.filter.ExcludeFilterContextCustomizer@2b48a640, org.springframework.boot.test.json.DuplicateJsonObjectContextCustomizerFactory$DuplicateJsonObjectContextCustomizer@4bb33f74, org.springframework.boot.test.mock.mockito.MockitoContextCustomizer@0, org.springframework.boot.test.web.client.TestRestTemplateContextCustomizer@2a54a73f, org.springframework.boot.test.autoconfigure.actuate.metrics.MetricsExportContextCustomizerFactory$DisableMetricExportContextCustomizer@71def8f8, org.springframework.boot.test.autoconfigure.properties.PropertyMappingContextCustomizer@0, org.springframework.boot.test.autoconfigure.web.servlet.WebDriverContextCustomizerFactory$Customizer@614ca7df, org.springframework.boot.test.context.SpringBootTestArgs@1, org.springframework.boot.test.context.SpringBootTestWebEnvironment@467aecef], resourceBasePath = 'src/main/webapp', contextLoader = 'org.springframework.boot.test.context.SpringBootContextLoader', parent = [null]]]
2026-04-11 00:59:05.097 DEBUG [main] o.springframework.test.context.cache - Spring test ApplicationContext cache statistics: [DefaultContextCache@b307030 size = 1, maxSize = 32, parentContextCount = 0, hitCount = 5, missCount = 1]
2026-04-11 00:59:05.115 DEBUG [main] o.s.t.c.c.DefaultCacheAwareContextLoaderDelegate - Retrieved ApplicationContext [1894698434] from cache with key [[WebMergedContextConfiguration@6c2c1385 testClass = ComicverseApplicationTests, locations = '{}', classes = '{class com.dgsspa.comicverse.ComicverseApplication}', contextInitializerClasses = '[]', activeProfiles = '{}', propertySourceLocations = '{}', propertySourceProperties = '{org.springframework.boot.test.context.SpringBootTestContextBootstrapper=true}', contextCustomizers = set[org.springframework.boot.test.context.filter.ExcludeFilterContextCustomizer@2b48a640, org.springframework.boot.test.json.DuplicateJsonObjectContextCustomizerFactory$DuplicateJsonObjectContextCustomizer@4bb33f74, org.springframework.boot.test.mock.mockito.MockitoContextCustomizer@0, org.springframework.boot.test.web.client.TestRestTemplateContextCustomizer@2a54a73f, org.springframework.boot.test.autoconfigure.actuate.metrics.MetricsExportContextCustomizerFactory$DisableMetricExportContextCustomizer@71def8f8, org.springframework.boot.test.autoconfigure.properties.PropertyMappingContextCustomizer@0, org.springframework.boot.test.autoconfigure.web.servlet.WebDriverContextCustomizerFactory$Customizer@614ca7df, org.springframework.boot.test.context.SpringBootTestArgs@1, org.springframework.boot.test.context.SpringBootTestWebEnvironment@467aecef], resourceBasePath = 'src/main/webapp', contextLoader = 'org.springframework.boot.test.context.SpringBootContextLoader', parent = [null]]]
2026-04-11 00:59:05.115 DEBUG [main] o.springframework.test.context.cache - Spring test ApplicationContext cache statistics: [DefaultContextCache@b307030 size = 1, maxSize = 32, parentContextCount = 0, hitCount = 6, missCount = 1]
2026-04-11 00:59:05.118 DEBUG [main] o.s.t.c.c.DefaultCacheAwareContextLoaderDelegate - Retrieved ApplicationContext [1894698434] from cache with key [[WebMergedContextConfiguration@6c2c1385 testClass = ComicverseApplicationTests, locations = '{}', classes = '{class com.dgsspa.comicverse.ComicverseApplication}', contextInitializerClasses = '[]', activeProfiles = '{}', propertySourceLocations = '{}', propertySourceProperties = '{org.springframework.boot.test.context.SpringBootTestContextBootstrapper=true}', contextCustomizers = set[org.springframework.boot.test.context.filter.ExcludeFilterContextCustomizer@2b48a640, org.springframework.boot.test.json.DuplicateJsonObjectContextCustomizerFactory$DuplicateJsonObjectContextCustomizer@4bb33f74, org.springframework.boot.test.mock.mockito.MockitoContextCustomizer@0, org.springframework.boot.test.web.client.TestRestTemplateContextCustomizer@2a54a73f, org.springframework.boot.test.autoconfigure.actuate.metrics.MetricsExportContextCustomizerFactory$DisableMetricExportContextCustomizer@71def8f8, org.springframework.boot.test.autoconfigure.properties.PropertyMappingContextCustomizer@0, org.springframework.boot.test.autoconfigure.web.servlet.WebDriverContextCustomizerFactory$Customizer@614ca7df, org.springframework.boot.test.context.SpringBootTestArgs@1, org.springframework.boot.test.context.SpringBootTestWebEnvironment@467aecef], resourceBasePath = 'src/main/webapp', contextLoader = 'org.springframework.boot.test.context.SpringBootContextLoader', parent = [null]]]
2026-04-11 00:59:05.119 DEBUG [main] o.springframework.test.context.cache - Spring test ApplicationContext cache statistics: [DefaultContextCache@b307030 size = 1, maxSize = 32, parentContextCount = 0, hitCount = 7, missCount = 1]
2026-04-11 00:59:05.120 DEBUG [main] o.s.t.c.c.DefaultCacheAwareContextLoaderDelegate - Retrieved ApplicationContext [1894698434] from cache with key [[WebMergedContextConfiguration@6c2c1385 testClass = ComicverseApplicationTests, locations = '{}', classes = '{class com.dgsspa.comicverse.ComicverseApplication}', contextInitializerClasses = '[]', activeProfiles = '{}', propertySourceLocations = '{}', propertySourceProperties = '{org.springframework.boot.test.context.SpringBootTestContextBootstrapper=true}', contextCustomizers = set[org.springframework.boot.test.context.filter.ExcludeFilterContextCustomizer@2b48a640, org.springframework.boot.test.json.DuplicateJsonObjectContextCustomizerFactory$DuplicateJsonObjectContextCustomizer@4bb33f74, org.springframework.boot.test.mock.mockito.MockitoContextCustomizer@0, org.springframework.boot.test.web.client.TestRestTemplateContextCustomizer@2a54a73f, org.springframework.boot.test.autoconfigure.actuate.metrics.MetricsExportContextCustomizerFactory$DisableMetricExportContextCustomizer@71def8f8, org.springframework.boot.test.autoconfigure.properties.PropertyMappingContextCustomizer@0, org.springframework.boot.test.autoconfigure.web.servlet.WebDriverContextCustomizerFactory$Customizer@614ca7df, org.springframework.boot.test.context.SpringBootTestArgs@1, org.springframework.boot.test.context.SpringBootTestWebEnvironment@467aecef], resourceBasePath = 'src/main/webapp', contextLoader = 'org.springframework.boot.test.context.SpringBootContextLoader', parent = [null]]]
2026-04-11 00:59:05.120 DEBUG [main] o.springframework.test.context.cache - Spring test ApplicationContext cache statistics: [DefaultContextCache@b307030 size = 1, maxSize = 32, parentContextCount = 0, hitCount = 8, missCount = 1]
2026-04-11 00:59:05.123 DEBUG [main] o.s.t.c.c.DefaultCacheAwareContextLoaderDelegate - Retrieved ApplicationContext [1894698434] from cache with key [[WebMergedContextConfiguration@6c2c1385 testClass = ComicverseApplicationTests, locations = '{}', classes = '{class com.dgsspa.comicverse.ComicverseApplication}', contextInitializerClasses = '[]', activeProfiles = '{}', propertySourceLocations = '{}', propertySourceProperties = '{org.springframework.boot.test.context.SpringBootTestContextBootstrapper=true}', contextCustomizers = set[org.springframework.boot.test.context.filter.ExcludeFilterContextCustomizer@2b48a640, org.springframework.boot.test.json.DuplicateJsonObjectContextCustomizerFactory$DuplicateJsonObjectContextCustomizer@4bb33f74, org.springframework.boot.test.mock.mockito.MockitoContextCustomizer@0, org.springframework.boot.test.web.client.TestRestTemplateContextCustomizer@2a54a73f, org.springframework.boot.test.autoconfigure.actuate.metrics.MetricsExportContextCustomizerFactory$DisableMetricExportContextCustomizer@71def8f8, org.springframework.boot.test.autoconfigure.properties.PropertyMappingContextCustomizer@0, org.springframework.boot.test.autoconfigure.web.servlet.WebDriverContextCustomizerFactory$Customizer@614ca7df, org.springframework.boot.test.context.SpringBootTestArgs@1, org.springframework.boot.test.context.SpringBootTestWebEnvironment@467aecef], resourceBasePath = 'src/main/webapp', contextLoader = 'org.springframework.boot.test.context.SpringBootContextLoader', parent = [null]]]
2026-04-11 00:59:05.123 DEBUG [main] o.springframework.test.context.cache - Spring test ApplicationContext cache statistics: [DefaultContextCache@b307030 size = 1, maxSize = 32, parentContextCount = 0, hitCount = 9, missCount = 1]
2026-04-11 00:59:05.125 DEBUG [main] o.s.t.c.c.DefaultCacheAwareContextLoaderDelegate - Retrieved ApplicationContext [1894698434] from cache with key [[WebMergedContextConfiguration@6c2c1385 testClass = ComicverseApplicationTests, locations = '{}', classes = '{class com.dgsspa.comicverse.ComicverseApplication}', contextInitializerClasses = '[]', activeProfiles = '{}', propertySourceLocations = '{}', propertySourceProperties = '{org.springframework.boot.test.context.SpringBootTestContextBootstrapper=true}', contextCustomizers = set[org.springframework.boot.test.context.filter.ExcludeFilterContextCustomizer@2b48a640, org.springframework.boot.test.json.DuplicateJsonObjectContextCustomizerFactory$DuplicateJsonObjectContextCustomizer@4bb33f74, org.springframework.boot.test.mock.mockito.MockitoContextCustomizer@0, org.springframework.boot.test.web.client.TestRestTemplateContextCustomizer@2a54a73f, org.springframework.boot.test.autoconfigure.actuate.metrics.MetricsExportContextCustomizerFactory$DisableMetricExportContextCustomizer@71def8f8, org.springframework.boot.test.autoconfigure.properties.PropertyMappingContextCustomizer@0, org.springframework.boot.test.autoconfigure.web.servlet.WebDriverContextCustomizerFactory$Customizer@614ca7df, org.springframework.boot.test.context.SpringBootTestArgs@1, org.springframework.boot.test.context.SpringBootTestWebEnvironment@467aecef], resourceBasePath = 'src/main/webapp', contextLoader = 'org.springframework.boot.test.context.SpringBootContextLoader', parent = [null]]]
2026-04-11 00:59:05.125 DEBUG [main] o.springframework.test.context.cache - Spring test ApplicationContext cache statistics: [DefaultContextCache@b307030 size = 1, maxSize = 32, parentContextCount = 0, hitCount = 10, missCount = 1]
2026-04-11 00:59:05.129 DEBUG [main] o.s.t.c.c.DefaultCacheAwareContextLoaderDelegate - Retrieved ApplicationContext [1894698434] from cache with key [[WebMergedContextConfiguration@6c2c1385 testClass = ComicverseApplicationTests, locations = '{}', classes = '{class com.dgsspa.comicverse.ComicverseApplication}', contextInitializerClasses = '[]', activeProfiles = '{}', propertySourceLocations = '{}', propertySourceProperties = '{org.springframework.boot.test.context.SpringBootTestContextBootstrapper=true}', contextCustomizers = set[org.springframework.boot.test.context.filter.ExcludeFilterContextCustomizer@2b48a640, org.springframework.boot.test.json.DuplicateJsonObjectContextCustomizerFactory$DuplicateJsonObjectContextCustomizer@4bb33f74, org.springframework.boot.test.mock.mockito.MockitoContextCustomizer@0, org.springframework.boot.test.web.client.TestRestTemplateContextCustomizer@2a54a73f, org.springframework.boot.test.autoconfigure.actuate.metrics.MetricsExportContextCustomizerFactory$DisableMetricExportContextCustomizer@71def8f8, org.springframework.boot.test.autoconfigure.properties.PropertyMappingContextCustomizer@0, org.springframework.boot.test.autoconfigure.web.servlet.WebDriverContextCustomizerFactory$Customizer@614ca7df, org.springframework.boot.test.context.SpringBootTestArgs@1, org.springframework.boot.test.context.SpringBootTestWebEnvironment@467aecef], resourceBasePath = 'src/main/webapp', contextLoader = 'org.springframework.boot.test.context.SpringBootContextLoader', parent = [null]]]
2026-04-11 00:59:05.129 DEBUG [main] o.springframework.test.context.cache - Spring test ApplicationContext cache statistics: [DefaultContextCache@b307030 size = 1, maxSize = 32, parentContextCount = 0, hitCount = 11, missCount = 1]
2026-04-11 00:59:05.130 DEBUG [main] o.s.t.c.s.AbstractDirtiesContextTestExecutionListener - After test method: context [DefaultTestContext@67545b57 testClass = ComicverseApplicationTests, testInstance = com.dgsspa.comicverse.comicverse.ComicverseApplicationTests@49741e80, testMethod = contextLoads@ComicverseApplicationTests, testException = [null], mergedContextConfiguration = [WebMergedContextConfiguration@6c2c1385 testClass = ComicverseApplicationTests, locations = '{}', classes = '{class com.dgsspa.comicverse.ComicverseApplication}', contextInitializerClasses = '[]', activeProfiles = '{}', propertySourceLocations = '{}', propertySourceProperties = '{org.springframework.boot.test.context.SpringBootTestContextBootstrapper=true}', contextCustomizers = set[org.springframework.boot.test.context.filter.ExcludeFilterContextCustomizer@2b48a640, org.springframework.boot.test.json.DuplicateJsonObjectContextCustomizerFactory$DuplicateJsonObjectContextCustomizer@4bb33f74, org.springframework.boot.test.mock.mockito.MockitoContextCustomizer@0, org.springframework.boot.test.web.client.TestRestTemplateContextCustomizer@2a54a73f, org.springframework.boot.test.autoconfigure.actuate.metrics.MetricsExportContextCustomizerFactory$DisableMetricExportContextCustomizer@71def8f8, org.springframework.boot.test.autoconfigure.properties.PropertyMappingContextCustomizer@0, org.springframework.boot.test.autoconfigure.web.servlet.WebDriverContextCustomizerFactory$Customizer@614ca7df, org.springframework.boot.test.context.SpringBootTestArgs@1, org.springframework.boot.test.context.SpringBootTestWebEnvironment@467aecef], resourceBasePath = 'src/main/webapp', contextLoader = 'org.springframework.boot.test.context.SpringBootContextLoader', parent = [null]], attributes = map['org.springframework.test.context.web.ServletTestExecutionListener.activateListener' -> true, 'org.springframework.test.context.web.ServletTestExecutionListener.populatedRequestContextHolder' -> true, 'org.springframework.test.context.web.ServletTestExecutionListener.resetRequestContextHolder' -> true, 'org.springframework.test.context.event.ApplicationEventsTestExecutionListener.recordApplicationEvents' -> false]], class annotated with @DirtiesContext [false] with mode [null], method annotated with @DirtiesContext [false] with mode [null].
2026-04-11 00:59:05.130 DEBUG [main] o.s.t.c.w.ServletTestExecutionListener - Resetting RequestContextHolder for test context [DefaultTestContext@67545b57 testClass = ComicverseApplicationTests, testInstance = com.dgsspa.comicverse.comicverse.ComicverseApplicationTests@49741e80, testMethod = contextLoads@ComicverseApplicationTests, testException = [null], mergedContextConfiguration = [WebMergedContextConfiguration@6c2c1385 testClass = ComicverseApplicationTests, locations = '{}', classes = '{class com.dgsspa.comicverse.ComicverseApplication}', contextInitializerClasses = '[]', activeProfiles = '{}', propertySourceLocations = '{}', propertySourceProperties = '{org.springframework.boot.test.context.SpringBootTestContextBootstrapper=true}', contextCustomizers = set[org.springframework.boot.test.context.filter.ExcludeFilterContextCustomizer@2b48a640, org.springframework.boot.test.json.DuplicateJsonObjectContextCustomizerFactory$DuplicateJsonObjectContextCustomizer@4bb33f74, org.springframework.boot.test.mock.mockito.MockitoContextCustomizer@0, org.springframework.boot.test.web.client.TestRestTemplateContextCustomizer@2a54a73f, org.springframework.boot.test.autoconfigure.actuate.metrics.MetricsExportContextCustomizerFactory$DisableMetricExportContextCustomizer@71def8f8, org.springframework.boot.test.autoconfigure.properties.PropertyMappingContextCustomizer@0, org.springframework.boot.test.autoconfigure.web.servlet.WebDriverContextCustomizerFactory$Customizer@614ca7df, org.springframework.boot.test.context.SpringBootTestArgs@1, org.springframework.boot.test.context.SpringBootTestWebEnvironment@467aecef], resourceBasePath = 'src/main/webapp', contextLoader = 'org.springframework.boot.test.context.SpringBootContextLoader', parent = [null]], attributes = map['org.springframework.test.context.web.ServletTestExecutionListener.activateListener' -> true, 'org.springframework.test.context.web.ServletTestExecutionListener.populatedRequestContextHolder' -> true, 'org.springframework.test.context.web.ServletTestExecutionListener.resetRequestContextHolder' -> true, 'org.springframework.test.context.event.ApplicationEventsTestExecutionListener.recordApplicationEvents' -> false]].
2026-04-11 00:59:05.146 DEBUG [main] o.s.t.c.c.DefaultCacheAwareContextLoaderDelegate - Retrieved ApplicationContext [1894698434] from cache with key [[WebMergedContextConfiguration@6c2c1385 testClass = ComicverseApplicationTests, locations = '{}', classes = '{class com.dgsspa.comicverse.ComicverseApplication}', contextInitializerClasses = '[]', activeProfiles = '{}', propertySourceLocations = '{}', propertySourceProperties = '{org.springframework.boot.test.context.SpringBootTestContextBootstrapper=true}', contextCustomizers = set[org.springframework.boot.test.context.filter.ExcludeFilterContextCustomizer@2b48a640, org.springframework.boot.test.json.DuplicateJsonObjectContextCustomizerFactory$DuplicateJsonObjectContextCustomizer@4bb33f74, org.springframework.boot.test.mock.mockito.MockitoContextCustomizer@0, org.springframework.boot.test.web.client.TestRestTemplateContextCustomizer@2a54a73f, org.springframework.boot.test.autoconfigure.actuate.metrics.MetricsExportContextCustomizerFactory$DisableMetricExportContextCustomizer@71def8f8, org.springframework.boot.test.autoconfigure.properties.PropertyMappingContextCustomizer@0, org.springframework.boot.test.autoconfigure.web.servlet.WebDriverContextCustomizerFactory$Customizer@614ca7df, org.springframework.boot.test.context.SpringBootTestArgs@1, org.springframework.boot.test.context.SpringBootTestWebEnvironment@467aecef], resourceBasePath = 'src/main/webapp', contextLoader = 'org.springframework.boot.test.context.SpringBootContextLoader', parent = [null]]]
2026-04-11 00:59:05.147 DEBUG [main] o.springframework.test.context.cache - Spring test ApplicationContext cache statistics: [DefaultContextCache@b307030 size = 1, maxSize = 32, parentContextCount = 0, hitCount = 12, missCount = 1]
2026-04-11 00:59:05.147 DEBUG [main] o.s.t.c.s.AbstractDirtiesContextTestExecutionListener - After test class: context [DefaultTestContext@67545b57 testClass = ComicverseApplicationTests, testInstance = [null], testMethod = [null], testException = [null], mergedContextConfiguration = [WebMergedContextConfiguration@6c2c1385 testClass = ComicverseApplicationTests, locations = '{}', classes = '{class com.dgsspa.comicverse.ComicverseApplication}', contextInitializerClasses = '[]', activeProfiles = '{}', propertySourceLocations = '{}', propertySourceProperties = '{org.springframework.boot.test.context.SpringBootTestContextBootstrapper=true}', contextCustomizers = set[org.springframework.boot.test.context.filter.ExcludeFilterContextCustomizer@2b48a640, org.springframework.boot.test.json.DuplicateJsonObjectContextCustomizerFactory$DuplicateJsonObjectContextCustomizer@4bb33f74, org.springframework.boot.test.mock.mockito.MockitoContextCustomizer@0, org.springframework.boot.test.web.client.TestRestTemplateContextCustomizer@2a54a73f, org.springframework.boot.test.autoconfigure.actuate.metrics.MetricsExportContextCustomizerFactory$DisableMetricExportContextCustomizer@71def8f8, org.springframework.boot.test.autoconfigure.properties.PropertyMappingContextCustomizer@0, org.springframework.boot.test.autoconfigure.web.servlet.WebDriverContextCustomizerFactory$Customizer@614ca7df, org.springframework.boot.test.context.SpringBootTestArgs@1, org.springframework.boot.test.context.SpringBootTestWebEnvironment@467aecef], resourceBasePath = 'src/main/webapp', contextLoader = 'org.springframework.boot.test.context.SpringBootContextLoader', parent = [null]], attributes = map['org.springframework.test.context.web.ServletTestExecutionListener.activateListener' -> true, 'org.springframework.test.context.event.ApplicationEventsTestExecutionListener.recordApplicationEvents' -> false, 'org.springframework.test.context.support.DependencyInjectionTestExecutionListener.reinjectDependencies' -> true]], class annotated with @DirtiesContext [false] with mode [null].
2026-04-11 00:59:05.204 DEBUG [SpringApplicationShutdownHook] o.s.w.c.s.GenericWebApplicationContext - Closing org.springframework.web.context.support.GenericWebApplicationContext@70eecdc2, started on Sat Apr 11 00:58:52 CEST 2026
2026-04-11 00:59:05.206 DEBUG [SpringApplicationShutdownHook] o.s.c.s.DefaultLifecycleProcessor - Stopping beans in phase -2147483647
2026-04-11 00:59:05.208 DEBUG [SpringApplicationShutdownHook] o.s.c.s.DefaultLifecycleProcessor - Bean 'springBootLoggingLifecycle' completed its stop procedure
2026-04-11 00:59:05.212 DEBUG [SpringApplicationShutdownHook] o.s.s.c.ThreadPoolTaskExecutor - Shutting down ExecutorService 'applicationTaskExecutor'
2026-04-11 00:59:05.217 DEBUG [SpringApplicationShutdownHook] o.h.internal.SessionFactoryImpl - HHH000031: Closing
2026-04-11 00:59:05.217 DEBUG [SpringApplicationShutdownHook] o.h.type.spi.TypeConfiguration$Scope - Un-scoping TypeConfiguration [org.hibernate.type.spi.TypeConfiguration$Scope@548d47b9] from SessionFactory [org.hibernate.internal.SessionFactoryImpl@35af52dc]
2026-04-11 00:59:05.219 DEBUG [SpringApplicationShutdownHook] o.h.s.i.AbstractServiceRegistryImpl - Implicitly destroying ServiceRegistry on de-registration of all child ServiceRegistries
2026-04-11 00:59:05.221 DEBUG [SpringApplicationShutdownHook] o.h.b.r.i.BootstrapServiceRegistryImpl - Implicitly destroying Boot-strap registry on de-registration of all child ServiceRegistries
2026-04-11 01:01:16.678 DEBUG [background-preinit] org.jboss.logging - Logging Provider: org.jboss.logging.Log4j2LoggerProvider
2026-04-11 01:01:16.680 INFO  [background-preinit] o.h.validator.internal.util.Version - HV000001: Hibernate Validator 6.2.5.Final
2026-04-11 01:01:16.697 INFO  [restartedMain] c.d.comicverse.ComicverseApplication - Starting ComicverseApplication using Java 17.0.12 on DGS-302555 with PID 22968 (C:\Users\alessio.deamicis\Documents\GitHub\comicVerse_dgsspa\comicVerse\BackEnd\comicverse\target\classes started by alessio.deamicis in C:\Users\alessio.deamicis\Documents\GitHub\comicVerse_dgsspa)
2026-04-11 01:01:16.697 DEBUG [restartedMain] c.d.comicverse.ComicverseApplication - Running with Spring Boot v2.7.18, Spring v5.3.31
2026-04-11 01:01:16.699 INFO  [restartedMain] c.d.comicverse.ComicverseApplication - The following 1 profile is active: "dev"
2026-04-11 01:01:16.701 DEBUG [restartedMain] o.s.boot.SpringApplication - Loading source class com.dgsspa.comicverse.ComicverseApplication
2026-04-11 01:01:16.702 DEBUG [background-preinit] o.h.v.i.x.config.ValidationXmlParser - Trying to load META-INF/validation.xml for XML based Validator configuration.
2026-04-11 01:01:16.705 DEBUG [background-preinit] o.h.v.i.x.c.ResourceLoaderHelper - Trying to load META-INF/validation.xml via TCCL
2026-04-11 01:01:16.708 DEBUG [background-preinit] o.h.v.i.x.c.ResourceLoaderHelper - Trying to load META-INF/validation.xml via Hibernate Validator's class loader
2026-04-11 01:01:16.708 DEBUG [background-preinit] o.h.v.i.x.config.ValidationXmlParser - No META-INF/validation.xml found. Using annotation based configuration only.
2026-04-11 01:01:16.727 DEBUG [background-preinit] o.h.v.i.e.r.TraversableResolvers - Found javax.persistence.Persistence on classpath containing 'getPersistenceUtil'. Assuming JPA 2 environment. Trying to instantiate JPA aware TraversableResolver
2026-04-11 01:01:16.731 DEBUG [background-preinit] o.h.v.i.e.r.TraversableResolvers - Instantiated JPA aware TraversableResolver of type org.hibernate.validator.internal.engine.resolver.JPATraversableResolver.
2026-04-11 01:01:16.826 DEBUG [background-preinit] o.h.v.m.ResourceBundleMessageInterpolator - Loaded expression factory via original TCCL
2026-04-11 01:01:16.845 INFO  [restartedMain] o.s.b.d.restart.ChangeableUrls - The Class-Path manifest attribute in C:\Users\alessio.deamicis\.m2\repository\com\oracle\database\jdbc\ojdbc8\21.5.0.0\ojdbc8-21.5.0.0.jar referenced one or more files that do not exist: file:/C:/Users/alessio.deamicis/.m2/repository/com/oracle/database/jdbc/ojdbc8/21.5.0.0/oraclepki.jar
2026-04-11 01:01:16.845 DEBUG [restartedMain] o.s.b.d.restart.ChangeableUrls - Matching URLs for reloading : [file:/C:/Users/alessio.deamicis/Documents/GitHub/comicVerse_dgsspa/comicVerse/BackEnd/comicverse/target/classes/]
2026-04-11 01:01:16.845 DEBUG [restartedMain] o.s.b.d.settings.DevToolsSettings - Included patterns for restart : []
2026-04-11 01:01:16.845 DEBUG [restartedMain] o.s.b.d.settings.DevToolsSettings - Excluded patterns for restart : [/spring-boot-starter-[\w-]+/, /spring-boot/(bin|build|out)/, /spring-boot-starter/(bin|build|out)/, /spring-boot-devtools/(bin|build|out)/, /spring-boot-actuator/(bin|build|out)/, /spring-boot-autoconfigure/(bin|build|out)/]
2026-04-11 01:01:16.846 INFO  [restartedMain] o.s.b.d.e.DevToolsPropertyDefaultsPostProcessor - Devtools property defaults active! Set 'spring.devtools.add-properties' to 'false' to disable
2026-04-11 01:01:16.846 INFO  [restartedMain] o.s.b.d.e.DevToolsPropertyDefaultsPostProcessor - For additional web related logging consider setting the 'logging.level.web' property to 'DEBUG'
2026-04-11 01:01:16.848 DEBUG [restartedMain] o.s.b.w.s.c.AnnotationConfigServletWebServerApplicationContext - Refreshing org.springframework.boot.web.servlet.context.AnnotationConfigServletWebServerApplicationContext@5de3e88e
2026-04-11 01:01:16.924 DEBUG [restartedMain] o.s.b.f.s.DefaultListableBeanFactory - Creating shared instance of singleton bean 'org.springframework.context.annotation.internalConfigurationAnnotationProcessor'
2026-04-11 01:01:16.984 DEBUG [restartedMain] o.s.b.f.s.DefaultListableBeanFactory - Creating shared instance of singleton bean 'org.springframework.boot.autoconfigure.internalCachingMetadataReaderFactory'
2026-04-11 01:01:17.196 DEBUG [restartedMain] o.s.c.a.ClassPathBeanDefinitionScanner - Identified candidate component class: file [C:\Users\alessio.deamicis\Documents\GitHub\comicVerse_dgsspa\comicVerse\BackEnd\comicverse\target\classes\com\dgsspa\comicverse\config\ErrorMessagesProperties.class]
2026-04-11 01:01:17.214 DEBUG [restartedMain] o.s.c.a.ClassPathBeanDefinitionScanner - Identified candidate component class: file [C:\Users\alessio.deamicis\Documents\GitHub\comicVerse_dgsspa\comicVerse\BackEnd\comicverse\target\classes\com\dgsspa\comicverse\config\HibernateConfiguration.class]
2026-04-11 01:01:17.216 DEBUG [restartedMain] o.s.c.a.ClassPathBeanDefinitionScanner - Identified candidate component class: file [C:\Users\alessio.deamicis\Documents\GitHub\comicVerse_dgsspa\comicVerse\BackEnd\comicverse\target\classes\com\dgsspa\comicverse\config\SearchMessagesProperties.class]
2026-04-11 01:01:17.216 DEBUG [restartedMain] o.s.c.a.ClassPathBeanDefinitionScanner - Identified candidate component class: file [C:\Users\alessio.deamicis\Documents\GitHub\comicVerse_dgsspa\comicVerse\BackEnd\comicverse\target\classes\com\dgsspa\comicverse\config\SuccessMessagesProperties.class]
2026-04-11 01:01:17.261 DEBUG [restartedMain] o.s.c.a.ClassPathBeanDefinitionScanner - Identified candidate component class: file [C:\Users\alessio.deamicis\Documents\GitHub\comicVerse_dgsspa\comicVerse\BackEnd\comicverse\target\classes\com\dgsspa\comicverse\controller\FumettoController.class]
2026-04-11 01:01:17.262 DEBUG [restartedMain] o.s.c.a.ClassPathBeanDefinitionScanner - Identified candidate component class: file [C:\Users\alessio.deamicis\Documents\GitHub\comicVerse_dgsspa\comicVerse\BackEnd\comicverse\target\classes\com\dgsspa\comicverse\controller\GenereController.class]
2026-04-11 01:01:17.277 DEBUG [restartedMain] o.s.c.a.ClassPathBeanDefinitionScanner - Identified candidate component class: file [C:\Users\alessio.deamicis\Documents\GitHub\comicVerse_dgsspa\comicVerse\BackEnd\comicverse\target\classes\com\dgsspa\comicverse\exception\handler\GenericExceptionHandler.class]
2026-04-11 01:01:17.278 DEBUG [restartedMain] o.s.c.a.ClassPathBeanDefinitionScanner - Identified candidate component class: file [C:\Users\alessio.deamicis\Documents\GitHub\comicVerse_dgsspa\comicVerse\BackEnd\comicverse\target\classes\com\dgsspa\comicverse\mapper\FumettoMapperImpl.class]
2026-04-11 01:01:17.280 DEBUG [restartedMain] o.s.c.a.ClassPathBeanDefinitionScanner - Identified candidate component class: file [C:\Users\alessio.deamicis\Documents\GitHub\comicVerse_dgsspa\comicVerse\BackEnd\comicverse\target\classes\com\dgsspa\comicverse\mapper\GenereMapperImpl.class]
2026-04-11 01:01:17.291 DEBUG [restartedMain] o.s.c.a.ClassPathBeanDefinitionScanner - Identified candidate component class: file [C:\Users\alessio.deamicis\Documents\GitHub\comicVerse_dgsspa\comicVerse\BackEnd\comicverse\target\classes\com\dgsspa\comicverse\repository\FumettoRepository.class]
2026-04-11 01:01:17.294 DEBUG [restartedMain] o.s.c.a.ClassPathBeanDefinitionScanner - Identified candidate component class: file [C:\Users\alessio.deamicis\Documents\GitHub\comicVerse_dgsspa\comicVerse\BackEnd\comicverse\target\classes\com\dgsspa\comicverse\repository\GenereRepository.class]
2026-04-11 01:01:17.302 DEBUG [restartedMain] o.s.c.a.ClassPathBeanDefinitionScanner - Identified candidate component class: file [C:\Users\alessio.deamicis\Documents\GitHub\comicVerse_dgsspa\comicVerse\BackEnd\comicverse\target\classes\com\dgsspa\comicverse\service\FumettoService.class]
2026-04-11 01:01:17.305 DEBUG [restartedMain] o.s.c.a.ClassPathBeanDefinitionScanner - Identified candidate component class: file [C:\Users\alessio.deamicis\Documents\GitHub\comicVerse_dgsspa\comicVerse\BackEnd\comicverse\target\classes\com\dgsspa\comicverse\service\GenereService.class]
2026-04-11 01:01:17.361 DEBUG [background-preinit] o.h.v.i.e.ValidatorFactoryConfigurationHelper - HV000252: Using org.hibernate.validator.internal.engine.DefaultPropertyNodeNameProvider as property node name provider.
2026-04-11 01:01:17.393 DEBUG [background-preinit] o.h.v.i.e.ValidatorFactoryConfigurationHelper - HV000234: Using org.hibernate.validator.messageinterpolation.ResourceBundleMessageInterpolator as ValidatorFactory-scoped message interpolator.
2026-04-11 01:01:17.394 DEBUG [background-preinit] o.h.v.i.e.ValidatorFactoryConfigurationHelper - HV000234: Using org.hibernate.validator.internal.engine.resolver.JPATraversableResolver as ValidatorFactory-scoped traversable resolver.
2026-04-11 01:01:17.394 DEBUG [background-preinit] o.h.v.i.e.ValidatorFactoryConfigurationHelper - HV000234: Using org.hibernate.validator.internal.util.ExecutableParameterNameProvider as ValidatorFactory-scoped parameter name provider.
2026-04-11 01:01:17.394 DEBUG [background-preinit] o.h.v.i.e.ValidatorFactoryConfigurationHelper - HV000234: Using org.hibernate.validator.internal.engine.DefaultClockProvider as ValidatorFactory-scoped clock provider.
2026-04-11 01:01:17.395 DEBUG [background-preinit] o.h.v.i.e.ValidatorFactoryConfigurationHelper - HV000234: Using org.hibernate.validator.internal.engine.scripting.DefaultScriptEvaluatorFactory as ValidatorFactory-scoped script evaluator factory.
2026-04-11 01:01:19.316 INFO  [restartedMain] o.s.d.r.c.RepositoryConfigurationDelegate - Bootstrapping Spring Data JPA repositories in DEFAULT mode.
2026-04-11 01:01:19.347 DEBUG [restartedMain] o.s.b.f.s.DefaultListableBeanFactory - Creating shared instance of singleton bean 'org.springframework.boot.autoconfigure.AutoConfigurationPackages'
2026-04-11 01:01:19.348 DEBUG [restartedMain] o.s.b.a.AutoConfigurationPackages - @EnableAutoConfiguration was declared on a class in the package 'com.dgsspa.comicverse'. Automatic @Repository and @Entity scanning is enabled.
2026-04-11 01:01:19.352 DEBUG [restartedMain] o.s.d.r.c.RepositoryConfigurationDelegate - Scanning for JPA repositories in packages com.dgsspa.comicverse.
2026-04-11 01:01:19.383 INFO  [restartedMain] o.s.d.r.c.RepositoryConfigurationDelegate - Finished Spring Data repository scanning in 27 ms. Found 0 JPA repository interfaces.
2026-04-11 01:01:19.667 DEBUG [restartedMain] o.s.b.f.s.DefaultListableBeanFactory - Creating shared instance of singleton bean 'propertySourcesPlaceholderConfigurer'
2026-04-11 01:01:19.677 DEBUG [restartedMain] o.s.b.f.s.DefaultListableBeanFactory - Creating shared instance of singleton bean 'emBeanDefinitionRegistrarPostProcessor'
2026-04-11 01:01:19.678 DEBUG [restartedMain] o.s.b.f.s.DefaultListableBeanFactory - Creating shared instance of singleton bean 'org.springframework.boot.sql.init.dependency.DatabaseInitializationDependencyConfigurer$DependsOnDatabaseInitializationPostProcessor'
2026-04-11 01:01:19.783 DEBUG [restartedMain] o.s.b.f.s.DefaultListableBeanFactory - Creating shared instance of singleton bean 'org.springframework.context.event.internalEventListenerProcessor'
2026-04-11 01:01:19.787 DEBUG [restartedMain] o.s.b.f.s.DefaultListableBeanFactory - Creating shared instance of singleton bean 'preserveErrorControllerTargetClassPostProcessor'
2026-04-11 01:01:19.787 DEBUG [restartedMain] o.s.b.f.s.DefaultListableBeanFactory - Creating shared instance of singleton bean 'org.springframework.context.event.internalEventListenerFactory'
2026-04-11 01:01:19.787 DEBUG [restartedMain] o.s.b.f.s.DefaultListableBeanFactory - Creating shared instance of singleton bean 'org.springframework.transaction.config.internalTransactionalEventListenerFactory'
2026-04-11 01:01:19.793 DEBUG [restartedMain] o.s.b.f.s.DefaultListableBeanFactory - Creating shared instance of singleton bean 'org.springframework.context.annotation.internalAutowiredAnnotationProcessor'
2026-04-11 01:01:19.796 DEBUG [restartedMain] o.s.b.f.s.DefaultListableBeanFactory - Creating shared instance of singleton bean 'org.springframework.context.annotation.internalCommonAnnotationProcessor'
2026-04-11 01:01:19.806 DEBUG [restartedMain] o.s.b.f.s.DefaultListableBeanFactory - Creating shared instance of singleton bean 'org.springframework.context.annotation.internalPersistenceAnnotationProcessor'
2026-04-11 01:01:19.808 DEBUG [restartedMain] o.s.b.f.s.DefaultListableBeanFactory - Creating shared instance of singleton bean 'org.springframework.boot.context.properties.ConfigurationPropertiesBindingPostProcessor'
2026-04-11 01:01:19.808 DEBUG [restartedMain] o.s.b.f.s.DefaultListableBeanFactory - Creating shared instance of singleton bean 'org.springframework.boot.context.internalConfigurationPropertiesBinder'
2026-04-11 01:01:19.808 DEBUG [restartedMain] o.s.b.f.s.DefaultListableBeanFactory - Creating shared instance of singleton bean 'org.springframework.boot.context.internalConfigurationPropertiesBinderFactory'
2026-04-11 01:01:19.811 DEBUG [restartedMain] o.s.b.f.s.DefaultListableBeanFactory - Creating shared instance of singleton bean 'org.springframework.aop.config.internalAutoProxyCreator'
2026-04-11 01:01:19.895 DEBUG [restartedMain] o.s.b.f.s.DefaultListableBeanFactory - Creating shared instance of singleton bean 'methodValidationPostProcessor'
2026-04-11 01:01:19.930 DEBUG [restartedMain] o.s.b.f.s.DefaultListableBeanFactory - Autowiring by type from bean name 'methodValidationPostProcessor' via factory method to bean named 'environment'
2026-04-11 01:01:19.935 DEBUG [restartedMain] o.s.b.f.s.DefaultListableBeanFactory - Creating shared instance of singleton bean 'org.springframework.boot.context.properties.EnableConfigurationPropertiesRegistrar.methodValidationExcludeFilter'
2026-04-11 01:01:19.956 DEBUG [restartedMain] o.s.b.f.s.DefaultListableBeanFactory - Creating shared instance of singleton bean 'persistenceExceptionTranslationPostProcessor'
2026-04-11 01:01:19.958 DEBUG [restartedMain] o.s.b.f.s.DefaultListableBeanFactory - Autowiring by type from bean name 'persistenceExceptionTranslationPostProcessor' via factory method to bean named 'environment'
2026-04-11 01:01:19.964 DEBUG [restartedMain] o.s.b.f.s.DefaultListableBeanFactory - Creating shared instance of singleton bean 'webServerFactoryCustomizerBeanPostProcessor'
2026-04-11 01:01:19.965 DEBUG [restartedMain] o.s.b.f.s.DefaultListableBeanFactory - Creating shared instance of singleton bean 'errorPageRegistrarBeanPostProcessor'
2026-04-11 01:01:19.966 DEBUG [restartedMain] o.s.b.f.s.DefaultListableBeanFactory - Creating shared instance of singleton bean 'healthEndpointGroupsBeanPostProcessor'
2026-04-11 01:01:19.969 DEBUG [restartedMain] o.s.b.f.s.DefaultListableBeanFactory - Creating shared instance of singleton bean 'org.springframework.transaction.config.internalTransactionAdvisor'
2026-04-11 01:01:19.969 DEBUG [restartedMain] o.s.b.f.s.DefaultListableBeanFactory - Creating shared instance of singleton bean 'org.springframework.transaction.annotation.ProxyTransactionManagementConfiguration'
2026-04-11 01:01:20.000 DEBUG [restartedMain] o.s.b.f.s.DefaultListableBeanFactory - Creating shared instance of singleton bean 'transactionAttributeSource'
2026-04-11 01:01:20.011 DEBUG [restartedMain] o.s.b.f.s.DefaultListableBeanFactory - Creating shared instance of singleton bean 'transactionInterceptor'
2026-04-11 01:01:20.013 DEBUG [restartedMain] o.s.b.f.s.DefaultListableBeanFactory - Autowiring by type from bean name 'transactionInterceptor' via factory method to bean named 'transactionAttributeSource'
2026-04-11 01:01:20.029 DEBUG [restartedMain] o.s.b.f.s.DefaultListableBeanFactory - Autowiring by type from bean name 'org.springframework.transaction.config.internalTransactionAdvisor' via factory method to bean named 'transactionAttributeSource'
2026-04-11 01:01:20.029 DEBUG [restartedMain] o.s.b.f.s.DefaultListableBeanFactory - Autowiring by type from bean name 'org.springframework.transaction.config.internalTransactionAdvisor' via factory method to bean named 'transactionInterceptor'
2026-04-11 01:01:20.040 DEBUG [restartedMain] o.s.b.f.s.DefaultListableBeanFactory - Creating shared instance of singleton bean 'meterRegistryPostProcessor'
2026-04-11 01:01:20.047 DEBUG [restartedMain] o.s.b.f.s.DefaultListableBeanFactory - Autowiring by type from bean name 'meterRegistryPostProcessor' via factory method to bean named 'org.springframework.boot.web.servlet.context.AnnotationConfigServletWebServerApplicationContext@5de3e88e'
2026-04-11 01:01:20.051 DEBUG [restartedMain] o.s.b.f.s.DefaultListableBeanFactory - Creating shared instance of singleton bean 'metricsRepositoryMethodInvocationListenerBeanPostProcessor'
2026-04-11 01:01:20.058 DEBUG [restartedMain] o.s.b.f.s.DefaultListableBeanFactory - Creating shared instance of singleton bean 'projectingArgumentResolverBeanPostProcessor'
2026-04-11 01:01:20.116 DEBUG [restartedMain] o.s.u.c.s.UiApplicationContextUtils - Unable to locate ThemeSource with name 'themeSource': using default [org.springframework.ui.context.support.ResourceBundleThemeSource@790cdc7c]
2026-04-11 01:01:20.118 DEBUG [restartedMain] o.s.b.f.s.DefaultListableBeanFactory - Creating shared instance of singleton bean 'tomcatServletWebServerFactory'
2026-04-11 01:01:20.118 DEBUG [restartedMain] o.s.b.f.s.DefaultListableBeanFactory - Creating shared instance of singleton bean 'org.springframework.boot.autoconfigure.web.servlet.ServletWebServerFactoryConfiguration$EmbeddedTomcat'
2026-04-11 01:01:20.245 DEBUG [restartedMain] o.s.b.f.s.DefaultListableBeanFactory - Creating shared instance of singleton bean 'websocketServletWebServerCustomizer'
2026-04-11 01:01:20.245 DEBUG [restartedMain] o.s.b.f.s.DefaultListableBeanFactory - Creating shared instance of singleton bean 'org.springframework.boot.autoconfigure.websocket.servlet.WebSocketServletAutoConfiguration$TomcatWebSocketConfiguration'
2026-04-11 01:01:20.248 DEBUG [restartedMain] o.s.b.f.s.DefaultListableBeanFactory - Creating shared instance of singleton bean 'servletWebServerFactoryCustomizer'
2026-04-11 01:01:20.248 DEBUG [restartedMain] o.s.b.f.s.DefaultListableBeanFactory - Creating shared instance of singleton bean 'org.springframework.boot.autoconfigure.web.servlet.ServletWebServerFactoryAutoConfiguration'
2026-04-11 01:01:20.252 DEBUG [restartedMain] o.s.b.f.s.DefaultListableBeanFactory - Creating shared instance of singleton bean 'server-org.springframework.boot.autoconfigure.web.ServerProperties'
2026-04-11 01:01:20.275 DEBUG [restartedMain] o.s.b.f.s.DefaultListableBeanFactory - Creating shared instance of singleton bean 'org.springframework.boot.context.properties.BoundConfigurationProperties'
2026-04-11 01:01:20.351 DEBUG [restartedMain] o.s.b.f.s.DefaultListableBeanFactory - Autowiring by type from bean name 'servletWebServerFactoryCustomizer' via factory method to bean named 'server-org.springframework.boot.autoconfigure.web.ServerProperties'
2026-04-11 01:01:20.358 DEBUG [restartedMain] o.s.b.f.s.DefaultListableBeanFactory - Creating shared instance of singleton bean 'tomcatServletWebServerFactoryCustomizer'
2026-04-11 01:01:20.359 DEBUG [restartedMain] o.s.b.f.s.DefaultListableBeanFactory - Autowiring by type from bean name 'tomcatServletWebServerFactoryCustomizer' via factory method to bean named 'server-org.springframework.boot.autoconfigure.web.ServerProperties'
2026-04-11 01:01:20.361 DEBUG [restartedMain] o.s.b.f.s.DefaultListableBeanFactory - Creating shared instance of singleton bean 'tomcatWebServerFactoryCustomizer'
2026-04-11 01:01:20.362 DEBUG [restartedMain] o.s.b.f.s.DefaultListableBeanFactory - Creating shared instance of singleton bean 'org.springframework.boot.autoconfigure.web.embedded.EmbeddedWebServerFactoryCustomizerAutoConfiguration$TomcatWebServerFactoryCustomizerConfiguration'
2026-04-11 01:01:20.364 DEBUG [restartedMain] o.s.b.f.s.DefaultListableBeanFactory - Autowiring by type from bean name 'tomcatWebServerFactoryCustomizer' via factory method to bean named 'environment'
2026-04-11 01:01:20.364 DEBUG [restartedMain] o.s.b.f.s.DefaultListableBeanFactory - Autowiring by type from bean name 'tomcatWebServerFactoryCustomizer' via factory method to bean named 'server-org.springframework.boot.autoconfigure.web.ServerProperties'
2026-04-11 01:01:20.369 DEBUG [restartedMain] o.s.b.f.s.DefaultListableBeanFactory - Creating shared instance of singleton bean 'localeCharsetMappingsCustomizer'
2026-04-11 01:01:20.371 DEBUG [restartedMain] o.s.b.f.s.DefaultListableBeanFactory - Creating shared instance of singleton bean 'org.springframework.boot.autoconfigure.web.servlet.HttpEncodingAutoConfiguration'
2026-04-11 01:01:20.376 DEBUG [restartedMain] o.s.b.f.s.DefaultListableBeanFactory - Autowiring by type from bean name 'org.springframework.boot.autoconfigure.web.servlet.HttpEncodingAutoConfiguration' via constructor to bean named 'server-org.springframework.boot.autoconfigure.web.ServerProperties'
2026-04-11 01:01:20.505 DEBUG [restartedMain] o.s.b.f.s.DefaultListableBeanFactory - Creating shared instance of singleton bean 'errorPageCustomizer'
2026-04-11 01:01:20.507 DEBUG [restartedMain] o.s.b.f.s.DefaultListableBeanFactory - Creating shared instance of singleton bean 'org.springframework.boot.autoconfigure.web.servlet.error.ErrorMvcAutoConfiguration'
2026-04-11 01:01:20.508 DEBUG [restartedMain] o.s.b.f.s.DefaultListableBeanFactory - Autowiring by type from bean name 'org.springframework.boot.autoconfigure.web.servlet.error.ErrorMvcAutoConfiguration' via constructor to bean named 'server-org.springframework.boot.autoconfigure.web.ServerProperties'
2026-04-11 01:01:20.511 DEBUG [restartedMain] o.s.b.f.s.DefaultListableBeanFactory - Creating shared instance of singleton bean 'dispatcherServletRegistration'
2026-04-11 01:01:20.512 DEBUG [restartedMain] o.s.b.f.s.DefaultListableBeanFactory - Creating shared instance of singleton bean 'org.springframework.boot.autoconfigure.web.servlet.DispatcherServletAutoConfiguration$DispatcherServletRegistrationConfiguration'
2026-04-11 01:01:20.513 DEBUG [restartedMain] o.s.b.f.s.DefaultListableBeanFactory - Creating shared instance of singleton bean 'dispatcherServlet'
2026-04-11 01:01:20.514 DEBUG [restartedMain] o.s.b.f.s.DefaultListableBeanFactory - Creating shared instance of singleton bean 'org.springframework.boot.autoconfigure.web.servlet.DispatcherServletAutoConfiguration$DispatcherServletConfiguration'
2026-04-11 01:01:20.516 DEBUG [restartedMain] o.s.b.f.s.DefaultListableBeanFactory - Creating shared instance of singleton bean 'spring.mvc-org.springframework.boot.autoconfigure.web.servlet.WebMvcProperties'
2026-04-11 01:01:20.531 DEBUG [restartedMain] o.s.b.f.s.DefaultListableBeanFactory - Autowiring by type from bean name 'dispatcherServlet' via factory method to bean named 'spring.mvc-org.springframework.boot.autoconfigure.web.servlet.WebMvcProperties'
2026-04-11 01:01:20.576 DEBUG [restartedMain] o.s.b.f.s.DefaultListableBeanFactory - Autowiring by type from bean name 'dispatcherServletRegistration' via factory method to bean named 'dispatcherServlet'
2026-04-11 01:01:20.578 DEBUG [restartedMain] o.s.b.f.s.DefaultListableBeanFactory - Autowiring by type from bean name 'dispatcherServletRegistration' via factory method to bean named 'spring.mvc-org.springframework.boot.autoconfigure.web.servlet.WebMvcProperties'
2026-04-11 01:01:20.582 DEBUG [restartedMain] o.s.b.f.s.DefaultListableBeanFactory - Creating shared instance of singleton bean 'multipartConfigElement'
2026-04-11 01:01:20.583 DEBUG [restartedMain] o.s.b.f.s.DefaultListableBeanFactory - Creating shared instance of singleton bean 'org.springframework.boot.autoconfigure.web.servlet.MultipartAutoConfiguration'
2026-04-11 01:01:20.586 DEBUG [restartedMain] o.s.b.f.s.DefaultListableBeanFactory - Creating shared instance of singleton bean 'spring.servlet.multipart-org.springframework.boot.autoconfigure.web.servlet.MultipartProperties'
2026-04-11 01:01:20.600 DEBUG [restartedMain] o.s.b.f.s.DefaultListableBeanFactory - Autowiring by type from bean name 'org.springframework.boot.autoconfigure.web.servlet.MultipartAutoConfiguration' via constructor to bean named 'spring.servlet.multipart-org.springframework.boot.autoconfigure.web.servlet.MultipartProperties'
2026-04-11 01:01:20.622 DEBUG [restartedMain] o.s.b.f.s.DefaultListableBeanFactory - Autowiring by type from bean name 'errorPageCustomizer' via factory method to bean named 'dispatcherServletRegistration'
2026-04-11 01:01:21.071 DEBUG [restartedMain] o.s.b.w.e.t.TomcatServletWebServerFactory - Code archive: C:\Users\alessio.deamicis\.m2\repository\org\springframework\boot\spring-boot\2.7.18\spring-boot-2.7.18.jar
2026-04-11 01:01:21.074 DEBUG [restartedMain] o.s.b.w.e.t.TomcatServletWebServerFactory - Code archive: C:\Users\alessio.deamicis\.m2\repository\org\springframework\boot\spring-boot\2.7.18\spring-boot-2.7.18.jar
2026-04-11 01:01:21.076 DEBUG [restartedMain] o.s.b.w.e.t.TomcatServletWebServerFactory - None of the document roots [src/main/webapp, public, static] point to a directory and will be ignored.
2026-04-11 01:01:21.251 INFO  [restartedMain] o.s.b.w.e.tomcat.TomcatWebServer - Tomcat initialized with port(s): 8080 (http)
2026-04-11 01:01:21.270 INFO  [restartedMain] o.a.coyote.http11.Http11NioProtocol - Initializing ProtocolHandler ["http-nio-8080"]
2026-04-11 01:01:21.275 INFO  [restartedMain] o.a.catalina.core.StandardService - Starting service [Tomcat]
2026-04-11 01:01:21.276 INFO  [restartedMain] o.a.catalina.core.StandardEngine - Starting Servlet engine: [Apache Tomcat/9.0.83]
2026-04-11 01:01:21.538 INFO  [restartedMain] o.a.c.c.C.[Tomcat].[localhost].[/] - Initializing Spring embedded WebApplicationContext
2026-04-11 01:01:21.539 DEBUG [restartedMain] o.s.b.w.s.c.ServletWebServerApplicationContext - Published root WebApplicationContext as ServletContext attribute with name [org.springframework.web.context.WebApplicationContext.ROOT]
2026-04-11 01:01:21.539 INFO  [restartedMain] o.s.b.w.s.c.ServletWebServerApplicationContext - Root WebApplicationContext: initialization completed in 4691 ms
2026-04-11 01:01:21.547 DEBUG [restartedMain] o.s.b.f.s.DefaultListableBeanFactory - Creating shared instance of singleton bean 'webMvcMetricsFilter'
2026-04-11 01:01:21.548 DEBUG [restartedMain] o.s.b.f.s.DefaultListableBeanFactory - Creating shared instance of singleton bean 'org.springframework.boot.actuate.autoconfigure.metrics.web.servlet.WebMvcMetricsAutoConfiguration'
2026-04-11 01:01:21.549 DEBUG [restartedMain] o.s.b.f.s.DefaultListableBeanFactory - Creating shared instance of singleton bean 'management.metrics-org.springframework.boot.actuate.autoconfigure.metrics.MetricsProperties'
2026-04-11 01:01:21.566 DEBUG [restartedMain] o.s.b.f.s.DefaultListableBeanFactory - Autowiring by type from bean name 'org.springframework.boot.actuate.autoconfigure.metrics.web.servlet.WebMvcMetricsAutoConfiguration' via constructor to bean named 'management.metrics-org.springframework.boot.actuate.autoconfigure.metrics.MetricsProperties'
2026-04-11 01:01:21.571 DEBUG [restartedMain] o.s.b.f.s.DefaultListableBeanFactory - Creating shared instance of singleton bean 'simpleMeterRegistry'
2026-04-11 01:01:21.572 DEBUG [restartedMain] o.s.b.f.s.DefaultListableBeanFactory - Creating shared instance of singleton bean 'org.springframework.boot.actuate.autoconfigure.metrics.export.simple.SimpleMetricsExportAutoConfiguration'
2026-04-11 01:01:21.574 DEBUG [restartedMain] o.s.b.f.s.DefaultListableBeanFactory - Creating shared instance of singleton bean 'simpleConfig'
2026-04-11 01:01:21.575 DEBUG [restartedMain] o.s.b.f.s.DefaultListableBeanFactory - Creating shared instance of singleton bean 'management.metrics.export.simple-org.springframework.boot.actuate.autoconfigure.metrics.export.simple.SimpleProperties'
2026-04-11 01:01:21.581 DEBUG [restartedMain] o.s.b.f.s.DefaultListableBeanFactory - Autowiring by type from bean name 'simpleConfig' via factory method to bean named 'management.metrics.export.simple-org.springframework.boot.actuate.autoconfigure.metrics.export.simple.SimpleProperties'
2026-04-11 01:01:21.594 DEBUG [restartedMain] o.s.b.f.s.DefaultListableBeanFactory - Creating shared instance of singleton bean 'micrometerClock'
2026-04-11 01:01:21.595 DEBUG [restartedMain] o.s.b.f.s.DefaultListableBeanFactory - Creating shared instance of singleton bean 'org.springframework.boot.actuate.autoconfigure.metrics.MetricsAutoConfiguration'
2026-04-11 01:01:21.597 DEBUG [restartedMain] o.s.b.f.s.DefaultListableBeanFactory - Autowiring by type from bean name 'simpleMeterRegistry' via factory method to bean named 'simpleConfig'
2026-04-11 01:01:21.597 DEBUG [restartedMain] o.s.b.f.s.DefaultListableBeanFactory - Autowiring by type from bean name 'simpleMeterRegistry' via factory method to bean named 'micrometerClock'
2026-04-11 01:01:21.653 DEBUG [restartedMain] o.s.b.f.s.DefaultListableBeanFactory - Creating shared instance of singleton bean 'propertiesMeterFilter'
2026-04-11 01:01:21.654 DEBUG [restartedMain] o.s.b.f.s.DefaultListableBeanFactory - Autowiring by type from bean name 'propertiesMeterFilter' via factory method to bean named 'management.metrics-org.springframework.boot.actuate.autoconfigure.metrics.MetricsProperties'
2026-04-11 01:01:21.659 DEBUG [restartedMain] o.s.b.f.s.DefaultListableBeanFactory - Creating shared instance of singleton bean 'metricsHttpClientUriTagFilter'
2026-04-11 01:01:21.659 DEBUG [restartedMain] o.s.b.f.s.DefaultListableBeanFactory - Creating shared instance of singleton bean 'org.springframework.boot.actuate.autoconfigure.metrics.web.client.HttpClientMetricsAutoConfiguration'
2026-04-11 01:01:21.661 DEBUG [restartedMain] o.s.b.f.s.DefaultListableBeanFactory - Autowiring by type from bean name 'metricsHttpClientUriTagFilter' via factory method to bean named 'management.metrics-org.springframework.boot.actuate.autoconfigure.metrics.MetricsProperties'
2026-04-11 01:01:21.664 DEBUG [restartedMain] o.s.b.f.s.DefaultListableBeanFactory - Creating shared instance of singleton bean 'metricsHttpServerUriTagFilter'
2026-04-11 01:01:21.668 DEBUG [restartedMain] o.s.b.f.s.DefaultListableBeanFactory - Creating shared instance of singleton bean 'jvmGcMetrics'
2026-04-11 01:01:21.670 DEBUG [restartedMain] o.s.b.f.s.DefaultListableBeanFactory - Creating shared instance of singleton bean 'org.springframework.boot.actuate.autoconfigure.metrics.JvmMetricsAutoConfiguration'
2026-04-11 01:01:21.678 DEBUG [restartedMain] i.m.c.u.i.l.InternalLoggerFactory - Using SLF4J as the default logging framework
2026-04-11 01:01:21.690 DEBUG [restartedMain] o.s.b.f.s.DefaultListableBeanFactory - Creating shared instance of singleton bean 'jvmHeapPressureMetrics'
2026-04-11 01:01:21.696 DEBUG [restartedMain] o.s.b.f.s.DefaultListableBeanFactory - Creating shared instance of singleton bean 'jvmMemoryMetrics'
2026-04-11 01:01:21.698 DEBUG [restartedMain] o.s.b.f.s.DefaultListableBeanFactory - Creating shared instance of singleton bean 'jvmThreadMetrics'
2026-04-11 01:01:21.700 DEBUG [restartedMain] o.s.b.f.s.DefaultListableBeanFactory - Creating shared instance of singleton bean 'classLoaderMetrics'
2026-04-11 01:01:21.701 DEBUG [restartedMain] o.s.b.f.s.DefaultListableBeanFactory - Creating shared instance of singleton bean 'logbackMetrics'
2026-04-11 01:01:21.701 DEBUG [restartedMain] o.s.b.f.s.DefaultListableBeanFactory - Creating shared instance of singleton bean 'org.springframework.boot.actuate.autoconfigure.metrics.LogbackMetricsAutoConfiguration'
2026-04-11 01:01:21.705 DEBUG [restartedMain] o.s.b.f.s.DefaultListableBeanFactory - Creating shared instance of singleton bean 'uptimeMetrics'
2026-04-11 01:01:21.705 DEBUG [restartedMain] o.s.b.f.s.DefaultListableBeanFactory - Creating shared instance of singleton bean 'org.springframework.boot.actuate.autoconfigure.metrics.SystemMetricsAutoConfiguration'
2026-04-11 01:01:21.707 DEBUG [restartedMain] o.s.b.f.s.DefaultListableBeanFactory - Creating shared instance of singleton bean 'processorMetrics'
2026-04-11 01:01:21.711 DEBUG [restartedMain] o.s.b.f.s.DefaultListableBeanFactory - Creating shared instance of singleton bean 'fileDescriptorMetrics'
2026-04-11 01:01:21.712 DEBUG [restartedMain] o.s.b.f.s.DefaultListableBeanFactory - Creating shared instance of singleton bean 'diskSpaceMetrics'
2026-04-11 01:01:21.713 DEBUG [restartedMain] o.s.b.f.s.DefaultListableBeanFactory - Autowiring by type from bean name 'diskSpaceMetrics' via factory method to bean named 'management.metrics-org.springframework.boot.actuate.autoconfigure.metrics.MetricsProperties'
2026-04-11 01:01:21.716 DEBUG [restartedMain] o.s.b.f.s.DefaultListableBeanFactory - Creating shared instance of singleton bean 'hikariDataSourceMeterBinder'
2026-04-11 01:01:21.716 DEBUG [restartedMain] o.s.b.f.s.DefaultListableBeanFactory - Creating shared instance of singleton bean 'org.springframework.boot.actuate.autoconfigure.metrics.jdbc.DataSourcePoolMetricsAutoConfiguration$HikariDataSourceMetricsConfiguration'
2026-04-11 01:01:21.719 DEBUG [restartedMain] o.s.b.f.s.DefaultListableBeanFactory - Creating shared instance of singleton bean 'dataSourcePoolMetadataMeterBinder'
2026-04-11 01:01:21.719 DEBUG [restartedMain] o.s.b.f.s.DefaultListableBeanFactory - Creating shared instance of singleton bean 'org.springframework.boot.actuate.autoconfigure.metrics.jdbc.DataSourcePoolMetricsAutoConfiguration$DataSourcePoolMetadataMetricsConfiguration'
2026-04-11 01:01:21.722 DEBUG [restartedMain] o.s.b.f.s.DefaultListableBeanFactory - Creating shared instance of singleton bean 'dataSource'
2026-04-11 01:01:21.722 DEBUG [restartedMain] o.s.b.f.s.DefaultListableBeanFactory - Creating shared instance of singleton bean 'hibernateConfiguration'
2026-04-11 01:01:21.725 DEBUG [restartedMain] o.s.c.e.PropertySourcesPropertyResolver - Found key 'db.driver' in PropertySource 'environmentProperties' with value of type String
2026-04-11 01:01:21.727 DEBUG [restartedMain] o.s.c.e.PropertySourcesPropertyResolver - Found key 'db.url' in PropertySource 'environmentProperties' with value of type String
2026-04-11 01:01:21.729 DEBUG [restartedMain] o.s.c.e.PropertySourcesPropertyResolver - Found key 'db.username' in PropertySource 'environmentProperties' with value of type String
2026-04-11 01:01:21.732 DEBUG [restartedMain] o.s.c.e.PropertySourcesPropertyResolver - Found key 'db.password' in PropertySource 'environmentProperties' with value of type String
2026-04-11 01:01:21.734 DEBUG [restartedMain] o.s.c.e.PropertySourcesPropertyResolver - Found key 'hibernate.dialect' in PropertySource 'environmentProperties' with value of type String
2026-04-11 01:01:21.735 DEBUG [restartedMain] o.s.b.c.p.s.ConfigurationPropertySourcesPropertyResolver$DefaultResolver - Found key 'hibernate.show_sql' in PropertySource 'Config resource 'class path resource [application.properties]' via location 'optional:classpath:/'' with value of type String
2026-04-11 01:01:21.735 DEBUG [restartedMain] o.s.c.e.PropertySourcesPropertyResolver - Found key 'hibernate.show_sql' in PropertySource 'environmentProperties' with value of type String
2026-04-11 01:01:21.736 DEBUG [restartedMain] o.s.c.e.PropertySourcesPropertyResolver - Found key 'hibernate.hbm2ddl.auto' in PropertySource 'environmentProperties' with value of type String
2026-04-11 01:01:21.737 DEBUG [restartedMain] o.s.b.c.p.s.ConfigurationPropertySourcesPropertyResolver$DefaultResolver - Found key 'entitymanager.packagesToScan' in PropertySource 'Config resource 'class path resource [application.properties]' via location 'optional:classpath:/'' with value of type String
2026-04-11 01:01:21.737 DEBUG [restartedMain] o.s.c.e.PropertySourcesPropertyResolver - Found key 'entitymanager.packagesToScan' in PropertySource 'environmentProperties' with value of type String
2026-04-11 01:01:21.962 DEBUG [restartedMain] o.s.j.d.DriverManagerDataSource - Loaded JDBC driver: oracle.jdbc.driver.OracleDriver
2026-04-11 01:01:21.965 DEBUG [restartedMain] o.s.b.f.s.DefaultListableBeanFactory - Autowiring by type from bean name 'dataSourcePoolMetadataMeterBinder' via factory method to bean named 'dataSource'
2026-04-11 01:01:22.027 DEBUG [restartedMain] o.s.b.f.s.DefaultListableBeanFactory - Creating shared instance of singleton bean 'hikariPoolDataSourceMetadataProvider'
2026-04-11 01:01:22.028 DEBUG [restartedMain] o.s.b.f.s.DefaultListableBeanFactory - Creating shared instance of singleton bean 'org.springframework.boot.autoconfigure.jdbc.metadata.DataSourcePoolMetadataProvidersConfiguration$HikariPoolDataSourceMetadataProviderConfiguration'
2026-04-11 01:01:22.040 DEBUG [restartedMain] o.s.b.f.s.DefaultListableBeanFactory - Creating shared instance of singleton bean 'webMvcTagsProvider'
2026-04-11 01:01:22.044 DEBUG [restartedMain] o.s.b.f.s.DefaultListableBeanFactory - Autowiring by type from bean name 'webMvcMetricsFilter' via factory method to bean named 'simpleMeterRegistry'
2026-04-11 01:01:22.044 DEBUG [restartedMain] o.s.b.f.s.DefaultListableBeanFactory - Autowiring by type from bean name 'webMvcMetricsFilter' via factory method to bean named 'webMvcTagsProvider'
2026-04-11 01:01:22.047 DEBUG [restartedMain] o.s.b.f.s.DefaultListableBeanFactory - Creating shared instance of singleton bean 'servletEndpointRegistrar'
2026-04-11 01:01:22.047 DEBUG [restartedMain] o.s.b.f.s.DefaultListableBeanFactory - Creating shared instance of singleton bean 'org.springframework.boot.actuate.autoconfigure.endpoint.web.ServletEndpointManagementContextConfiguration$WebMvcServletEndpointManagementContextConfiguration'
2026-04-11 01:01:22.048 DEBUG [restartedMain] o.s.b.f.s.DefaultListableBeanFactory - Creating shared instance of singleton bean 'management.endpoints.web-org.springframework.boot.actuate.autoconfigure.endpoint.web.WebEndpointProperties'
2026-04-11 01:01:22.052 DEBUG [restartedMain] o.s.b.f.s.DefaultListableBeanFactory - Creating shared instance of singleton bean 'servletEndpointDiscoverer'
2026-04-11 01:01:22.052 DEBUG [restartedMain] o.s.b.f.s.DefaultListableBeanFactory - Creating shared instance of singleton bean 'org.springframework.boot.actuate.autoconfigure.endpoint.web.WebEndpointAutoConfiguration$WebEndpointServletConfiguration'
2026-04-11 01:01:22.055 DEBUG [restartedMain] o.s.b.f.s.DefaultListableBeanFactory - Autowiring by type from bean name 'servletEndpointDiscoverer' via factory method to bean named 'org.springframework.boot.web.servlet.context.AnnotationConfigServletWebServerApplicationContext@5de3e88e'
2026-04-11 01:01:22.058 DEBUG [restartedMain] o.s.b.f.s.DefaultListableBeanFactory - Creating shared instance of singleton bean 'webEndpointPathMapper'
2026-04-11 01:01:22.058 DEBUG [restartedMain] o.s.b.f.s.DefaultListableBeanFactory - Creating shared instance of singleton bean 'org.springframework.boot.actuate.autoconfigure.endpoint.web.WebEndpointAutoConfiguration'
2026-04-11 01:01:22.060 DEBUG [restartedMain] o.s.b.f.s.DefaultListableBeanFactory - Autowiring by type from bean name 'org.springframework.boot.actuate.autoconfigure.endpoint.web.WebEndpointAutoConfiguration' via constructor to bean named 'org.springframework.boot.web.servlet.context.AnnotationConfigServletWebServerApplicationContext@5de3e88e'
2026-04-11 01:01:22.060 DEBUG [restartedMain] o.s.b.f.s.DefaultListableBeanFactory - Autowiring by type from bean name 'org.springframework.boot.actuate.autoconfigure.endpoint.web.WebEndpointAutoConfiguration' via constructor to bean named 'management.endpoints.web-org.springframework.boot.actuate.autoconfigure.endpoint.web.WebEndpointProperties'
2026-04-11 01:01:22.063 DEBUG [restartedMain] o.s.b.f.s.DefaultListableBeanFactory - Creating shared instance of singleton bean 'servletExposeExcludePropertyEndpointFilter'
2026-04-11 01:01:22.066 DEBUG [restartedMain] o.s.b.f.s.DefaultListableBeanFactory - Creating shared instance of singleton bean 'org.springframework.boot.actuate.autoconfigure.endpoint.web.ServletEndpointManagementContextConfiguration'
2026-04-11 01:01:22.068 DEBUG [restartedMain] o.s.b.f.s.DefaultListableBeanFactory - Autowiring by type from bean name 'servletExposeExcludePropertyEndpointFilter' via factory method to bean named 'management.endpoints.web-org.springframework.boot.actuate.autoconfigure.endpoint.web.WebEndpointProperties'
2026-04-11 01:01:22.079 DEBUG [restartedMain] o.s.b.f.s.DefaultListableBeanFactory - Autowiring by type from bean name 'servletEndpointRegistrar' via factory method to bean named 'management.endpoints.web-org.springframework.boot.actuate.autoconfigure.endpoint.web.WebEndpointProperties'
2026-04-11 01:01:22.080 DEBUG [restartedMain] o.s.b.f.s.DefaultListableBeanFactory - Autowiring by type from bean name 'servletEndpointRegistrar' via factory method to bean named 'servletEndpointDiscoverer'
2026-04-11 01:01:22.080 DEBUG [restartedMain] o.s.b.f.s.DefaultListableBeanFactory - Autowiring by type from bean name 'servletEndpointRegistrar' via factory method to bean named 'dispatcherServletRegistration'
2026-04-11 01:01:22.098 DEBUG [restartedMain] o.s.b.f.s.DefaultListableBeanFactory - Creating shared instance of singleton bean 'requestContextFilter'
2026-04-11 01:01:22.103 DEBUG [restartedMain] o.s.b.f.s.DefaultListableBeanFactory - Creating shared instance of singleton bean 'formContentFilter'
2026-04-11 01:01:22.103 DEBUG [restartedMain] o.s.b.f.s.DefaultListableBeanFactory - Creating shared instance of singleton bean 'org.springframework.boot.autoconfigure.web.servlet.WebMvcAutoConfiguration'
2026-04-11 01:01:22.111 DEBUG [restartedMain] o.s.b.f.s.DefaultListableBeanFactory - Creating shared instance of singleton bean 'characterEncodingFilter'
2026-04-11 01:01:22.124 DEBUG [restartedMain] o.s.b.w.s.ServletContextInitializerBeans - Mapping filters: filterRegistrationBean urls=[/*] order=-2147483647, characterEncodingFilter urls=[/*] order=-2147483648, formContentFilter urls=[/*] order=-9900, requestContextFilter urls=[/*] order=-105
2026-04-11 01:01:22.124 DEBUG [restartedMain] o.s.b.w.s.ServletContextInitializerBeans - Mapping servlets: dispatcherServlet urls=[/]
2026-04-11 01:01:22.182 DEBUG [restartedMain] o.s.b.a.m.w.s.WebMvcMetricsFilter - Filter 'webMvcMetricsFilter' configured for use
2026-04-11 01:01:22.184 DEBUG [restartedMain] o.s.b.w.s.f.OrderedRequestContextFilter - Filter 'requestContextFilter' configured for use
2026-04-11 01:01:22.185 DEBUG [restartedMain] o.s.b.w.s.f.OrderedCharacterEncodingFilter - Filter 'characterEncodingFilter' configured for use
2026-04-11 01:01:22.187 DEBUG [restartedMain] o.s.b.w.s.f.OrderedFormContentFilter - Filter 'formContentFilter' configured for use
2026-04-11 01:01:22.215 DEBUG [restartedMain] o.s.b.f.s.DefaultListableBeanFactory - Creating shared instance of singleton bean 'comicverseApplication'
2026-04-11 01:01:22.224 DEBUG [restartedMain] o.s.b.f.s.DefaultListableBeanFactory - Creating shared instance of singleton bean 'errorMessagesProperties'
2026-04-11 01:01:22.229 DEBUG [restartedMain] o.s.b.f.s.DefaultListableBeanFactory - Creating shared instance of singleton bean 'searchMessagesProperties'
2026-04-11 01:01:22.230 DEBUG [restartedMain] o.s.b.f.s.DefaultListableBeanFactory - Creating shared instance of singleton bean 'successMessagesProperties'
2026-04-11 01:01:22.236 DEBUG [restartedMain] o.s.b.f.s.DefaultListableBeanFactory - Creating shared instance of singleton bean 'fumettoController'
2026-04-11 01:01:22.257 DEBUG [restartedMain] o.s.b.f.s.DefaultListableBeanFactory - Creating shared instance of singleton bean 'fumettoService'
2026-04-11 01:01:22.263 DEBUG [restartedMain] o.s.b.f.s.DefaultListableBeanFactory - Creating shared instance of singleton bean 'fumettoRepository'
2026-04-11 01:01:22.280 DEBUG [restartedMain] o.s.b.f.s.DefaultListableBeanFactory - Creating shared instance of singleton bean 'dataSourceScriptDatabaseInitializer'
2026-04-11 01:01:22.280 DEBUG [restartedMain] o.s.b.f.s.DefaultListableBeanFactory - Creating shared instance of singleton bean 'org.springframework.boot.autoconfigure.sql.init.DataSourceInitializationConfiguration'
2026-04-11 01:01:22.283 DEBUG [restartedMain] o.s.b.f.s.DefaultListableBeanFactory - Creating shared instance of singleton bean 'spring.sql.init-org.springframework.boot.autoconfigure.sql.init.SqlInitializationProperties'
2026-04-11 01:01:22.291 DEBUG [restartedMain] o.s.b.f.s.DefaultListableBeanFactory - Autowiring by type from bean name 'dataSourceScriptDatabaseInitializer' via factory method to bean named 'dataSource'
2026-04-11 01:01:22.291 DEBUG [restartedMain] o.s.b.f.s.DefaultListableBeanFactory - Autowiring by type from bean name 'dataSourceScriptDatabaseInitializer' via factory method to bean named 'spring.sql.init-org.springframework.boot.autoconfigure.sql.init.SqlInitializationProperties'
2026-04-11 01:01:22.299 DEBUG [restartedMain] o.s.b.f.s.DefaultListableBeanFactory - Creating shared instance of singleton bean 'sessionFactory'
2026-04-11 01:01:22.369 DEBUG [restartedMain] o.h.i.internal.IntegratorServiceImpl - Adding Integrator [org.hibernate.cfg.beanvalidation.BeanValidationIntegrator].
2026-04-11 01:01:22.375 DEBUG [restartedMain] o.h.i.internal.IntegratorServiceImpl - Adding Integrator [org.hibernate.secure.spi.JaccIntegrator].
2026-04-11 01:01:22.380 DEBUG [restartedMain] o.h.i.internal.IntegratorServiceImpl - Adding Integrator [org.hibernate.cache.internal.CollectionCacheInvalidator].
2026-04-11 01:01:22.466 INFO  [restartedMain] org.hibernate.Version - HHH000412: Hibernate ORM core version 5.6.15.Final
2026-04-11 01:01:22.472 DEBUG [restartedMain] org.hibernate.cfg.Environment - HHH000206: hibernate.properties not found
2026-04-11 01:01:22.879 DEBUG [restartedMain] org.hibernate.cfg.Configuration - Building session factory using internal StandardServiceRegistryBuilder
2026-04-11 01:01:22.888 DEBUG [restartedMain] o.h.service.spi.ServiceBinding - Overriding existing service binding [org.hibernate.secure.spi.JaccService]
2026-04-11 01:01:22.889 DEBUG [restartedMain] org.hibernate.cfg.Configuration - Building session factory using provided StandardServiceRegistry
2026-04-11 01:01:22.902 DEBUG [restartedMain] o.h.c.i.RegionFactoryInitiator - Cannot default RegionFactory based on registered strategies as `[]` RegionFactory strategies were registered
2026-04-11 01:01:22.904 DEBUG [restartedMain] o.h.c.i.RegionFactoryInitiator - Cache region factory : org.hibernate.cache.internal.NoCachingRegionFactory
2026-04-11 01:01:22.920 INFO  [restartedMain] o.h.annotations.common.Version - HCANN000001: Hibernate Commons Annotations {5.1.2.Final}
2026-04-11 01:01:23.010 DEBUG [restartedMain] org.hibernate.type.BasicTypeRegistry - Adding type registration boolean -> org.hibernate.type.BooleanType@4f676999
2026-04-11 01:01:23.010 DEBUG [restartedMain] org.hibernate.type.BasicTypeRegistry - Adding type registration boolean -> org.hibernate.type.BooleanType@4f676999
2026-04-11 01:01:23.010 DEBUG [restartedMain] org.hibernate.type.BasicTypeRegistry - Adding type registration java.lang.Boolean -> org.hibernate.type.BooleanType@4f676999
2026-04-11 01:01:23.011 DEBUG [restartedMain] org.hibernate.type.BasicTypeRegistry - Adding type registration numeric_boolean -> org.hibernate.type.NumericBooleanType@65fe76aa
2026-04-11 01:01:23.014 DEBUG [restartedMain] org.hibernate.type.BasicTypeRegistry - Adding type registration true_false -> org.hibernate.type.TrueFalseType@6c0b69fd
2026-04-11 01:01:23.015 DEBUG [restartedMain] org.hibernate.type.BasicTypeRegistry - Adding type registration yes_no -> org.hibernate.type.YesNoType@aeeb0fa
2026-04-11 01:01:23.021 DEBUG [restartedMain] org.hibernate.type.BasicTypeRegistry - Adding type registration byte -> org.hibernate.type.ByteType@13d50259
2026-04-11 01:01:23.021 DEBUG [restartedMain] org.hibernate.type.BasicTypeRegistry - Adding type registration byte -> org.hibernate.type.ByteType@13d50259
2026-04-11 01:01:23.021 DEBUG [restartedMain] org.hibernate.type.BasicTypeRegistry - Adding type registration java.lang.Byte -> org.hibernate.type.ByteType@13d50259
2026-04-11 01:01:23.024 DEBUG [restartedMain] org.hibernate.type.BasicTypeRegistry - Adding type registration character -> org.hibernate.type.CharacterType@f442593
2026-04-11 01:01:23.024 DEBUG [restartedMain] org.hibernate.type.BasicTypeRegistry - Adding type registration char -> org.hibernate.type.CharacterType@f442593
2026-04-11 01:01:23.024 DEBUG [restartedMain] org.hibernate.type.BasicTypeRegistry - Adding type registration java.lang.Character -> org.hibernate.type.CharacterType@f442593
2026-04-11 01:01:23.027 DEBUG [restartedMain] org.hibernate.type.BasicTypeRegistry - Adding type registration short -> org.hibernate.type.ShortType@15f955a5
2026-04-11 01:01:23.027 DEBUG [restartedMain] org.hibernate.type.BasicTypeRegistry - Adding type registration short -> org.hibernate.type.ShortType@15f955a5
2026-04-11 01:01:23.027 DEBUG [restartedMain] org.hibernate.type.BasicTypeRegistry - Adding type registration java.lang.Short -> org.hibernate.type.ShortType@15f955a5
2026-04-11 01:01:23.029 DEBUG [restartedMain] org.hibernate.type.BasicTypeRegistry - Adding type registration integer -> org.hibernate.type.IntegerType@24ae5693
2026-04-11 01:01:23.030 DEBUG [restartedMain] org.hibernate.type.BasicTypeRegistry - Adding type registration int -> org.hibernate.type.IntegerType@24ae5693
2026-04-11 01:01:23.030 DEBUG [restartedMain] org.hibernate.type.BasicTypeRegistry - Adding type registration java.lang.Integer -> org.hibernate.type.IntegerType@24ae5693
2026-04-11 01:01:23.032 DEBUG [restartedMain] org.hibernate.type.BasicTypeRegistry - Adding type registration long -> org.hibernate.type.LongType@771d1efc
2026-04-11 01:01:23.032 DEBUG [restartedMain] org.hibernate.type.BasicTypeRegistry - Adding type registration long -> org.hibernate.type.LongType@771d1efc
2026-04-11 01:01:23.032 DEBUG [restartedMain] org.hibernate.type.BasicTypeRegistry - Adding type registration java.lang.Long -> org.hibernate.type.LongType@771d1efc
2026-04-11 01:01:23.037 DEBUG [restartedMain] org.hibernate.type.BasicTypeRegistry - Adding type registration float -> org.hibernate.type.FloatType@6c4c3402
2026-04-11 01:01:23.037 DEBUG [restartedMain] org.hibernate.type.BasicTypeRegistry - Adding type registration float -> org.hibernate.type.FloatType@6c4c3402
2026-04-11 01:01:23.037 DEBUG [restartedMain] org.hibernate.type.BasicTypeRegistry - Adding type registration java.lang.Float -> org.hibernate.type.FloatType@6c4c3402
2026-04-11 01:01:23.040 DEBUG [restartedMain] org.hibernate.type.BasicTypeRegistry - Adding type registration double -> org.hibernate.type.DoubleType@5de4ba51
2026-04-11 01:01:23.042 DEBUG [restartedMain] org.hibernate.type.BasicTypeRegistry - Adding type registration double -> org.hibernate.type.DoubleType@5de4ba51
2026-04-11 01:01:23.042 DEBUG [restartedMain] org.hibernate.type.BasicTypeRegistry - Adding type registration java.lang.Double -> org.hibernate.type.DoubleType@5de4ba51
2026-04-11 01:01:23.046 DEBUG [restartedMain] org.hibernate.type.BasicTypeRegistry - Adding type registration big_decimal -> org.hibernate.type.BigDecimalType@56b275dd
2026-04-11 01:01:23.046 DEBUG [restartedMain] org.hibernate.type.BasicTypeRegistry - Adding type registration java.math.BigDecimal -> org.hibernate.type.BigDecimalType@56b275dd
2026-04-11 01:01:23.048 DEBUG [restartedMain] org.hibernate.type.BasicTypeRegistry - Adding type registration big_integer -> org.hibernate.type.BigIntegerType@688bdff7
2026-04-11 01:01:23.050 DEBUG [restartedMain] org.hibernate.type.BasicTypeRegistry - Adding type registration java.math.BigInteger -> org.hibernate.type.BigIntegerType@688bdff7
2026-04-11 01:01:23.053 DEBUG [restartedMain] org.hibernate.type.BasicTypeRegistry - Adding type registration string -> org.hibernate.type.StringType@1b7a1d9a
2026-04-11 01:01:23.053 DEBUG [restartedMain] org.hibernate.type.BasicTypeRegistry - Adding type registration java.lang.String -> org.hibernate.type.StringType@1b7a1d9a
2026-04-11 01:01:23.055 DEBUG [restartedMain] org.hibernate.type.BasicTypeRegistry - Adding type registration nstring -> org.hibernate.type.StringNVarcharType@677a53f7
2026-04-11 01:01:23.056 DEBUG [restartedMain] org.hibernate.type.BasicTypeRegistry - Adding type registration ncharacter -> org.hibernate.type.CharacterNCharType@6ff3302e
2026-04-11 01:01:23.059 DEBUG [restartedMain] org.hibernate.type.BasicTypeRegistry - Adding type registration url -> org.hibernate.type.UrlType@389db266
2026-04-11 01:01:23.059 DEBUG [restartedMain] org.hibernate.type.BasicTypeRegistry - Adding type registration java.net.URL -> org.hibernate.type.UrlType@389db266
2026-04-11 01:01:23.063 DEBUG [restartedMain] org.hibernate.type.BasicTypeRegistry - Adding type registration Duration -> org.hibernate.type.DurationType@f368b32
2026-04-11 01:01:23.063 DEBUG [restartedMain] org.hibernate.type.BasicTypeRegistry - Adding type registration java.time.Duration -> org.hibernate.type.DurationType@f368b32
2026-04-11 01:01:23.064 DEBUG [restartedMain] org.hibernate.type.BasicTypeRegistry - Adding type registration Instant -> org.hibernate.type.InstantType@57ee3d3
2026-04-11 01:01:23.064 DEBUG [restartedMain] org.hibernate.type.BasicTypeRegistry - Adding type registration java.time.Instant -> org.hibernate.type.InstantType@57ee3d3
2026-04-11 01:01:23.066 DEBUG [restartedMain] org.hibernate.type.BasicTypeRegistry - Adding type registration LocalDateTime -> org.hibernate.type.LocalDateTimeType@40ac15a1
2026-04-11 01:01:23.066 DEBUG [restartedMain] org.hibernate.type.BasicTypeRegistry - Adding type registration java.time.LocalDateTime -> org.hibernate.type.LocalDateTimeType@40ac15a1
2026-04-11 01:01:23.069 DEBUG [restartedMain] org.hibernate.type.BasicTypeRegistry - Adding type registration LocalDate -> org.hibernate.type.LocalDateType@547d19d4
2026-04-11 01:01:23.069 DEBUG [restartedMain] org.hibernate.type.BasicTypeRegistry - Adding type registration java.time.LocalDate -> org.hibernate.type.LocalDateType@547d19d4
2026-04-11 01:01:23.071 DEBUG [restartedMain] org.hibernate.type.BasicTypeRegistry - Adding type registration LocalTime -> org.hibernate.type.LocalTimeType@56fb4d80
2026-04-11 01:01:23.071 DEBUG [restartedMain] org.hibernate.type.BasicTypeRegistry - Adding type registration java.time.LocalTime -> org.hibernate.type.LocalTimeType@56fb4d80
2026-04-11 01:01:23.072 DEBUG [restartedMain] org.hibernate.type.BasicTypeRegistry - Adding type registration OffsetDateTime -> org.hibernate.type.OffsetDateTimeType@41837d94
2026-04-11 01:01:23.072 DEBUG [restartedMain] org.hibernate.type.BasicTypeRegistry - Adding type registration java.time.OffsetDateTime -> org.hibernate.type.OffsetDateTimeType@41837d94
2026-04-11 01:01:23.074 DEBUG [restartedMain] org.hibernate.type.BasicTypeRegistry - Adding type registration OffsetTime -> org.hibernate.type.OffsetTimeType@5774cceb
2026-04-11 01:01:23.074 DEBUG [restartedMain] org.hibernate.type.BasicTypeRegistry - Adding type registration java.time.OffsetTime -> org.hibernate.type.OffsetTimeType@5774cceb
2026-04-11 01:01:23.075 DEBUG [restartedMain] org.hibernate.type.BasicTypeRegistry - Adding type registration ZonedDateTime -> org.hibernate.type.ZonedDateTimeType@37cd2bd3
2026-04-11 01:01:23.075 DEBUG [restartedMain] org.hibernate.type.BasicTypeRegistry - Adding type registration java.time.ZonedDateTime -> org.hibernate.type.ZonedDateTimeType@37cd2bd3
2026-04-11 01:01:23.079 DEBUG [restartedMain] org.hibernate.type.BasicTypeRegistry - Adding type registration date -> org.hibernate.type.DateType@3c036e1c
2026-04-11 01:01:23.079 DEBUG [restartedMain] org.hibernate.type.BasicTypeRegistry - Adding type registration java.sql.Date -> org.hibernate.type.DateType@3c036e1c
2026-04-11 01:01:23.081 DEBUG [restartedMain] org.hibernate.type.BasicTypeRegistry - Adding type registration time -> org.hibernate.type.TimeType@1fc428ec
2026-04-11 01:01:23.081 DEBUG [restartedMain] org.hibernate.type.BasicTypeRegistry - Adding type registration java.sql.Time -> org.hibernate.type.TimeType@1fc428ec
2026-04-11 01:01:23.082 DEBUG [restartedMain] org.hibernate.type.BasicTypeRegistry - Adding type registration timestamp -> org.hibernate.type.TimestampType@141dff36
2026-04-11 01:01:23.082 DEBUG [restartedMain] org.hibernate.type.BasicTypeRegistry - Adding type registration java.sql.Timestamp -> org.hibernate.type.TimestampType@141dff36
2026-04-11 01:01:23.082 DEBUG [restartedMain] org.hibernate.type.BasicTypeRegistry - Adding type registration java.util.Date -> org.hibernate.type.TimestampType@141dff36
2026-04-11 01:01:23.085 DEBUG [restartedMain] org.hibernate.type.BasicTypeRegistry - Adding type registration dbtimestamp -> org.hibernate.type.DbTimestampType@452e0ade
2026-04-11 01:01:23.088 DEBUG [restartedMain] org.hibernate.type.BasicTypeRegistry - Adding type registration calendar -> org.hibernate.type.CalendarType@6e34b893
2026-04-11 01:01:23.089 DEBUG [restartedMain] org.hibernate.type.BasicTypeRegistry - Adding type registration java.util.Calendar -> org.hibernate.type.CalendarType@6e34b893
2026-04-11 01:01:23.089 DEBUG [restartedMain] org.hibernate.type.BasicTypeRegistry - Adding type registration java.util.GregorianCalendar -> org.hibernate.type.CalendarType@6e34b893
2026-04-11 01:01:23.089 DEBUG [restartedMain] org.hibernate.type.BasicTypeRegistry - Adding type registration calendar_date -> org.hibernate.type.CalendarDateType@16240a98
2026-04-11 01:01:23.093 DEBUG [restartedMain] org.hibernate.type.BasicTypeRegistry - Adding type registration calendar_time -> org.hibernate.type.CalendarTimeType@39568567
2026-04-11 01:01:23.096 DEBUG [restartedMain] org.hibernate.type.BasicTypeRegistry - Adding type registration locale -> org.hibernate.type.LocaleType@5db73392
2026-04-11 01:01:23.097 DEBUG [restartedMain] org.hibernate.type.BasicTypeRegistry - Adding type registration java.util.Locale -> org.hibernate.type.LocaleType@5db73392
2026-04-11 01:01:23.100 DEBUG [restartedMain] org.hibernate.type.BasicTypeRegistry - Adding type registration currency -> org.hibernate.type.CurrencyType@557eb533
2026-04-11 01:01:23.100 DEBUG [restartedMain] org.hibernate.type.BasicTypeRegistry - Adding type registration java.util.Currency -> org.hibernate.type.CurrencyType@557eb533
2026-04-11 01:01:23.106 DEBUG [restartedMain] org.hibernate.type.BasicTypeRegistry - Adding type registration timezone -> org.hibernate.type.TimeZoneType@23ac4370
2026-04-11 01:01:23.106 DEBUG [restartedMain] org.hibernate.type.BasicTypeRegistry - Adding type registration java.util.TimeZone -> org.hibernate.type.TimeZoneType@23ac4370
2026-04-11 01:01:23.107 DEBUG [restartedMain] org.hibernate.type.BasicTypeRegistry - Adding type registration class -> org.hibernate.type.ClassType@639da135
2026-04-11 01:01:23.107 DEBUG [restartedMain] org.hibernate.type.BasicTypeRegistry - Adding type registration java.lang.Class -> org.hibernate.type.ClassType@639da135
2026-04-11 01:01:23.110 DEBUG [restartedMain] org.hibernate.type.BasicTypeRegistry - Adding type registration uuid-binary -> org.hibernate.type.UUIDBinaryType@570d61ea
2026-04-11 01:01:23.110 DEBUG [restartedMain] org.hibernate.type.BasicTypeRegistry - Adding type registration java.util.UUID -> org.hibernate.type.UUIDBinaryType@570d61ea
2026-04-11 01:01:23.111 DEBUG [restartedMain] org.hibernate.type.BasicTypeRegistry - Adding type registration uuid-char -> org.hibernate.type.UUIDCharType@320a64af
2026-04-11 01:01:23.112 DEBUG [restartedMain] org.hibernate.type.BasicTypeRegistry - Adding type registration binary -> org.hibernate.type.BinaryType@4f0c7209
2026-04-11 01:01:23.112 DEBUG [restartedMain] org.hibernate.type.BasicTypeRegistry - Adding type registration byte[] -> org.hibernate.type.BinaryType@4f0c7209
2026-04-11 01:01:23.112 DEBUG [restartedMain] org.hibernate.type.BasicTypeRegistry - Adding type registration [B -> org.hibernate.type.BinaryType@4f0c7209
2026-04-11 01:01:23.114 DEBUG [restartedMain] org.hibernate.type.BasicTypeRegistry - Adding type registration wrapper-binary -> org.hibernate.type.WrapperBinaryType@2aa5a90d
2026-04-11 01:01:23.114 DEBUG [restartedMain] org.hibernate.type.BasicTypeRegistry - Adding type registration Byte[] -> org.hibernate.type.WrapperBinaryType@2aa5a90d
2026-04-11 01:01:23.114 DEBUG [restartedMain] org.hibernate.type.BasicTypeRegistry - Adding type registration [Ljava.lang.Byte; -> org.hibernate.type.WrapperBinaryType@2aa5a90d
2026-04-11 01:01:23.115 DEBUG [restartedMain] org.hibernate.type.BasicTypeRegistry - Adding type registration row_version -> org.hibernate.type.RowVersionType@2c7b69c1
2026-04-11 01:01:23.115 DEBUG [restartedMain] org.hibernate.type.BasicTypeRegistry - Adding type registration image -> org.hibernate.type.ImageType@31c12738
2026-04-11 01:01:23.117 DEBUG [restartedMain] org.hibernate.type.BasicTypeRegistry - Adding type registration characters -> org.hibernate.type.CharArrayType@150d915d
2026-04-11 01:01:23.119 DEBUG [restartedMain] org.hibernate.type.BasicTypeRegistry - Adding type registration char[] -> org.hibernate.type.CharArrayType@150d915d
2026-04-11 01:01:23.119 DEBUG [restartedMain] org.hibernate.type.BasicTypeRegistry - Adding type registration [C -> org.hibernate.type.CharArrayType@150d915d
2026-04-11 01:01:23.122 DEBUG [restartedMain] org.hibernate.type.BasicTypeRegistry - Adding type registration wrapper-characters -> org.hibernate.type.CharacterArrayType@41dda3d6
2026-04-11 01:01:23.122 DEBUG [restartedMain] org.hibernate.type.BasicTypeRegistry - Adding type registration [Ljava.lang.Character; -> org.hibernate.type.CharacterArrayType@41dda3d6
2026-04-11 01:01:23.122 DEBUG [restartedMain] org.hibernate.type.BasicTypeRegistry - Adding type registration Character[] -> org.hibernate.type.CharacterArrayType@41dda3d6
2026-04-11 01:01:23.123 DEBUG [restartedMain] org.hibernate.type.BasicTypeRegistry - Adding type registration text -> org.hibernate.type.TextType@73e04f71
2026-04-11 01:01:23.123 DEBUG [restartedMain] org.hibernate.type.BasicTypeRegistry - Adding type registration ntext -> org.hibernate.type.NTextType@57fad79d
2026-04-11 01:01:23.125 DEBUG [restartedMain] org.hibernate.type.BasicTypeRegistry - Adding type registration blob -> org.hibernate.type.BlobType@69106eea
2026-04-11 01:01:23.126 DEBUG [restartedMain] org.hibernate.type.BasicTypeRegistry - Adding type registration java.sql.Blob -> org.hibernate.type.BlobType@69106eea
2026-04-11 01:01:23.126 DEBUG [restartedMain] org.hibernate.type.BasicTypeRegistry - Adding type registration materialized_blob -> org.hibernate.type.MaterializedBlobType@562e6f51
2026-04-11 01:01:23.130 DEBUG [restartedMain] org.hibernate.type.BasicTypeRegistry - Adding type registration clob -> org.hibernate.type.ClobType@20d5818a
2026-04-11 01:01:23.130 DEBUG [restartedMain] org.hibernate.type.BasicTypeRegistry - Adding type registration java.sql.Clob -> org.hibernate.type.ClobType@20d5818a
2026-04-11 01:01:23.131 DEBUG [restartedMain] org.hibernate.type.BasicTypeRegistry - Adding type registration nclob -> org.hibernate.type.NClobType@4fa2b840
2026-04-11 01:01:23.131 DEBUG [restartedMain] org.hibernate.type.BasicTypeRegistry - Adding type registration java.sql.NClob -> org.hibernate.type.NClobType@4fa2b840
2026-04-11 01:01:23.133 DEBUG [restartedMain] org.hibernate.type.BasicTypeRegistry - Adding type registration materialized_clob -> org.hibernate.type.MaterializedClobType@61604129
2026-04-11 01:01:23.133 DEBUG [restartedMain] org.hibernate.type.BasicTypeRegistry - Adding type registration materialized_nclob -> org.hibernate.type.MaterializedNClobType@403c0563
2026-04-11 01:01:23.138 DEBUG [restartedMain] org.hibernate.type.BasicTypeRegistry - Adding type registration serializable -> org.hibernate.type.SerializableType@18b689ee
2026-04-11 01:01:23.144 DEBUG [restartedMain] org.hibernate.type.BasicTypeRegistry - Adding type registration object -> org.hibernate.type.ObjectType@520443bb
2026-04-11 01:01:23.144 DEBUG [restartedMain] org.hibernate.type.BasicTypeRegistry - Adding type registration java.lang.Object -> org.hibernate.type.ObjectType@520443bb
2026-04-11 01:01:23.146 DEBUG [restartedMain] org.hibernate.type.BasicTypeRegistry - Adding type registration imm_date -> org.hibernate.type.AdaptedImmutableType@2770009c
2026-04-11 01:01:23.146 DEBUG [restartedMain] org.hibernate.type.BasicTypeRegistry - Adding type registration imm_time -> org.hibernate.type.AdaptedImmutableType@1eb51341
2026-04-11 01:01:23.146 DEBUG [restartedMain] org.hibernate.type.BasicTypeRegistry - Adding type registration imm_timestamp -> org.hibernate.type.AdaptedImmutableType@72a2c4cf
2026-04-11 01:01:23.146 DEBUG [restartedMain] org.hibernate.type.BasicTypeRegistry - Adding type registration imm_dbtimestamp -> org.hibernate.type.AdaptedImmutableType@69e2e124
2026-04-11 01:01:23.146 DEBUG [restartedMain] org.hibernate.type.BasicTypeRegistry - Adding type registration imm_calendar -> org.hibernate.type.AdaptedImmutableType@4eb16864
2026-04-11 01:01:23.146 DEBUG [restartedMain] org.hibernate.type.BasicTypeRegistry - Adding type registration imm_calendar_date -> org.hibernate.type.AdaptedImmutableType@782845e8
2026-04-11 01:01:23.146 DEBUG [restartedMain] org.hibernate.type.BasicTypeRegistry - Adding type registration imm_binary -> org.hibernate.type.AdaptedImmutableType@1cc8729e
2026-04-11 01:01:23.146 DEBUG [restartedMain] org.hibernate.type.BasicTypeRegistry - Adding type registration imm_serializable -> org.hibernate.type.AdaptedImmutableType@62dd5be2
2026-04-11 01:01:23.228 DEBUG [restartedMain] o.h.i.f.i.DefaultIdentifierGeneratorFactory - Registering IdentifierGenerator strategy [uuid2] -> [org.hibernate.id.UUIDGenerator]
2026-04-11 01:01:23.228 DEBUG [restartedMain] o.h.i.f.i.DefaultIdentifierGeneratorFactory - Registering IdentifierGenerator strategy [guid] -> [org.hibernate.id.GUIDGenerator]
2026-04-11 01:01:23.230 DEBUG [restartedMain] o.h.i.f.i.DefaultIdentifierGeneratorFactory - Registering IdentifierGenerator strategy [uuid] -> [org.hibernate.id.UUIDHexGenerator]
2026-04-11 01:01:23.230 DEBUG [restartedMain] o.h.i.f.i.DefaultIdentifierGeneratorFactory - Registering IdentifierGenerator strategy [uuid.hex] -> [org.hibernate.id.UUIDHexGenerator]
2026-04-11 01:01:23.230 DEBUG [restartedMain] o.h.i.f.i.DefaultIdentifierGeneratorFactory - Registering IdentifierGenerator strategy [assigned] -> [org.hibernate.id.Assigned]
2026-04-11 01:01:23.232 DEBUG [restartedMain] o.h.i.f.i.DefaultIdentifierGeneratorFactory - Registering IdentifierGenerator strategy [identity] -> [org.hibernate.id.IdentityGenerator]
2026-04-11 01:01:23.233 DEBUG [restartedMain] o.h.i.f.i.DefaultIdentifierGeneratorFactory - Registering IdentifierGenerator strategy [select] -> [org.hibernate.id.SelectGenerator]
2026-04-11 01:01:23.239 DEBUG [restartedMain] o.h.i.f.i.DefaultIdentifierGeneratorFactory - Registering IdentifierGenerator strategy [sequence] -> [org.hibernate.id.enhanced.SequenceStyleGenerator]
2026-04-11 01:01:23.240 DEBUG [restartedMain] o.h.i.f.i.DefaultIdentifierGeneratorFactory - Registering IdentifierGenerator strategy [seqhilo] -> [org.hibernate.id.SequenceHiLoGenerator]
2026-04-11 01:01:23.242 DEBUG [restartedMain] o.h.i.f.i.DefaultIdentifierGeneratorFactory - Registering IdentifierGenerator strategy [increment] -> [org.hibernate.id.IncrementGenerator]
2026-04-11 01:01:23.242 DEBUG [restartedMain] o.h.i.f.i.DefaultIdentifierGeneratorFactory - Registering IdentifierGenerator strategy [foreign] -> [org.hibernate.id.ForeignGenerator]
2026-04-11 01:01:23.243 DEBUG [restartedMain] o.h.i.f.i.DefaultIdentifierGeneratorFactory - Registering IdentifierGenerator strategy [sequence-identity] -> [org.hibernate.id.SequenceIdentityGenerator]
2026-04-11 01:01:23.243 DEBUG [restartedMain] o.h.i.f.i.DefaultIdentifierGeneratorFactory - Registering IdentifierGenerator strategy [enhanced-sequence] -> [org.hibernate.id.enhanced.SequenceStyleGenerator]
2026-04-11 01:01:23.253 DEBUG [restartedMain] o.h.i.f.i.DefaultIdentifierGeneratorFactory - Registering IdentifierGenerator strategy [enhanced-table] -> [org.hibernate.id.enhanced.TableGenerator]
2026-04-11 01:01:23.266 DEBUG [restartedMain] o.s.j.d.DriverManagerDataSource - Creating new JDBC DriverManager Connection to [jdbc:oracle:thin:@//localhost:1521/XEPDB1]
2026-04-11 01:01:23.856 DEBUG [restartedMain] o.h.e.j.e.i.JdbcEnvironmentInitiator - Database ->
       name : Oracle
    version : Oracle Database 18c Express Edition Release 18.0.0.0.0 - Production
Version 18.4.0.0.0
      major : 18
      minor : 0
2026-04-11 01:01:23.856 DEBUG [restartedMain] o.h.e.j.e.i.JdbcEnvironmentInitiator - Driver ->
       name : Oracle JDBC driver
    version : 21.5.0.0.0
      major : 21
      minor : 5
2026-04-11 01:01:23.856 DEBUG [restartedMain] o.h.e.j.e.i.JdbcEnvironmentInitiator - JDBC version : 4.2
2026-04-11 01:01:23.891 INFO  [restartedMain] org.hibernate.dialect.Dialect - HHH000400: Using dialect: org.hibernate.dialect.Oracle12cDialect
2026-04-11 01:01:24.201 DEBUG [restartedMain] org.hibernate.type.BasicTypeRegistry - Adding type registration byte[] -> org.hibernate.type.MaterializedBlobType@562e6f51
2026-04-11 01:01:24.203 DEBUG [restartedMain] org.hibernate.type.BasicTypeRegistry - HHH000270: Type registration [byte[]] overrides previous : org.hibernate.type.BinaryType@4f0c7209
2026-04-11 01:01:24.203 DEBUG [restartedMain] org.hibernate.type.BasicTypeRegistry - Adding type registration [B -> org.hibernate.type.MaterializedBlobType@562e6f51
2026-04-11 01:01:24.203 DEBUG [restartedMain] org.hibernate.type.BasicTypeRegistry - HHH000270: Type registration [[B] overrides previous : org.hibernate.type.BinaryType@4f0c7209
2026-04-11 01:01:24.205 DEBUG [restartedMain] org.hibernate.type.BasicTypeRegistry - Adding type registration Byte[] -> org.hibernate.type.WrappedMaterializedBlobType@4ae6b7cb
2026-04-11 01:01:24.205 DEBUG [restartedMain] org.hibernate.type.BasicTypeRegistry - HHH000270: Type registration [Byte[]] overrides previous : org.hibernate.type.WrapperBinaryType@2aa5a90d
2026-04-11 01:01:24.205 DEBUG [restartedMain] org.hibernate.type.BasicTypeRegistry - Adding type registration [Ljava.lang.Byte; -> org.hibernate.type.WrappedMaterializedBlobType@4ae6b7cb
2026-04-11 01:01:24.205 DEBUG [restartedMain] org.hibernate.type.BasicTypeRegistry - HHH000270: Type registration [[Ljava.lang.Byte;] overrides previous : org.hibernate.type.WrapperBinaryType@2aa5a90d
2026-04-11 01:01:24.210 DEBUG [restartedMain] o.h.type.spi.TypeConfiguration$Scope - Scoping TypeConfiguration [org.hibernate.type.spi.TypeConfiguration@5154a695] to MetadataBuildingContext [org.hibernate.boot.internal.MetadataBuildingContextRootImpl@72b02494]
2026-04-11 01:01:24.279 DEBUG [restartedMain] o.h.boot.model.relational.Namespace - Created database namespace [logicalName=Name{catalog=null, schema=null}, physicalName=Name{catalog=null, schema=null}]
2026-04-11 01:01:24.294 DEBUG [restartedMain] org.hibernate.cfg.AnnotationBinder - Binding entity from annotated class: com.dgsspa.comicverse.model.Fumetto
2026-04-11 01:01:24.332 DEBUG [restartedMain] org.hibernate.cfg.Ejb3Column - Binding column: Ejb3DiscriminatorColumn{logicalColumnName'DTYPE', discriminatorTypeName='string'}
2026-04-11 01:01:24.348 DEBUG [restartedMain] o.h.cfg.annotations.EntityBinder - Import with entity name Fumetto
2026-04-11 01:01:24.355 DEBUG [restartedMain] o.h.cfg.annotations.EntityBinder - Bind entity com.dgsspa.comicverse.model.Fumetto on table FUMETTO
2026-04-11 01:01:24.396 DEBUG [restartedMain] org.hibernate.cfg.Ejb3Column - Binding column: Ejb3Column{table=org.hibernate.mapping.Table(FUMETTO), mappingColumn=ID_FUMETTO, insertable=true, updatable=true, unique=false}
2026-04-11 01:01:24.406 DEBUG [restartedMain] o.h.b.internal.ClassLoaderAccessImpl - Not known whether passed class name [com.dgsspa.comicverse.model.Fumetto] is safe
2026-04-11 01:01:24.406 DEBUG [restartedMain] o.h.b.internal.ClassLoaderAccessImpl - No temp ClassLoader provided; using live ClassLoader for loading potentially unsafe class : com.dgsspa.comicverse.model.Fumetto
2026-04-11 01:01:24.408 DEBUG [restartedMain] o.h.cfg.annotations.PropertyBinder - MetadataSourceProcessor property id with lazy=false
2026-04-11 01:01:24.411 DEBUG [restartedMain] o.h.cfg.AbstractPropertyHolder - Attempting to locate auto-apply AttributeConverter for property [com.dgsspa.comicverse.model.Fumetto:id]
2026-04-11 01:01:24.417 DEBUG [restartedMain] o.h.c.annotations.SimpleValueBinder - building SimpleValue for id
2026-04-11 01:01:24.424 DEBUG [restartedMain] o.h.cfg.annotations.PropertyBinder - Building property id
2026-04-11 01:01:24.436 DEBUG [restartedMain] org.hibernate.cfg.BinderHelper - #makeIdGenerator(org.hibernate.mapping.SimpleValue([org.hibernate.mapping.Column(ID_FUMETTO)]), id, org.hibernate.id.enhanced.SequenceStyleGenerator, SEQ, ...)
2026-04-11 01:01:24.441 DEBUG [restartedMain] org.hibernate.cfg.Ejb3Column - Binding column: Ejb3Column{table=org.hibernate.mapping.Table(FUMETTO), mappingColumn=DATA_PUBBLICAZIONE, insertable=true, updatable=true, unique=false}
2026-04-11 01:01:24.443 DEBUG [restartedMain] o.h.cfg.annotations.PropertyBinder - MetadataSourceProcessor property dataPubblicazione with lazy=false
2026-04-11 01:01:24.443 DEBUG [restartedMain] o.h.cfg.AbstractPropertyHolder - Attempting to locate auto-apply AttributeConverter for property [com.dgsspa.comicverse.model.Fumetto:dataPubblicazione]
2026-04-11 01:01:24.443 DEBUG [restartedMain] o.h.c.annotations.SimpleValueBinder - building SimpleValue for dataPubblicazione
2026-04-11 01:01:24.443 DEBUG [restartedMain] o.h.cfg.annotations.PropertyBinder - Building property dataPubblicazione
2026-04-11 01:01:24.452 DEBUG [restartedMain] org.hibernate.cfg.Ejb3Column - Binding column: Ejb3Column{table=org.hibernate.mapping.Table(FUMETTO), mappingColumn=descrizione, insertable=true, updatable=true, unique=false}
2026-04-11 01:01:24.453 DEBUG [restartedMain] o.h.cfg.annotations.PropertyBinder - MetadataSourceProcessor property descrizione with lazy=false
2026-04-11 01:01:24.453 DEBUG [restartedMain] o.h.cfg.AbstractPropertyHolder - Attempting to locate auto-apply AttributeConverter for property [com.dgsspa.comicverse.model.Fumetto:descrizione]
2026-04-11 01:01:24.453 DEBUG [restartedMain] o.h.c.annotations.SimpleValueBinder - building SimpleValue for descrizione
2026-04-11 01:01:24.456 DEBUG [restartedMain] o.h.cfg.annotations.PropertyBinder - Building property descrizione
2026-04-11 01:01:24.456 DEBUG [restartedMain] org.hibernate.cfg.Ejb3Column - Binding column: Ejb3Column{table=org.hibernate.mapping.Table(FUMETTO), mappingColumn=editore, insertable=true, updatable=true, unique=false}
2026-04-11 01:01:24.456 DEBUG [restartedMain] o.h.cfg.annotations.PropertyBinder - MetadataSourceProcessor property editore with lazy=false
2026-04-11 01:01:24.458 DEBUG [restartedMain] o.h.cfg.AbstractPropertyHolder - Attempting to locate auto-apply AttributeConverter for property [com.dgsspa.comicverse.model.Fumetto:editore]
2026-04-11 01:01:24.458 DEBUG [restartedMain] o.h.c.annotations.SimpleValueBinder - building SimpleValue for editore
2026-04-11 01:01:24.458 DEBUG [restartedMain] o.h.cfg.annotations.PropertyBinder - Building property editore
2026-04-11 01:01:24.462 DEBUG [restartedMain] org.hibernate.cfg.Ejb3Column - Binding column: Ejb3Column{table=org.hibernate.mapping.Table(FUMETTO), mappingColumn=null, insertable=true, updatable=true, unique=false}
2026-04-11 01:01:24.491 DEBUG [restartedMain] org.hibernate.cfg.Ejb3Column - Binding column: Ejb3Column{table=org.hibernate.mapping.Table(FUMETTO), mappingColumn=element, insertable=true, updatable=true, unique=false}
2026-04-11 01:01:24.493 DEBUG [restartedMain] org.hibernate.cfg.Ejb3Column - Binding column: Ejb3Column{table=org.hibernate.mapping.Table(FUMETTO), mappingColumn=generi_KEY, insertable=true, updatable=true, unique=false}
2026-04-11 01:01:24.496 DEBUG [restartedMain] org.hibernate.cfg.Ejb3Column - Binding column: Ejb3JoinColumn{logicalColumnName='generi_KEY', referencedColumn='null', mappedBy='null'}
2026-04-11 01:01:24.500 DEBUG [restartedMain] org.hibernate.cfg.Ejb3Column - Binding column: Ejb3JoinColumn{logicalColumnName='null', referencedColumn='null', mappedBy='fumetti'}
2026-04-11 01:01:24.500 DEBUG [restartedMain] org.hibernate.cfg.Ejb3Column - Binding column: Ejb3JoinColumn{logicalColumnName='null', referencedColumn='null', mappedBy='fumetti'}
2026-04-11 01:01:24.503 DEBUG [restartedMain] o.h.cfg.annotations.CollectionBinder - Collection role: com.dgsspa.comicverse.model.Fumetto.generi
2026-04-11 01:01:24.510 DEBUG [restartedMain] o.h.cfg.annotations.PropertyBinder - Building property generi
2026-04-11 01:01:24.511 DEBUG [restartedMain] org.hibernate.cfg.Ejb3Column - Binding column: Ejb3Column{table=org.hibernate.mapping.Table(FUMETTO), mappingColumn=titolo, insertable=true, updatable=true, unique=false}
2026-04-11 01:01:24.511 DEBUG [restartedMain] o.h.cfg.annotations.PropertyBinder - MetadataSourceProcessor property titolo with lazy=false
2026-04-11 01:01:24.511 DEBUG [restartedMain] o.h.cfg.AbstractPropertyHolder - Attempting to locate auto-apply AttributeConverter for property [com.dgsspa.comicverse.model.Fumetto:titolo]
2026-04-11 01:01:24.511 DEBUG [restartedMain] o.h.c.annotations.SimpleValueBinder - building SimpleValue for titolo
2026-04-11 01:01:24.511 DEBUG [restartedMain] o.h.cfg.annotations.PropertyBinder - Building property titolo
2026-04-11 01:01:24.511 DEBUG [restartedMain] org.hibernate.cfg.Ejb3Column - Binding column: Ejb3Column{table=org.hibernate.mapping.Table(FUMETTO), mappingColumn=volume, insertable=true, updatable=true, unique=false}
2026-04-11 01:01:24.511 DEBUG [restartedMain] o.h.cfg.annotations.PropertyBinder - MetadataSourceProcessor property volume with lazy=false
2026-04-11 01:01:24.511 DEBUG [restartedMain] o.h.cfg.AbstractPropertyHolder - Attempting to locate auto-apply AttributeConverter for property [com.dgsspa.comicverse.model.Fumetto:volume]
2026-04-11 01:01:24.513 DEBUG [restartedMain] o.h.c.annotations.SimpleValueBinder - building SimpleValue for volume
2026-04-11 01:01:24.513 DEBUG [restartedMain] o.h.cfg.annotations.PropertyBinder - Building property volume
2026-04-11 01:01:24.531 DEBUG [restartedMain] org.hibernate.cfg.AnnotationBinder - Binding entity from annotated class: com.dgsspa.comicverse.model.Genere
2026-04-11 01:01:24.531 DEBUG [restartedMain] org.hibernate.cfg.Ejb3Column - Binding column: Ejb3DiscriminatorColumn{logicalColumnName'DTYPE', discriminatorTypeName='string'}
2026-04-11 01:01:24.532 DEBUG [restartedMain] o.h.cfg.annotations.EntityBinder - Import with entity name Genere
2026-04-11 01:01:24.532 DEBUG [restartedMain] o.h.cfg.annotations.EntityBinder - Bind entity com.dgsspa.comicverse.model.Genere on table GENERE
2026-04-11 01:01:24.541 DEBUG [restartedMain] org.hibernate.cfg.Ejb3Column - Binding column: Ejb3Column{table=org.hibernate.mapping.Table(GENERE), mappingColumn=ID_GENERE, insertable=true, updatable=true, unique=false}
2026-04-11 01:01:24.543 DEBUG [restartedMain] o.h.b.internal.ClassLoaderAccessImpl - Not known whether passed class name [com.dgsspa.comicverse.model.Genere] is safe
2026-04-11 01:01:24.543 DEBUG [restartedMain] o.h.b.internal.ClassLoaderAccessImpl - No temp ClassLoader provided; using live ClassLoader for loading potentially unsafe class : com.dgsspa.comicverse.model.Genere
2026-04-11 01:01:24.543 DEBUG [restartedMain] o.h.cfg.annotations.PropertyBinder - MetadataSourceProcessor property id with lazy=false
2026-04-11 01:01:24.544 DEBUG [restartedMain] o.h.cfg.AbstractPropertyHolder - Attempting to locate auto-apply AttributeConverter for property [com.dgsspa.comicverse.model.Genere:id]
2026-04-11 01:01:24.544 DEBUG [restartedMain] o.h.c.annotations.SimpleValueBinder - building SimpleValue for id
2026-04-11 01:01:24.544 DEBUG [restartedMain] o.h.cfg.annotations.PropertyBinder - Building property id
2026-04-11 01:01:24.544 DEBUG [restartedMain] org.hibernate.cfg.BinderHelper - #makeIdGenerator(org.hibernate.mapping.SimpleValue([org.hibernate.mapping.Column(ID_GENERE)]), id, org.hibernate.id.enhanced.SequenceStyleGenerator, SEQ_GENERE, ...)
2026-04-11 01:01:24.544 DEBUG [restartedMain] org.hibernate.cfg.Ejb3Column - Binding column: Ejb3Column{table=org.hibernate.mapping.Table(GENERE), mappingColumn=null, insertable=true, updatable=true, unique=false}
2026-04-11 01:01:24.544 DEBUG [restartedMain] org.hibernate.cfg.Ejb3Column - Binding column: Ejb3Column{table=org.hibernate.mapping.Table(GENERE), mappingColumn=element, insertable=true, updatable=true, unique=false}
2026-04-11 01:01:24.544 DEBUG [restartedMain] org.hibernate.cfg.Ejb3Column - Binding column: Ejb3Column{table=org.hibernate.mapping.Table(GENERE), mappingColumn=fumetti_KEY, insertable=true, updatable=true, unique=false}
2026-04-11 01:01:24.544 DEBUG [restartedMain] org.hibernate.cfg.Ejb3Column - Binding column: Ejb3JoinColumn{logicalColumnName='fumetti_KEY', referencedColumn='null', mappedBy='null'}
2026-04-11 01:01:24.545 DEBUG [restartedMain] org.hibernate.cfg.Ejb3Column - Binding column: Ejb3JoinColumn{logicalColumnName='FK_GENERE', referencedColumn='', mappedBy=''}
2026-04-11 01:01:24.545 DEBUG [restartedMain] org.hibernate.cfg.Ejb3Column - Binding column: Ejb3JoinColumn{logicalColumnName='FK_FUMETTO', referencedColumn='', mappedBy=''}
2026-04-11 01:01:24.545 DEBUG [restartedMain] o.h.cfg.annotations.CollectionBinder - Collection role: com.dgsspa.comicverse.model.Genere.fumetti
2026-04-11 01:01:24.545 DEBUG [restartedMain] o.h.cfg.annotations.PropertyBinder - Building property fumetti
2026-04-11 01:01:24.545 DEBUG [restartedMain] org.hibernate.cfg.Ejb3Column - Binding column: Ejb3Column{table=org.hibernate.mapping.Table(GENERE), mappingColumn=nome, insertable=true, updatable=true, unique=false}
2026-04-11 01:01:24.545 DEBUG [restartedMain] o.h.cfg.annotations.PropertyBinder - MetadataSourceProcessor property nome with lazy=false
2026-04-11 01:01:24.545 DEBUG [restartedMain] o.h.cfg.AbstractPropertyHolder - Attempting to locate auto-apply AttributeConverter for property [com.dgsspa.comicverse.model.Genere:nome]
2026-04-11 01:01:24.545 DEBUG [restartedMain] o.h.c.annotations.SimpleValueBinder - building SimpleValue for nome
2026-04-11 01:01:24.545 DEBUG [restartedMain] o.h.cfg.annotations.PropertyBinder - Building property nome
2026-04-11 01:01:24.548 DEBUG [restartedMain] o.h.c.annotations.SimpleValueBinder - Starting fillSimpleValue for id
2026-04-11 01:01:24.548 DEBUG [restartedMain] o.h.c.annotations.SimpleValueBinder - Starting fillSimpleValue for dataPubblicazione
2026-04-11 01:01:24.548 DEBUG [restartedMain] o.h.c.annotations.SimpleValueBinder - Starting fillSimpleValue for descrizione
2026-04-11 01:01:24.548 DEBUG [restartedMain] o.h.c.annotations.SimpleValueBinder - Starting fillSimpleValue for editore
2026-04-11 01:01:24.548 DEBUG [restartedMain] o.h.c.annotations.SimpleValueBinder - Starting fillSimpleValue for titolo
2026-04-11 01:01:24.548 DEBUG [restartedMain] o.h.c.annotations.SimpleValueBinder - Starting fillSimpleValue for volume
2026-04-11 01:01:24.548 DEBUG [restartedMain] o.h.c.annotations.SimpleValueBinder - Starting fillSimpleValue for id
2026-04-11 01:01:24.548 DEBUG [restartedMain] o.h.c.annotations.SimpleValueBinder - Starting fillSimpleValue for nome
2026-04-11 01:01:24.555 DEBUG [restartedMain] org.hibernate.mapping.PrimaryKey - Forcing column [id_fumetto] to be non-null as it is part of the primary key for table [fumetto]
2026-04-11 01:01:24.555 DEBUG [restartedMain] org.hibernate.mapping.PrimaryKey - Forcing column [id_genere] to be non-null as it is part of the primary key for table [genere]
2026-04-11 01:01:24.556 DEBUG [restartedMain] o.hibernate.cfg.CollectionSecondPass - Second pass for collection: com.dgsspa.comicverse.model.Genere.fumetti
2026-04-11 01:01:24.556 DEBUG [restartedMain] o.h.cfg.annotations.CollectionBinder - Binding as ManyToMany: com.dgsspa.comicverse.model.Genere.fumetti
2026-04-11 01:01:24.570 DEBUG [restartedMain] o.hibernate.cfg.CollectionSecondPass - Mapped collection key: FK_GENERE, element: FK_FUMETTO
2026-04-11 01:01:24.571 DEBUG [restartedMain] o.hibernate.cfg.CollectionSecondPass - Second pass for collection: com.dgsspa.comicverse.model.Fumetto.generi
2026-04-11 01:01:24.571 DEBUG [restartedMain] o.h.cfg.annotations.CollectionBinder - Binding as ManyToMany: com.dgsspa.comicverse.model.Fumetto.generi
2026-04-11 01:01:24.573 DEBUG [restartedMain] o.h.cfg.annotations.TableBinder - Retrieving property com.dgsspa.comicverse.model.Genere.fumetti
2026-04-11 01:01:24.573 DEBUG [restartedMain] o.hibernate.cfg.CollectionSecondPass - Mapped collection key: FK_FUMETTO, element: FK_GENERE
2026-04-11 01:01:24.573 DEBUG [restartedMain] o.h.b.i.InFlightMetadataCollectorImpl - Resolving reference to class: com.dgsspa.comicverse.model.Fumetto
2026-04-11 01:01:24.577 DEBUG [restartedMain] o.h.b.i.InFlightMetadataCollectorImpl - Resolving reference to class: com.dgsspa.comicverse.model.Genere
2026-04-11 01:01:24.579 DEBUG [restartedMain] o.h.b.i.InFlightMetadataCollectorImpl - Resolving reference to class: com.dgsspa.comicverse.model.Fumetto
2026-04-11 01:01:24.579 DEBUG [restartedMain] o.h.b.i.InFlightMetadataCollectorImpl - Resolving reference to class: com.dgsspa.comicverse.model.Genere
2026-04-11 01:01:24.662 DEBUG [restartedMain] o.h.internal.SessionFactoryImpl - Building session factory
2026-04-11 01:01:24.664 DEBUG [restartedMain] org.hibernate.cfg.Settings - SessionFactory name : null
2026-04-11 01:01:24.664 DEBUG [restartedMain] org.hibernate.cfg.Settings - Automatic flush during beforeCompletion(): enabled
2026-04-11 01:01:24.664 DEBUG [restartedMain] org.hibernate.cfg.Settings - Automatic session close at end of transaction: disabled
2026-04-11 01:01:24.664 DEBUG [restartedMain] org.hibernate.cfg.Settings - Statistics: disabled
2026-04-11 01:01:24.664 DEBUG [restartedMain] org.hibernate.cfg.Settings - Deleted entity synthetic identifier rollback: disabled
2026-04-11 01:01:24.664 DEBUG [restartedMain] org.hibernate.cfg.Settings - Default entity-mode: pojo
2026-04-11 01:01:24.665 DEBUG [restartedMain] org.hibernate.cfg.Settings - Check Nullability in Core (should be disabled when Bean Validation is on): enabled
2026-04-11 01:01:24.665 DEBUG [restartedMain] org.hibernate.cfg.Settings - Allow initialization of lazy state outside session : disabled
2026-04-11 01:01:24.665 DEBUG [restartedMain] org.hibernate.cfg.Settings - Using BatchFetchStyle : LEGACY
2026-04-11 01:01:24.665 DEBUG [restartedMain] org.hibernate.cfg.Settings - Default batch fetch size: -1
2026-04-11 01:01:24.665 DEBUG [restartedMain] org.hibernate.cfg.Settings - Maximum outer join fetch depth: null
2026-04-11 01:01:24.665 DEBUG [restartedMain] org.hibernate.cfg.Settings - Default null ordering: NONE
2026-04-11 01:01:24.665 DEBUG [restartedMain] org.hibernate.cfg.Settings - Order SQL updates by primary key: disabled
2026-04-11 01:01:24.665 DEBUG [restartedMain] org.hibernate.cfg.Settings - Order SQL inserts for batching: disabled
2026-04-11 01:01:24.665 DEBUG [restartedMain] org.hibernate.cfg.Settings - multi-tenancy strategy : NONE
2026-04-11 01:01:24.665 DEBUG [restartedMain] org.hibernate.cfg.Settings - JTA Track by Thread: enabled
2026-04-11 01:01:24.666 DEBUG [restartedMain] org.hibernate.cfg.Settings - Query language substitutions: {}
2026-04-11 01:01:24.666 DEBUG [restartedMain] org.hibernate.cfg.Settings - Named query checking : enabled
2026-04-11 01:01:24.666 DEBUG [restartedMain] org.hibernate.cfg.Settings - Second-level cache: disabled
2026-04-11 01:01:24.666 DEBUG [restartedMain] org.hibernate.cfg.Settings - Second-level query cache: disabled
2026-04-11 01:01:24.666 DEBUG [restartedMain] org.hibernate.cfg.Settings - Second-level query cache factory: null
2026-04-11 01:01:24.666 DEBUG [restartedMain] org.hibernate.cfg.Settings - Second-level cache region prefix: null
2026-04-11 01:01:24.666 DEBUG [restartedMain] org.hibernate.cfg.Settings - Optimize second-level cache for minimal puts: disabled
2026-04-11 01:01:24.666 DEBUG [restartedMain] org.hibernate.cfg.Settings - Structured second-level cache entries: disabled
2026-04-11 01:01:24.666 DEBUG [restartedMain] org.hibernate.cfg.Settings - Second-level cache direct-reference entries: disabled
2026-04-11 01:01:24.666 DEBUG [restartedMain] org.hibernate.cfg.Settings - Automatic eviction of collection cache: disabled
2026-04-11 01:01:24.666 DEBUG [restartedMain] org.hibernate.cfg.Settings - JDBC batch size: 15
2026-04-11 01:01:24.666 DEBUG [restartedMain] org.hibernate.cfg.Settings - JDBC batch updates for versioned data: enabled
2026-04-11 01:01:24.666 DEBUG [restartedMain] org.hibernate.cfg.Settings - Scrollable result sets: enabled
2026-04-11 01:01:24.666 DEBUG [restartedMain] org.hibernate.cfg.Settings - Wrap result sets: disabled
2026-04-11 01:01:24.666 DEBUG [restartedMain] org.hibernate.cfg.Settings - JDBC3 getGeneratedKeys(): enabled
2026-04-11 01:01:24.666 DEBUG [restartedMain] org.hibernate.cfg.Settings - JDBC result set fetch size: null
2026-04-11 01:01:24.666 DEBUG [restartedMain] org.hibernate.cfg.Settings - Connection release mode: ON_CLOSE
2026-04-11 01:01:24.666 DEBUG [restartedMain] org.hibernate.cfg.Settings - Generate SQL with comments: disabled
2026-04-11 01:01:24.666 DEBUG [restartedMain] org.hibernate.cfg.Settings - JPA compliance - query : disabled
2026-04-11 01:01:24.666 DEBUG [restartedMain] org.hibernate.cfg.Settings - JPA compliance - closed-handling : disabled
2026-04-11 01:01:24.666 DEBUG [restartedMain] org.hibernate.cfg.Settings - JPA compliance - lists : disabled
2026-04-11 01:01:24.666 DEBUG [restartedMain] org.hibernate.cfg.Settings - JPA compliance - transactions : disabled
2026-04-11 01:01:24.779 DEBUG [restartedMain] o.h.s.i.SessionFactoryServiceRegistryImpl - EventListenerRegistry access via ServiceRegistry is deprecated.  Use `sessionFactory.getEventEngine().getListenerRegistry()` instead
2026-04-11 01:01:24.780 DEBUG [restartedMain] o.h.s.i.SessionFactoryServiceRegistryImpl - EventListenerRegistry access via ServiceRegistry is deprecated.  Use `sessionFactory.getEventEngine().getListenerRegistry()` instead
2026-04-11 01:01:24.808 DEBUG [restartedMain] o.h.internal.SessionFactoryImpl - Session factory constructed with filter configurations : {}
2026-04-11 01:01:24.809 DEBUG [restartedMain] o.h.internal.SessionFactoryImpl - Instantiating session factory with properties: {java.specification.version=17, sun.cpu.isalist=amd64, hibernate.resource.beans.container=org.springframework.orm.hibernate5.SpringBeanContainer@1471aca1, hibernate.connection.handling_mode=DELAYED_ACQUISITION_AND_HOLD, sun.jnu.encoding=Cp1252, hibernate.dialect=org.hibernate.dialect.Oracle12cDialect, java.class.path=C:\Users\alessio.deamicis\Documents\GitHub\comicVerse_dgsspa\comicVerse\BackEnd\comicverse\target\classes;C:\Users\alessio.deamicis\.m2\repository\org\springframework\boot\spring-boot-starter-web\2.7.18\spring-boot-starter-web-2.7.18.jar;C:\Users\alessio.deamicis\.m2\repository\org\springframework\boot\spring-boot-starter\2.7.18\spring-boot-starter-2.7.18.jar;C:\Users\alessio.deamicis\.m2\repository\org\springframework\boot\spring-boot-starter-logging\2.7.18\spring-boot-starter-logging-2.7.18.jar;C:\Users\alessio.deamicis\.m2\repository\ch\qos\logback\logback-classic\1.2.12\logback-classic-1.2.12.jar;C:\Users\alessio.deamicis\.m2\repository\ch\qos\logback\logback-core\1.2.12\logback-core-1.2.12.jar;C:\Users\alessio.deamicis\.m2\repository\org\apache\logging\log4j\log4j-to-slf4j\2.17.2\log4j-to-slf4j-2.17.2.jar;C:\Users\alessio.deamicis\.m2\repository\org\apache\logging\log4j\log4j-api\2.17.2\log4j-api-2.17.2.jar;C:\Users\alessio.deamicis\.m2\repository\org\slf4j\jul-to-slf4j\1.7.36\jul-to-slf4j-1.7.36.jar;C:\Users\alessio.deamicis\.m2\repository\jakarta\annotation\jakarta.annotation-api\1.3.5\jakarta.annotation-api-1.3.5.jar;C:\Users\alessio.deamicis\.m2\repository\org\yaml\snakeyaml\1.30\snakeyaml-1.30.jar;C:\Users\alessio.deamicis\.m2\repository\org\springframework\boot\spring-boot-starter-json\2.7.18\spring-boot-starter-json-2.7.18.jar;C:\Users\alessio.deamicis\.m2\repository\com\fasterxml\jackson\core\jackson-databind\2.13.5\jackson-databind-2.13.5.jar;C:\Users\alessio.deamicis\.m2\repository\com\fasterxml\jackson\core\jackson-annotations\2.13.5\jackson-annotations-2.13.5.jar;C:\Users\alessio.deamicis\.m2\repository\com\fasterxml\jackson\core\jackson-core\2.13.5\jackson-core-2.13.5.jar;C:\Users\alessio.deamicis\.m2\repository\com\fasterxml\jackson\datatype\jackson-datatype-jdk8\2.13.5\jackson-datatype-jdk8-2.13.5.jar;C:\Users\alessio.deamicis\.m2\repository\com\fasterxml\jackson\datatype\jackson-datatype-jsr310\2.13.5\jackson-datatype-jsr310-2.13.5.jar;C:\Users\alessio.deamicis\.m2\repository\com\fasterxml\jackson\module\jackson-module-parameter-names\2.13.5\jackson-module-parameter-names-2.13.5.jar;C:\Users\alessio.deamicis\.m2\repository\org\springframework\boot\spring-boot-starter-tomcat\2.7.18\spring-boot-starter-tomcat-2.7.18.jar;C:\Users\alessio.deamicis\.m2\repository\org\apache\tomcat\embed\tomcat-embed-core\9.0.83\tomcat-embed-core-9.0.83.jar;C:\Users\alessio.deamicis\.m2\repository\org\apache\tomcat\embed\tomcat-embed-websocket\9.0.83\tomcat-embed-websocket-9.0.83.jar;C:\Users\alessio.deamicis\.m2\repository\org\springframework\spring-web\5.3.31\spring-web-5.3.31.jar;C:\Users\alessio.deamicis\.m2\repository\org\springframework\spring-beans\5.3.31\spring-beans-5.3.31.jar;C:\Users\alessio.deamicis\.m2\repository\org\springframework\spring-webmvc\5.3.31\spring-webmvc-5.3.31.jar;C:\Users\alessio.deamicis\.m2\repository\org\springframework\spring-aop\5.3.31\spring-aop-5.3.31.jar;C:\Users\alessio.deamicis\.m2\repository\org\springframework\spring-context\5.3.31\spring-context-5.3.31.jar;C:\Users\alessio.deamicis\.m2\repository\org\springframework\spring-expression\5.3.31\spring-expression-5.3.31.jar;C:\Users\alessio.deamicis\.m2\repository\org\springframework\boot\spring-boot-starter-data-jpa\2.7.18\spring-boot-starter-data-jpa-2.7.18.jar;C:\Users\alessio.deamicis\.m2\repository\org\springframework\boot\spring-boot-starter-aop\2.7.18\spring-boot-starter-aop-2.7.18.jar;C:\Users\alessio.deamicis\.m2\repository\org\aspectj\aspectjweaver\1.9.7\aspectjweaver-1.9.7.jar;C:\Users\alessio.deamicis\.m2\repository\org\springframework\boot\spring-boot-starter-jdbc\2.7.18\spring-boot-starter-jdbc-2.7.18.jar;C:\Users\alessio.deamicis\.m2\repository\com\zaxxer\HikariCP\4.0.3\HikariCP-4.0.3.jar;C:\Users\alessio.deamicis\.m2\repository\org\springframework\spring-jdbc\5.3.31\spring-jdbc-5.3.31.jar;C:\Users\alessio.deamicis\.m2\repository\jakarta\transaction\jakarta.transaction-api\1.3.3\jakarta.transaction-api-1.3.3.jar;C:\Users\alessio.deamicis\.m2\repository\jakarta\persistence\jakarta.persistence-api\2.2.3\jakarta.persistence-api-2.2.3.jar;C:\Users\alessio.deamicis\.m2\repository\org\hibernate\hibernate-core\5.6.15.Final\hibernate-core-5.6.15.Final.jar;C:\Users\alessio.deamicis\.m2\repository\org\jboss\logging\jboss-logging\3.4.3.Final\jboss-logging-3.4.3.Final.jar;C:\Users\alessio.deamicis\.m2\repository\net\bytebuddy\byte-buddy\1.12.23\byte-buddy-1.12.23.jar;C:\Users\alessio.deamicis\.m2\repository\antlr\antlr\2.7.7\antlr-2.7.7.jar;C:\Users\alessio.deamicis\.m2\repository\org\jboss\jandex\2.4.2.Final\jandex-2.4.2.Final.jar;C:\Users\alessio.deamicis\.m2\repository\com\fasterxml\classmate\1.5.1\classmate-1.5.1.jar;C:\Users\alessio.deamicis\.m2\repository\org\hibernate\common\hibernate-commons-annotations\5.1.2.Final\hibernate-commons-annotations-5.1.2.Final.jar;C:\Users\alessio.deamicis\.m2\repository\org\glassfish\jaxb\jaxb-runtime\2.3.9\jaxb-runtime-2.3.9.jar;C:\Users\alessio.deamicis\.m2\repository\org\glassfish\jaxb\txw2\2.3.9\txw2-2.3.9.jar;C:\Users\alessio.deamicis\.m2\repository\com\sun\istack\istack-commons-runtime\3.0.12\istack-commons-runtime-3.0.12.jar;C:\Users\alessio.deamicis\.m2\repository\com\sun\activation\jakarta.activation\1.2.2\jakarta.activation-1.2.2.jar;C:\Users\alessio.deamicis\.m2\repository\org\springframework\data\spring-data-jpa\2.7.18\spring-data-jpa-2.7.18.jar;C:\Users\alessio.deamicis\.m2\repository\org\springframework\data\spring-data-commons\2.7.18\spring-data-commons-2.7.18.jar;C:\Users\alessio.deamicis\.m2\repository\org\springframework\spring-orm\5.3.31\spring-orm-5.3.31.jar;C:\Users\alessio.deamicis\.m2\repository\org\springframework\spring-tx\5.3.31\spring-tx-5.3.31.jar;C:\Users\alessio.deamicis\.m2\repository\org\slf4j\slf4j-api\1.7.36\slf4j-api-1.7.36.jar;C:\Users\alessio.deamicis\.m2\repository\org\springframework\spring-aspects\5.3.31\spring-aspects-5.3.31.jar;C:\Users\alessio.deamicis\.m2\repository\org\springframework\boot\spring-boot-starter-validation\2.7.18\spring-boot-starter-validation-2.7.18.jar;C:\Users\alessio.deamicis\.m2\repository\org\apache\tomcat\embed\tomcat-embed-el\9.0.83\tomcat-embed-el-9.0.83.jar;C:\Users\alessio.deamicis\.m2\repository\org\hibernate\validator\hibernate-validator\6.2.5.Final\hibernate-validator-6.2.5.Final.jar;C:\Users\alessio.deamicis\.m2\repository\jakarta\validation\jakarta.validation-api\2.0.2\jakarta.validation-api-2.0.2.jar;C:\Users\alessio.deamicis\.m2\repository\org\springframework\boot\spring-boot-starter-actuator\2.7.18\spring-boot-starter-actuator-2.7.18.jar;C:\Users\alessio.deamicis\.m2\repository\org\springframework\boot\spring-boot-actuator-autoconfigure\2.7.18\spring-boot-actuator-autoconfigure-2.7.18.jar;C:\Users\alessio.deamicis\.m2\repository\org\springframework\boot\spring-boot-actuator\2.7.18\spring-boot-actuator-2.7.18.jar;C:\Users\alessio.deamicis\.m2\repository\io\micrometer\micrometer-core\1.9.17\micrometer-core-1.9.17.jar;C:\Users\alessio.deamicis\.m2\repository\org\hdrhistogram\HdrHistogram\2.1.12\HdrHistogram-2.1.12.jar;C:\Users\alessio.deamicis\.m2\repository\org\latencyutils\LatencyUtils\2.0.3\LatencyUtils-2.0.3.jar;C:\Users\alessio.deamicis\.m2\repository\com\oracle\database\jdbc\ojdbc8\21.5.0.0\ojdbc8-21.5.0.0.jar;C:\Users\alessio.deamicis\.m2\repository\org\mapstruct\mapstruct\1.5.5.Final\mapstruct-1.5.5.Final.jar;C:\Users\alessio.deamicis\.m2\repository\org\springframework\boot\spring-boot-devtools\2.7.18\spring-boot-devtools-2.7.18.jar;C:\Users\alessio.deamicis\.m2\repository\org\springframework\boot\spring-boot\2.7.18\spring-boot-2.7.18.jar;C:\Users\alessio.deamicis\.m2\repository\org\springframework\boot\spring-boot-autoconfigure\2.7.18\spring-boot-autoconfigure-2.7.18.jar;C:\Users\alessio.deamicis\.m2\repository\jakarta\xml\bind\jakarta.xml.bind-api\2.3.3\jakarta.xml.bind-api-2.3.3.jar;C:\Users\alessio.deamicis\.m2\repository\jakarta\activation\jakarta.activation-api\1.2.2\jakarta.activation-api-1.2.2.jar;C:\Users\alessio.deamicis\.m2\repository\org\springframework\spring-core\5.3.31\spring-core-5.3.31.jar;C:\Users\alessio.deamicis\.m2\repository\org\springframework\spring-jcl\5.3.31\spring-jcl-5.3.31.jar, java.vm.vendor=Oracle Corporation, sun.arch.data.model=64, user.variant=, java.vendor.url=https://java.oracle.com/, catalina.useNaming=false, user.timezone=Europe/Rome, java.vm.specification.version=17, os.name=Windows 11, sun.java.launcher=SUN_STANDARD, user.country=IT, sun.boot.library.path=C:\Program Files\Java\jdk-17\bin, sun.java.command=com.dgsspa.comicverse.ComicverseApplication, jdk.debug=release, sun.cpu.endian=little, user.home=C:\Users\alessio.deamicis, user.language=it, java.specification.vendor=Oracle Corporation, java.version.date=2024-07-16, java.home=C:\Program Files\Java\jdk-17, file.separator=\, java.vm.compressedOopsMode=Zero based, line.separator=
, java.vm.specification.vendor=Oracle Corporation, java.specification.name=Java Platform API Specification, FILE_LOG_CHARSET=UTF-8, java.awt.headless=true, hibernate.hbm2ddl.auto=validate, user.script=, sun.management.compiler=HotSpot 64-Bit Tiered Compilers, java.runtime.version=17.0.12+8-LTS-286, user.name=alessio.deamicis, path.separator=;, os.version=10.0, java.runtime.name=Java(TM) SE Runtime Environment, file.encoding=UTF-8, spring.beaninfo.ignore=true, java.vm.name=Java HotSpot(TM) 64-Bit Server VM, hibernate.show_sql=true, hibernate.classLoaders=[org.springframework.boot.devtools.restart.classloader.RestartClassLoader@152d0b74], hibernate.current_session_context_class=org.springframework.orm.hibernate5.SpringSessionContext, LOG_FILE=C:\Users\alessio.deamicis/comicverse-logs/dev/comicverse-dev.log, java.vendor.url.bug=https://bugreport.java.com/bugreport/, java.io.tmpdir=C:\Users\ALESSI~1.DEA\AppData\Local\Temp\, catalina.home=C:\Users\alessio.deamicis\AppData\Local\Temp\tomcat.8080.2558446586014047197, java.version=17.0.12, user.dir=C:\Users\alessio.deamicis\Documents\GitHub\comicVerse_dgsspa, os.arch=amd64, java.vm.specification.name=Java Virtual Machine Specification, PID=22968, sun.os.patch.level=, CONSOLE_LOG_CHARSET=UTF-8, catalina.base=C:\Users\alessio.deamicis\AppData\Local\Temp\tomcat.8080.2558446586014047197, hibernate.boot.CfgXmlAccessService.key=org.hibernate.boot.cfgxml.spi.LoadedConfig@46d59391, native.encoding=Cp1252, java.library.path=C:\Program Files\Java\jdk-17\bin;C:\WINDOWS\Sun\Java\bin;C:\WINDOWS\system32;C:\WINDOWS;C:\Program Files\Common Files\Oracle\Java\javapath;C:\WINDOWS\system32;C:\WINDOWS;C:\WINDOWS\System32\Wbem;C:\WINDOWS\System32\WindowsPowerShell\v1.0\;C:\WINDOWS\System32\OpenSSH\;C:\Program Files\Docker\Docker\resources\bin;C:\Program Files\nodejs\;C:\Users\alessio.deamicis\apache-maven-3.9.11\bin;C:\Users\alessio.deamicis\AppData\Local\Microsoft\WindowsApps;C:\Users\alessio.deamicis\AppData\Local\Programs\Microsoft VS Code\bin;C:\Users\alessio.deamicis\AppData\Local\GitHubDesktop\bin;C:\Users\alessio.deamicis\AppData\Roaming\npm;C:\Users\alessio.deamicis\AppData\Local\Programs\Git\cmd;., java.vendor=Oracle Corporation, java.vm.info=mixed mode, sharing, java.vm.version=17.0.12+8-LTS-286, hibernate.bytecode.use_reflection_optimizer=false, sun.io.unicode.encoding=UnicodeLittle, hibernate.connection.datasource=org.springframework.jdbc.datasource.DriverManagerDataSource@1ca1b4ac, java.class.version=61.0}
2026-04-11 01:01:24.839 DEBUG [restartedMain] o.h.v.i.x.config.ValidationXmlParser - Trying to load META-INF/validation.xml for XML based Validator configuration.
2026-04-11 01:01:24.839 DEBUG [restartedMain] o.h.v.i.x.c.ResourceLoaderHelper - Trying to load META-INF/validation.xml via TCCL
2026-04-11 01:01:24.839 DEBUG [restartedMain] o.h.v.i.x.c.ResourceLoaderHelper - Trying to load META-INF/validation.xml via Hibernate Validator's class loader
2026-04-11 01:01:24.839 DEBUG [restartedMain] o.h.v.i.x.config.ValidationXmlParser - No META-INF/validation.xml found. Using annotation based configuration only.
2026-04-11 01:01:24.839 DEBUG [restartedMain] o.h.v.i.e.r.TraversableResolvers - Found javax.persistence.Persistence on classpath containing 'getPersistenceUtil'. Assuming JPA 2 environment. Trying to instantiate JPA aware TraversableResolver
2026-04-11 01:01:24.841 DEBUG [restartedMain] o.h.v.i.e.r.TraversableResolvers - Instantiated JPA aware TraversableResolver of type org.hibernate.validator.internal.engine.resolver.JPATraversableResolver.
2026-04-11 01:01:24.841 DEBUG [restartedMain] o.h.v.m.ResourceBundleMessageInterpolator - Loaded expression factory via original TCCL
2026-04-11 01:01:24.842 DEBUG [restartedMain] o.h.v.i.e.ValidatorFactoryConfigurationHelper - HV000252: Using org.hibernate.validator.internal.engine.DefaultPropertyNodeNameProvider as property node name provider.
2026-04-11 01:01:24.842 DEBUG [restartedMain] o.h.v.i.e.ValidatorFactoryConfigurationHelper - HV000234: Using org.hibernate.validator.messageinterpolation.ResourceBundleMessageInterpolator as ValidatorFactory-scoped message interpolator.
2026-04-11 01:01:24.842 DEBUG [restartedMain] o.h.v.i.e.ValidatorFactoryConfigurationHelper - HV000234: Using org.hibernate.validator.internal.engine.resolver.JPATraversableResolver as ValidatorFactory-scoped traversable resolver.
2026-04-11 01:01:24.844 DEBUG [restartedMain] o.h.v.i.e.ValidatorFactoryConfigurationHelper - HV000234: Using org.hibernate.validator.internal.util.ExecutableParameterNameProvider as ValidatorFactory-scoped parameter name provider.
2026-04-11 01:01:24.844 DEBUG [restartedMain] o.h.v.i.e.ValidatorFactoryConfigurationHelper - HV000234: Using org.hibernate.validator.internal.engine.DefaultClockProvider as ValidatorFactory-scoped clock provider.
2026-04-11 01:01:24.844 DEBUG [restartedMain] o.h.v.i.e.ValidatorFactoryConfigurationHelper - HV000234: Using org.hibernate.validator.internal.engine.scripting.DefaultScriptEvaluatorFactory as ValidatorFactory-scoped script evaluator factory.
2026-04-11 01:01:24.847 DEBUG [restartedMain] o.h.b.internal.ClassLoaderAccessImpl - Not known whether passed class name [com.dgsspa.comicverse.model.Fumetto] is safe
2026-04-11 01:01:24.847 DEBUG [restartedMain] o.h.b.internal.ClassLoaderAccessImpl - No temp ClassLoader provided; using live ClassLoader for loading potentially unsafe class : com.dgsspa.comicverse.model.Fumetto
2026-04-11 01:01:24.895 DEBUG [restartedMain] o.h.b.internal.ClassLoaderAccessImpl - Not known whether passed class name [com.dgsspa.comicverse.model.Genere] is safe
2026-04-11 01:01:24.897 DEBUG [restartedMain] o.h.b.internal.ClassLoaderAccessImpl - No temp ClassLoader provided; using live ClassLoader for loading potentially unsafe class : com.dgsspa.comicverse.model.Genere
2026-04-11 01:01:24.903 DEBUG [restartedMain] o.h.s.i.SessionFactoryServiceRegistryImpl - EventListenerRegistry access via ServiceRegistry is deprecated.  Use `sessionFactory.getEventEngine().getListenerRegistry()` instead
2026-04-11 01:01:24.905 DEBUG [restartedMain] o.h.secure.spi.JaccIntegrator - Skipping JACC integration as it was not enabled
2026-04-11 01:01:24.906 DEBUG [restartedMain] o.h.internal.SessionFactoryImpl - Instantiated session factory
2026-04-11 01:01:24.907 DEBUG [restartedMain] o.h.type.spi.TypeConfiguration$Scope - Scoping TypeConfiguration [org.hibernate.type.spi.TypeConfiguration@5154a695] to SessionFactoryImpl [org.hibernate.internal.SessionFactoryImpl@7393a031]
2026-04-11 01:01:25.036 DEBUG [restartedMain] o.h.b.internal.ClassLoaderAccessImpl - Not known whether passed class name [com.dgsspa.comicverse.model.Fumetto] is safe
2026-04-11 01:01:25.036 DEBUG [restartedMain] o.h.b.internal.ClassLoaderAccessImpl - No temp ClassLoader provided; using live ClassLoader for loading potentially unsafe class : com.dgsspa.comicverse.model.Fumetto
2026-04-11 01:01:25.384 DEBUG [restartedMain] o.h.b.internal.ClassLoaderAccessImpl - Not known whether passed class name [com.dgsspa.comicverse.model.Genere] is safe
2026-04-11 01:01:25.384 DEBUG [restartedMain] o.h.b.internal.ClassLoaderAccessImpl - No temp ClassLoader provided; using live ClassLoader for loading potentially unsafe class : com.dgsspa.comicverse.model.Genere
2026-04-11 01:01:25.412 DEBUG [restartedMain] o.h.p.c.AbstractCollectionPersister - Static SQL for collection: com.dgsspa.comicverse.model.Fumetto.generi
2026-04-11 01:01:25.412 DEBUG [restartedMain] o.h.p.c.AbstractCollectionPersister -  Row insert: insert into GENERE_FUMETTO (FK_FUMETTO, FK_GENERE) values (?, ?)
2026-04-11 01:01:25.412 DEBUG [restartedMain] o.h.p.c.AbstractCollectionPersister -  Row update: update GENERE_FUMETTO set FK_GENERE=? where FK_FUMETTO=? and FK_GENERE=?
2026-04-11 01:01:25.412 DEBUG [restartedMain] o.h.p.c.AbstractCollectionPersister -  Row delete: delete from GENERE_FUMETTO where FK_FUMETTO=? and FK_GENERE=?
2026-04-11 01:01:25.412 DEBUG [restartedMain] o.h.p.c.AbstractCollectionPersister -  One-shot delete: delete from GENERE_FUMETTO where FK_FUMETTO=?
2026-04-11 01:01:25.412 DEBUG [restartedMain] o.h.p.c.AbstractCollectionPersister - Static SQL for collection: com.dgsspa.comicverse.model.Genere.fumetti
2026-04-11 01:01:25.412 DEBUG [restartedMain] o.h.p.c.AbstractCollectionPersister -  Row insert: insert into GENERE_FUMETTO (FK_GENERE, FK_FUMETTO) values (?, ?)
2026-04-11 01:01:25.412 DEBUG [restartedMain] o.h.p.c.AbstractCollectionPersister -  Row update: update GENERE_FUMETTO set FK_FUMETTO=? where FK_GENERE=? and FK_FUMETTO=?
2026-04-11 01:01:25.412 DEBUG [restartedMain] o.h.p.c.AbstractCollectionPersister -  Row delete: delete from GENERE_FUMETTO where FK_GENERE=? and FK_FUMETTO=?
2026-04-11 01:01:25.414 DEBUG [restartedMain] o.h.p.c.AbstractCollectionPersister -  One-shot delete: delete from GENERE_FUMETTO where FK_GENERE=?
2026-04-11 01:01:25.415 DEBUG [restartedMain] o.h.p.entity.AbstractEntityPersister - Static SQL for entity: com.dgsspa.comicverse.model.Fumetto
2026-04-11 01:01:25.415 DEBUG [restartedMain] o.h.p.entity.AbstractEntityPersister -  Version select: select ID_FUMETTO from FUMETTO where ID_FUMETTO =?
2026-04-11 01:01:25.415 DEBUG [restartedMain] o.h.p.entity.AbstractEntityPersister -  Snapshot select: select fumetto_.ID_FUMETTO, fumetto_.DATA_PUBBLICAZIONE as data_pubblicazione2_0_, fumetto_.descrizione as descrizione3_0_, fumetto_.editore as editore4_0_, fumetto_.titolo as titolo5_0_, fumetto_.volume as volume6_0_ from FUMETTO fumetto_ where fumetto_.ID_FUMETTO=?
2026-04-11 01:01:25.415 DEBUG [restartedMain] o.h.p.entity.AbstractEntityPersister -  Insert 0: insert into FUMETTO (DATA_PUBBLICAZIONE, descrizione, editore, titolo, volume, ID_FUMETTO) values (?, ?, ?, ?, ?, ?)
2026-04-11 01:01:25.415 DEBUG [restartedMain] o.h.p.entity.AbstractEntityPersister -  Update 0: update FUMETTO set DATA_PUBBLICAZIONE=?, descrizione=?, editore=?, titolo=?, volume=? where ID_FUMETTO=?
2026-04-11 01:01:25.415 DEBUG [restartedMain] o.h.p.entity.AbstractEntityPersister -  Delete 0: delete from FUMETTO where ID_FUMETTO=?
2026-04-11 01:01:25.466 DEBUG [restartedMain] o.h.l.p.b.i.spaces.QuerySpacesImpl - Adding QuerySpace : uid = <gen:0> -> org.hibernate.loader.plan.build.internal.spaces.EntityQuerySpaceImpl@69669637]
2026-04-11 01:01:25.469 DEBUG [restartedMain] o.h.p.w.spi.MetamodelGraphWalker - Visiting attribute path : dataPubblicazione
2026-04-11 01:01:25.471 DEBUG [restartedMain] o.h.p.w.spi.MetamodelGraphWalker - Visiting attribute path : descrizione
2026-04-11 01:01:25.471 DEBUG [restartedMain] o.h.p.w.spi.MetamodelGraphWalker - Visiting attribute path : editore
2026-04-11 01:01:25.471 DEBUG [restartedMain] o.h.p.w.spi.MetamodelGraphWalker - Visiting attribute path : generi
2026-04-11 01:01:25.479 DEBUG [restartedMain] o.h.l.p.b.i.spaces.QuerySpacesImpl - Adding QuerySpace : uid = <gen:1> -> org.hibernate.loader.plan.build.internal.spaces.CollectionQuerySpaceImpl@44c0d200]
2026-04-11 01:01:25.481 DEBUG [restartedMain] o.h.l.p.b.i.spaces.QuerySpacesImpl - Adding QuerySpace : uid = <gen:2> -> org.hibernate.loader.plan.build.internal.spaces.EntityQuerySpaceImpl@37c7763e]
2026-04-11 01:01:25.481 DEBUG [restartedMain] o.h.p.w.spi.MetamodelGraphWalker - Visiting attribute path : titolo
2026-04-11 01:01:25.481 DEBUG [restartedMain] o.h.p.w.spi.MetamodelGraphWalker - Visiting attribute path : volume
2026-04-11 01:01:25.481 DEBUG [restartedMain] o.h.l.p.b.i.FetchStyleLoadPlanBuildingAssociationVisitationStrategy - Building LoadPlan...
2026-04-11 01:01:25.500 DEBUG [restartedMain] o.h.l.p.e.i.LoadQueryJoinAndFetchProcessor - processing queryspace <gen:0>
2026-04-11 01:01:25.508 DEBUG [restartedMain] o.h.l.p.b.spi.LoadPlanTreePrinter - LoadPlan(entity=com.dgsspa.comicverse.model.Fumetto)
    - Returns
       - EntityReturnImpl(entity=com.dgsspa.comicverse.model.Fumetto, querySpaceUid=<gen:0>, path=com.dgsspa.comicverse.model.Fumetto)
          - CollectionAttributeFetchImpl(collection=com.dgsspa.comicverse.model.Fumetto.generi, querySpaceUid=<gen:1>, path=com.dgsspa.comicverse.model.Fumetto.generi)
             - (collection element) CollectionFetchableElementEntityGraph(entity=com.dgsspa.comicverse.model.Genere, querySpaceUid=<gen:2>, path=com.dgsspa.comicverse.model.Fumetto.generi.<elements>)
    - QuerySpaces
       - EntityQuerySpaceImpl(uid=<gen:0>, entity=com.dgsspa.comicverse.model.Fumetto)
          - SQL table alias mapping - fumetto0_
          - alias suffix - 0_
          - suffixed key columns - {id_fumetto1_0_0_}

2026-04-11 01:01:25.511 DEBUG [restartedMain] o.h.loader.entity.plan.EntityLoader - Static select for entity com.dgsspa.comicverse.model.Fumetto [NONE]: select fumetto0_.ID_FUMETTO as id_fumetto1_0_0_, fumetto0_.DATA_PUBBLICAZIONE as data_pubblicazione2_0_0_, fumetto0_.descrizione as descrizione3_0_0_, fumetto0_.editore as editore4_0_0_, fumetto0_.titolo as titolo5_0_0_, fumetto0_.volume as volume6_0_0_ from FUMETTO fumetto0_ where fumetto0_.ID_FUMETTO=?
2026-04-11 01:01:25.512 DEBUG [restartedMain] o.h.p.entity.AbstractEntityPersister - Static SQL for entity: com.dgsspa.comicverse.model.Genere
2026-04-11 01:01:25.512 DEBUG [restartedMain] o.h.p.entity.AbstractEntityPersister -  Version select: select ID_GENERE from GENERE where ID_GENERE =?
2026-04-11 01:01:25.512 DEBUG [restartedMain] o.h.p.entity.AbstractEntityPersister -  Snapshot select: select genere_.ID_GENERE, genere_.nome as nome2_1_ from GENERE genere_ where genere_.ID_GENERE=?
2026-04-11 01:01:25.512 DEBUG [restartedMain] o.h.p.entity.AbstractEntityPersister -  Insert 0: insert into GENERE (nome, ID_GENERE) values (?, ?)
2026-04-11 01:01:25.512 DEBUG [restartedMain] o.h.p.entity.AbstractEntityPersister -  Update 0: update GENERE set nome=? where ID_GENERE=?
2026-04-11 01:01:25.512 DEBUG [restartedMain] o.h.p.entity.AbstractEntityPersister -  Delete 0: delete from GENERE where ID_GENERE=?
2026-04-11 01:01:25.512 DEBUG [restartedMain] o.h.l.p.b.i.spaces.QuerySpacesImpl - Adding QuerySpace : uid = <gen:0> -> org.hibernate.loader.plan.build.internal.spaces.EntityQuerySpaceImpl@7ccf9680]
2026-04-11 01:01:25.512 DEBUG [restartedMain] o.h.p.w.spi.MetamodelGraphWalker - Visiting attribute path : fumetti
2026-04-11 01:01:25.512 DEBUG [restartedMain] o.h.l.p.b.i.spaces.QuerySpacesImpl - Adding QuerySpace : uid = <gen:1> -> org.hibernate.loader.plan.build.internal.spaces.CollectionQuerySpaceImpl@4c34700e]
2026-04-11 01:01:25.512 DEBUG [restartedMain] o.h.l.p.b.i.spaces.QuerySpacesImpl - Adding QuerySpace : uid = <gen:2> -> org.hibernate.loader.plan.build.internal.spaces.EntityQuerySpaceImpl@36c25af1]
2026-04-11 01:01:25.512 DEBUG [restartedMain] o.h.p.w.spi.MetamodelGraphWalker - Visiting attribute path : nome
2026-04-11 01:01:25.512 DEBUG [restartedMain] o.h.l.p.b.i.FetchStyleLoadPlanBuildingAssociationVisitationStrategy - Building LoadPlan...
2026-04-11 01:01:25.512 DEBUG [restartedMain] o.h.l.p.e.i.LoadQueryJoinAndFetchProcessor - processing queryspace <gen:0>
2026-04-11 01:01:25.512 DEBUG [restartedMain] o.h.l.p.b.spi.LoadPlanTreePrinter - LoadPlan(entity=com.dgsspa.comicverse.model.Genere)
    - Returns
       - EntityReturnImpl(entity=com.dgsspa.comicverse.model.Genere, querySpaceUid=<gen:0>, path=com.dgsspa.comicverse.model.Genere)
          - CollectionAttributeFetchImpl(collection=com.dgsspa.comicverse.model.Genere.fumetti, querySpaceUid=<gen:1>, path=com.dgsspa.comicverse.model.Genere.fumetti)
             - (collection element) CollectionFetchableElementEntityGraph(entity=com.dgsspa.comicverse.model.Fumetto, querySpaceUid=<gen:2>, path=com.dgsspa.comicverse.model.Genere.fumetti.<elements>)
    - QuerySpaces
       - EntityQuerySpaceImpl(uid=<gen:0>, entity=com.dgsspa.comicverse.model.Genere)
          - SQL table alias mapping - genere0_
          - alias suffix - 0_
          - suffixed key columns - {id_genere1_1_0_}

2026-04-11 01:01:25.512 DEBUG [restartedMain] o.h.loader.entity.plan.EntityLoader - Static select for entity com.dgsspa.comicverse.model.Genere [NONE]: select genere0_.ID_GENERE as id_genere1_1_0_, genere0_.nome as nome2_1_0_ from GENERE genere0_ where genere0_.ID_GENERE=?
2026-04-11 01:01:25.521 DEBUG [restartedMain] o.h.l.p.b.i.spaces.QuerySpacesImpl - Adding QuerySpace : uid = <gen:0> -> org.hibernate.loader.plan.build.internal.spaces.CollectionQuerySpaceImpl@7583a2b3]
2026-04-11 01:01:25.521 DEBUG [restartedMain] o.h.l.p.b.i.spaces.QuerySpacesImpl - Adding QuerySpace : uid = <gen:1> -> org.hibernate.loader.plan.build.internal.spaces.EntityQuerySpaceImpl@15663084]
2026-04-11 01:01:25.523 DEBUG [restartedMain] o.h.p.w.spi.MetamodelGraphWalker - Visiting attribute path : fumetti
2026-04-11 01:01:25.523 DEBUG [restartedMain] o.h.p.w.spi.MetamodelGraphWalker - Property path deemed to be circular : fumetti
2026-04-11 01:01:25.523 DEBUG [restartedMain] o.h.p.w.spi.MetamodelGraphWalker - Visiting attribute path : nome
2026-04-11 01:01:25.523 DEBUG [restartedMain] o.h.l.p.b.i.FetchStyleLoadPlanBuildingAssociationVisitationStrategy - Building LoadPlan...
2026-04-11 01:01:25.527 DEBUG [restartedMain] o.h.l.p.e.i.LoadQueryJoinAndFetchProcessor - processing queryspace <gen:0>
2026-04-11 01:01:25.528 DEBUG [restartedMain] o.h.l.p.b.spi.LoadPlanTreePrinter - LoadPlan(collection=com.dgsspa.comicverse.model.Fumetto.generi)
    - Returns
       - CollectionReturnImpl(collection=com.dgsspa.comicverse.model.Fumetto.generi, querySpaceUid=<gen:0>, path=[com.dgsspa.comicverse.model.Fumetto.generi])
          - (collection element) CollectionFetchableElementEntityGraph(entity=com.dgsspa.comicverse.model.Genere, querySpaceUid=<gen:1>, path=[com.dgsspa.comicverse.model.Fumetto.generi].<elements>)
    - QuerySpaces
       - CollectionQuerySpaceImpl(uid=<gen:0>, collection=com.dgsspa.comicverse.model.Fumetto.generi)
          - SQL table alias mapping - generi0_
          - alias suffix - 0_
          - suffixed key columns - {fk_fumetto2_2_0_}
          - entity-element alias suffix - 1_
          - 1_entity-element suffixed key columns - id_genere1_1_1_
          - JOIN (JoinDefinedByMetadata(elements)) : <gen:0> -> <gen:1>
             - EntityQuerySpaceImpl(uid=<gen:1>, entity=com.dgsspa.comicverse.model.Genere)
                - SQL table alias mapping - genere1_
                - alias suffix - 1_
                - suffixed key columns - {id_genere1_1_1_}

2026-04-11 01:01:25.528 DEBUG [restartedMain] o.h.l.c.plan.CollectionLoader - Static select for collection com.dgsspa.comicverse.model.Fumetto.generi: select generi0_.FK_FUMETTO as fk_fumetto2_2_0_, generi0_.FK_GENERE as fk_genere1_2_0_, genere1_.ID_GENERE as id_genere1_1_1_, genere1_.nome as nome2_1_1_ from GENERE_FUMETTO generi0_ inner join GENERE genere1_ on generi0_.FK_GENERE=genere1_.ID_GENERE where generi0_.FK_FUMETTO=?
2026-04-11 01:01:25.528 DEBUG [restartedMain] o.h.l.p.b.i.spaces.QuerySpacesImpl - Adding QuerySpace : uid = <gen:0> -> org.hibernate.loader.plan.build.internal.spaces.CollectionQuerySpaceImpl@3db49b39]
2026-04-11 01:01:25.528 DEBUG [restartedMain] o.h.l.p.b.i.spaces.QuerySpacesImpl - Adding QuerySpace : uid = <gen:1> -> org.hibernate.loader.plan.build.internal.spaces.EntityQuerySpaceImpl@db1e0a0]
2026-04-11 01:01:25.528 DEBUG [restartedMain] o.h.p.w.spi.MetamodelGraphWalker - Visiting attribute path : dataPubblicazione
2026-04-11 01:01:25.528 DEBUG [restartedMain] o.h.p.w.spi.MetamodelGraphWalker - Visiting attribute path : descrizione
2026-04-11 01:01:25.528 DEBUG [restartedMain] o.h.p.w.spi.MetamodelGraphWalker - Visiting attribute path : editore
2026-04-11 01:01:25.528 DEBUG [restartedMain] o.h.p.w.spi.MetamodelGraphWalker - Visiting attribute path : generi
2026-04-11 01:01:25.528 DEBUG [restartedMain] o.h.p.w.spi.MetamodelGraphWalker - Property path deemed to be circular : generi
2026-04-11 01:01:25.528 DEBUG [restartedMain] o.h.p.w.spi.MetamodelGraphWalker - Visiting attribute path : titolo
2026-04-11 01:01:25.528 DEBUG [restartedMain] o.h.p.w.spi.MetamodelGraphWalker - Visiting attribute path : volume
2026-04-11 01:01:25.530 DEBUG [restartedMain] o.h.l.p.b.i.FetchStyleLoadPlanBuildingAssociationVisitationStrategy - Building LoadPlan...
2026-04-11 01:01:25.530 DEBUG [restartedMain] o.h.l.p.e.i.LoadQueryJoinAndFetchProcessor - processing queryspace <gen:0>
2026-04-11 01:01:25.530 DEBUG [restartedMain] o.h.l.p.b.spi.LoadPlanTreePrinter - LoadPlan(collection=com.dgsspa.comicverse.model.Genere.fumetti)
    - Returns
       - CollectionReturnImpl(collection=com.dgsspa.comicverse.model.Genere.fumetti, querySpaceUid=<gen:0>, path=[com.dgsspa.comicverse.model.Genere.fumetti])
          - (collection element) CollectionFetchableElementEntityGraph(entity=com.dgsspa.comicverse.model.Fumetto, querySpaceUid=<gen:1>, path=[com.dgsspa.comicverse.model.Genere.fumetti].<elements>)
    - QuerySpaces
       - CollectionQuerySpaceImpl(uid=<gen:0>, collection=com.dgsspa.comicverse.model.Genere.fumetti)
          - SQL table alias mapping - fumetti0_
          - alias suffix - 0_
          - suffixed key columns - {fk_genere1_2_0_}
          - entity-element alias suffix - 1_
          - 1_entity-element suffixed key columns - id_fumetto1_0_1_
          - JOIN (JoinDefinedByMetadata(elements)) : <gen:0> -> <gen:1>
             - EntityQuerySpaceImpl(uid=<gen:1>, entity=com.dgsspa.comicverse.model.Fumetto)
                - SQL table alias mapping - fumetto1_
                - alias suffix - 1_
                - suffixed key columns - {id_fumetto1_0_1_}

2026-04-11 01:01:25.530 DEBUG [restartedMain] o.h.l.c.plan.CollectionLoader - Static select for collection com.dgsspa.comicverse.model.Genere.fumetti: select fumetti0_.FK_GENERE as fk_genere1_2_0_, fumetti0_.FK_FUMETTO as fk_fumetto2_2_0_, fumetto1_.ID_FUMETTO as id_fumetto1_0_1_, fumetto1_.DATA_PUBBLICAZIONE as data_pubblicazione2_0_1_, fumetto1_.descrizione as descrizione3_0_1_, fumetto1_.editore as editore4_0_1_, fumetto1_.titolo as titolo5_0_1_, fumetto1_.volume as volume6_0_1_ from GENERE_FUMETTO fumetti0_ inner join FUMETTO fumetto1_ on fumetti0_.FK_FUMETTO=fumetto1_.ID_FUMETTO where fumetti0_.FK_GENERE=?
2026-04-11 01:01:25.598 DEBUG [restartedMain] o.s.j.d.DriverManagerDataSource - Creating new JDBC DriverManager Connection to [jdbc:oracle:thin:@//localhost:1521/XEPDB1]
2026-04-11 01:01:25.803 DEBUG [restartedMain] o.h.e.t.j.p.i.JtaPlatformInitiator - No JtaPlatform was specified, checking resolver
2026-04-11 01:01:25.804 DEBUG [restartedMain] o.h.e.t.j.p.i.JtaPlatformResolverInitiator - No JtaPlatformResolver was specified, using default [org.hibernate.engine.transaction.jta.platform.internal.StandardJtaPlatformResolver]
2026-04-11 01:01:25.815 DEBUG [restartedMain] o.h.e.t.j.p.i.StandardJtaPlatformResolver - Could not resolve JtaPlatform, using default [org.hibernate.engine.transaction.jta.platform.internal.NoJtaPlatform]
2026-04-11 01:01:25.815 INFO  [restartedMain] o.h.e.t.j.p.i.JtaPlatformInitiator - HHH000490: Using JtaPlatform implementation: [org.hibernate.engine.transaction.jta.platform.internal.NoJtaPlatform]
2026-04-11 01:01:25.823 DEBUG [restartedMain] o.h.s.i.SessionFactoryServiceRegistryImpl - EventListenerRegistry access via ServiceRegistry is deprecated.  Use `sessionFactory.getEventEngine().getListenerRegistry()` instead
2026-04-11 01:01:25.824 DEBUG [restartedMain] o.h.h.i.QueryTranslatorFactoryInitiator - QueryTranslatorFactory: org.hibernate.hql.internal.ast.ASTQueryTranslatorFactory@4973054f
2026-04-11 01:01:25.834 DEBUG [restartedMain] o.h.query.spi.NamedQueryRepository - Checking 0 named HQL queries
2026-04-11 01:01:25.834 DEBUG [restartedMain] o.h.query.spi.NamedQueryRepository - Checking 0 named SQL queries
2026-04-11 01:01:25.838 DEBUG [restartedMain] o.h.internal.SessionFactoryRegistry - Initializing SessionFactoryRegistry : org.hibernate.internal.SessionFactoryRegistry@233f9076
2026-04-11 01:01:25.838 DEBUG [restartedMain] o.h.internal.SessionFactoryRegistry - Registering SessionFactory: d8130d11-eb0a-4c64-af93-623703f40e6f (<unnamed>)
2026-04-11 01:01:25.838 DEBUG [restartedMain] o.h.internal.SessionFactoryRegistry - Not binding SessionFactory to JNDI, no JNDI name configured
2026-04-11 01:01:25.898 DEBUG [restartedMain] o.s.b.f.s.DefaultListableBeanFactory - Creating shared instance of singleton bean 'fumettoMapperImpl'
2026-04-11 01:01:25.902 DEBUG [restartedMain] o.s.b.f.s.DefaultListableBeanFactory - Autowiring by type from bean name 'fumettoService' via constructor to bean named 'fumettoRepository'
2026-04-11 01:01:25.902 DEBUG [restartedMain] o.s.b.f.s.DefaultListableBeanFactory - Autowiring by type from bean name 'fumettoService' via constructor to bean named 'fumettoMapperImpl'
2026-04-11 01:01:25.902 DEBUG [restartedMain] o.s.b.f.s.DefaultListableBeanFactory - Autowiring by type from bean name 'fumettoService' via constructor to bean named 'searchMessagesProperties'
2026-04-11 01:01:25.902 DEBUG [restartedMain] o.s.b.f.s.DefaultListableBeanFactory - Autowiring by type from bean name 'fumettoService' via constructor to bean named 'errorMessagesProperties'
2026-04-11 01:01:25.902 DEBUG [restartedMain] o.s.b.f.s.DefaultListableBeanFactory - Autowiring by type from bean name 'fumettoService' via constructor to bean named 'successMessagesProperties'
2026-04-11 01:01:25.921 DEBUG [restartedMain] o.s.b.f.s.DefaultListableBeanFactory - Autowiring by type from bean name 'fumettoController' via constructor to bean named 'fumettoService'
2026-04-11 01:01:25.924 DEBUG [restartedMain] o.s.b.f.s.DefaultListableBeanFactory - Creating shared instance of singleton bean 'genereController'
2026-04-11 01:01:25.929 DEBUG [restartedMain] o.s.b.f.s.DefaultListableBeanFactory - Creating shared instance of singleton bean 'genereService'
2026-04-11 01:01:25.930 DEBUG [restartedMain] o.s.b.f.s.DefaultListableBeanFactory - Creating shared instance of singleton bean 'genereRepository'
2026-04-11 01:01:25.943 DEBUG [restartedMain] o.s.b.f.s.DefaultListableBeanFactory - Creating shared instance of singleton bean 'genereMapperImpl'
2026-04-11 01:01:25.945 DEBUG [restartedMain] o.s.b.f.s.DefaultListableBeanFactory - Autowiring by type from bean name 'genereService' via constructor to bean named 'genereRepository'
2026-04-11 01:01:25.945 DEBUG [restartedMain] o.s.b.f.s.DefaultListableBeanFactory - Autowiring by type from bean name 'genereService' via constructor to bean named 'fumettoRepository'
2026-04-11 01:01:25.945 DEBUG [restartedMain] o.s.b.f.s.DefaultListableBeanFactory - Autowiring by type from bean name 'genereService' via constructor to bean named 'genereMapperImpl'
2026-04-11 01:01:25.945 DEBUG [restartedMain] o.s.b.f.s.DefaultListableBeanFactory - Autowiring by type from bean name 'genereService' via constructor to bean named 'errorMessagesProperties'
2026-04-11 01:01:25.945 DEBUG [restartedMain] o.s.b.f.s.DefaultListableBeanFactory - Autowiring by type from bean name 'genereService' via constructor to bean named 'successMessagesProperties'
2026-04-11 01:01:25.956 DEBUG [restartedMain] o.s.b.f.s.DefaultListableBeanFactory - Autowiring by type from bean name 'genereController' via constructor to bean named 'genereService'
2026-04-11 01:01:25.956 DEBUG [restartedMain] o.s.b.f.s.DefaultListableBeanFactory - Creating shared instance of singleton bean 'genericExceptionHandler'
2026-04-11 01:01:25.963 DEBUG [restartedMain] o.s.b.f.s.DefaultListableBeanFactory - Creating shared instance of singleton bean 'logWorkingDirectory'
2026-04-11 01:01:25.963 DEBUG [restartedMain] o.s.b.f.s.DefaultListableBeanFactory - Autowiring by type from bean name 'logWorkingDirectory' via factory method to bean named 'environment'
2026-04-11 01:01:25.974 DEBUG [restartedMain] o.s.b.f.s.DefaultListableBeanFactory - Creating shared instance of singleton bean 'org.springframework.boot.autoconfigure.context.PropertyPlaceholderAutoConfiguration'
2026-04-11 01:01:25.974 DEBUG [restartedMain] o.s.b.f.s.DefaultListableBeanFactory - Creating shared instance of singleton bean 'org.springframework.boot.autoconfigure.websocket.servlet.WebSocketServletAutoConfiguration'
2026-04-11 01:01:25.975 DEBUG [restartedMain] o.s.b.f.s.DefaultListableBeanFactory - Creating shared instance of singleton bean 'org.springframework.boot.autoconfigure.web.servlet.DispatcherServletAutoConfiguration'
2026-04-11 01:01:25.975 DEBUG [restartedMain] o.s.b.f.s.DefaultListableBeanFactory - Creating shared instance of singleton bean 'org.springframework.boot.autoconfigure.task.TaskExecutionAutoConfiguration'
2026-04-11 01:01:25.975 DEBUG [restartedMain] o.s.b.f.s.DefaultListableBeanFactory - Creating shared instance of singleton bean 'taskExecutorBuilder'
2026-04-11 01:01:25.979 DEBUG [restartedMain] o.s.b.f.s.DefaultListableBeanFactory - Creating shared instance of singleton bean 'spring.task.execution-org.springframework.boot.autoconfigure.task.TaskExecutionProperties'
2026-04-11 01:01:25.982 DEBUG [restartedMain] o.s.b.f.s.DefaultListableBeanFactory - Autowiring by type from bean name 'taskExecutorBuilder' via factory method to bean named 'spring.task.execution-org.springframework.boot.autoconfigure.task.TaskExecutionProperties'
2026-04-11 01:01:25.990 DEBUG [restartedMain] o.s.b.f.s.DefaultListableBeanFactory - Creating shared instance of singleton bean 'org.springframework.boot.autoconfigure.validation.ValidationAutoConfiguration'
2026-04-11 01:01:25.990 DEBUG [restartedMain] o.s.b.f.s.DefaultListableBeanFactory - Creating shared instance of singleton bean 'defaultValidator'
2026-04-11 01:01:25.991 DEBUG [restartedMain] o.s.b.f.s.DefaultListableBeanFactory - Autowiring by type from bean name 'defaultValidator' via factory method to bean named 'org.springframework.boot.web.servlet.context.AnnotationConfigServletWebServerApplicationContext@5de3e88e'
2026-04-11 01:01:25.999 DEBUG [restartedMain] o.h.v.m.ResourceBundleMessageInterpolator - Loaded expression factory via original TCCL
2026-04-11 01:01:26.005 DEBUG [restartedMain] o.h.v.i.e.AbstractConfigurationImpl - Setting custom MessageInterpolator of type org.springframework.validation.beanvalidation.LocaleContextMessageInterpolator
2026-04-11 01:01:26.006 DEBUG [restartedMain] o.h.v.i.e.AbstractConfigurationImpl - Setting custom ConstraintValidatorFactory of type org.springframework.validation.beanvalidation.SpringConstraintValidatorFactory
2026-04-11 01:01:26.008 DEBUG [restartedMain] o.h.v.i.e.AbstractConfigurationImpl - Setting custom ParameterNameProvider of type org.springframework.validation.beanvalidation.LocalValidatorFactoryBean$1
2026-04-11 01:01:26.008 DEBUG [restartedMain] o.h.v.i.x.config.ValidationXmlParser - Trying to load META-INF/validation.xml for XML based Validator configuration.
2026-04-11 01:01:26.009 DEBUG [restartedMain] o.h.v.i.x.c.ResourceLoaderHelper - Trying to load META-INF/validation.xml via user class loader
2026-04-11 01:01:26.009 DEBUG [restartedMain] o.h.v.i.x.c.ResourceLoaderHelper - Trying to load META-INF/validation.xml via TCCL
2026-04-11 01:01:26.009 DEBUG [restartedMain] o.h.v.i.x.c.ResourceLoaderHelper - Trying to load META-INF/validation.xml via Hibernate Validator's class loader
2026-04-11 01:01:26.009 DEBUG [restartedMain] o.h.v.i.x.config.ValidationXmlParser - No META-INF/validation.xml found. Using annotation based configuration only.
2026-04-11 01:01:26.009 DEBUG [restartedMain] o.h.v.i.e.r.TraversableResolvers - Found javax.persistence.Persistence on classpath containing 'getPersistenceUtil'. Assuming JPA 2 environment. Trying to instantiate JPA aware TraversableResolver
2026-04-11 01:01:26.009 DEBUG [restartedMain] o.h.v.i.e.r.TraversableResolvers - Instantiated JPA aware TraversableResolver of type org.hibernate.validator.internal.engine.resolver.JPATraversableResolver.
2026-04-11 01:01:26.011 DEBUG [restartedMain] o.h.v.i.e.ValidatorFactoryConfigurationHelper - HV000252: Using org.hibernate.validator.internal.engine.DefaultPropertyNodeNameProvider as property node name provider.
2026-04-11 01:01:26.013 DEBUG [restartedMain] o.h.v.i.e.ValidatorFactoryConfigurationHelper - HV000234: Using org.springframework.validation.beanvalidation.LocaleContextMessageInterpolator as ValidatorFactory-scoped message interpolator.
2026-04-11 01:01:26.013 DEBUG [restartedMain] o.h.v.i.e.ValidatorFactoryConfigurationHelper - HV000234: Using org.hibernate.validator.internal.engine.resolver.JPATraversableResolver as ValidatorFactory-scoped traversable resolver.
2026-04-11 01:01:26.013 DEBUG [restartedMain] o.h.v.i.e.ValidatorFactoryConfigurationHelper - HV000234: Using org.hibernate.validator.internal.util.ExecutableParameterNameProvider as ValidatorFactory-scoped parameter name provider.
2026-04-11 01:01:26.013 DEBUG [restartedMain] o.h.v.i.e.ValidatorFactoryConfigurationHelper - HV000234: Using org.hibernate.validator.internal.engine.DefaultClockProvider as ValidatorFactory-scoped clock provider.
2026-04-11 01:01:26.013 DEBUG [restartedMain] o.h.v.i.e.ValidatorFactoryConfigurationHelper - HV000234: Using org.hibernate.validator.internal.engine.scripting.DefaultScriptEvaluatorFactory as ValidatorFactory-scoped script evaluator factory.
2026-04-11 01:01:26.022 DEBUG [restartedMain] o.s.b.f.s.DefaultListableBeanFactory - Creating shared instance of singleton bean 'org.springframework.boot.autoconfigure.web.servlet.error.ErrorMvcAutoConfiguration$WhitelabelErrorViewConfiguration'
2026-04-11 01:01:26.025 DEBUG [restartedMain] o.s.b.f.s.DefaultListableBeanFactory - Creating shared instance of singleton bean 'error'
2026-04-11 01:01:26.028 DEBUG [restartedMain] o.s.b.f.s.DefaultListableBeanFactory - Creating shared instance of singleton bean 'beanNameViewResolver'
2026-04-11 01:01:26.032 DEBUG [restartedMain] o.s.b.f.s.DefaultListableBeanFactory - Creating shared instance of singleton bean 'org.springframework.boot.autoconfigure.web.servlet.error.ErrorMvcAutoConfiguration$DefaultErrorViewResolverConfiguration'
2026-04-11 01:01:26.034 DEBUG [restartedMain] o.s.b.f.s.DefaultListableBeanFactory - Creating shared instance of singleton bean 'spring.web-org.springframework.boot.autoconfigure.web.WebProperties'
2026-04-11 01:01:26.074 DEBUG [restartedMain] o.s.b.f.s.DefaultListableBeanFactory - Autowiring by type from bean name 'org.springframework.boot.autoconfigure.web.servlet.error.ErrorMvcAutoConfiguration$DefaultErrorViewResolverConfiguration' via constructor to bean named 'org.springframework.boot.web.servlet.context.AnnotationConfigServletWebServerApplicationContext@5de3e88e'
2026-04-11 01:01:26.074 DEBUG [restartedMain] o.s.b.f.s.DefaultListableBeanFactory - Autowiring by type from bean name 'org.springframework.boot.autoconfigure.web.servlet.error.ErrorMvcAutoConfiguration$DefaultErrorViewResolverConfiguration' via constructor to bean named 'spring.web-org.springframework.boot.autoconfigure.web.WebProperties'
2026-04-11 01:01:26.075 DEBUG [restartedMain] o.s.b.f.s.DefaultListableBeanFactory - Creating shared instance of singleton bean 'conventionErrorViewResolver'
2026-04-11 01:01:26.079 DEBUG [restartedMain] o.s.b.f.s.DefaultListableBeanFactory - Creating shared instance of singleton bean 'errorAttributes'
2026-04-11 01:01:26.083 DEBUG [restartedMain] o.s.b.f.s.DefaultListableBeanFactory - Creating shared instance of singleton bean 'basicErrorController'
2026-04-11 01:01:26.087 DEBUG [restartedMain] o.s.b.f.s.DefaultListableBeanFactory - Autowiring by type from bean name 'basicErrorController' via factory method to bean named 'errorAttributes'
2026-04-11 01:01:26.093 DEBUG [restartedMain] o.s.b.f.s.DefaultListableBeanFactory - Creating shared instance of singleton bean 'org.springframework.boot.autoconfigure.web.servlet.WebMvcAutoConfiguration$EnableWebMvcConfiguration'
2026-04-11 01:01:26.105 DEBUG [restartedMain] o.s.b.f.s.DefaultListableBeanFactory - Autowiring by type from bean name 'org.springframework.boot.autoconfigure.web.servlet.WebMvcAutoConfiguration$EnableWebMvcConfiguration' via constructor to bean named 'spring.mvc-org.springframework.boot.autoconfigure.web.servlet.WebMvcProperties'
2026-04-11 01:01:26.105 DEBUG [restartedMain] o.s.b.f.s.DefaultListableBeanFactory - Autowiring by type from bean name 'org.springframework.boot.autoconfigure.web.servlet.WebMvcAutoConfiguration$EnableWebMvcConfiguration' via constructor to bean named 'spring.web-org.springframework.boot.autoconfigure.web.WebProperties'
2026-04-11 01:01:26.105 DEBUG [restartedMain] o.s.b.f.s.DefaultListableBeanFactory - Autowiring by type from bean name 'org.springframework.boot.autoconfigure.web.servlet.WebMvcAutoConfiguration$EnableWebMvcConfiguration' via constructor to bean named 'org.springframework.beans.factory.support.DefaultListableBeanFactory@597ea7c8'
2026-04-11 01:01:26.143 DEBUG [restartedMain] o.s.b.f.s.DefaultListableBeanFactory - Creating shared instance of singleton bean 'org.springframework.boot.autoconfigure.web.servlet.WebMvcAutoConfiguration$WebMvcAutoConfigurationAdapter'
2026-04-11 01:01:26.143 DEBUG [restartedMain] o.s.b.f.s.DefaultListableBeanFactory - Autowiring by type from bean name 'org.springframework.boot.autoconfigure.web.servlet.WebMvcAutoConfiguration$WebMvcAutoConfigurationAdapter' via constructor to bean named 'spring.web-org.springframework.boot.autoconfigure.web.WebProperties'
2026-04-11 01:01:26.145 DEBUG [restartedMain] o.s.b.f.s.DefaultListableBeanFactory - Autowiring by type from bean name 'org.springframework.boot.autoconfigure.web.servlet.WebMvcAutoConfiguration$WebMvcAutoConfigurationAdapter' via constructor to bean named 'spring.mvc-org.springframework.boot.autoconfigure.web.servlet.WebMvcProperties'
2026-04-11 01:01:26.145 DEBUG [restartedMain] o.s.b.f.s.DefaultListableBeanFactory - Autowiring by type from bean name 'org.springframework.boot.autoconfigure.web.servlet.WebMvcAutoConfiguration$WebMvcAutoConfigurationAdapter' via constructor to bean named 'org.springframework.beans.factory.support.DefaultListableBeanFactory@597ea7c8'
2026-04-11 01:01:26.149 DEBUG [restartedMain] o.s.b.f.s.DefaultListableBeanFactory - Creating shared instance of singleton bean 'openEntityManagerInViewInterceptorConfigurer'
2026-04-11 01:01:26.149 DEBUG [restartedMain] o.s.b.f.s.DefaultListableBeanFactory - Creating shared instance of singleton bean 'org.springframework.boot.autoconfigure.orm.jpa.JpaBaseConfiguration$JpaWebConfiguration'
2026-04-11 01:01:26.151 DEBUG [restartedMain] o.s.b.f.s.DefaultListableBeanFactory - Creating shared instance of singleton bean 'spring.jpa-org.springframework.boot.autoconfigure.orm.jpa.JpaProperties'
2026-04-11 01:01:26.165 DEBUG [restartedMain] o.s.b.f.s.DefaultListableBeanFactory - Autowiring by type from bean name 'org.springframework.boot.autoconfigure.orm.jpa.JpaBaseConfiguration$JpaWebConfiguration' via constructor to bean named 'spring.jpa-org.springframework.boot.autoconfigure.orm.jpa.JpaProperties'
2026-04-11 01:01:26.169 DEBUG [restartedMain] o.s.b.f.s.DefaultListableBeanFactory - Creating shared instance of singleton bean 'openEntityManagerInViewInterceptor'
2026-04-11 01:01:26.170 WARN  [restartedMain] o.s.b.a.o.j.JpaBaseConfiguration$JpaWebConfiguration - spring.jpa.open-in-view is enabled by default. Therefore, database queries may be performed during view rendering. Explicitly configure spring.jpa.open-in-view to disable this warning
2026-04-11 01:01:26.193 DEBUG [restartedMain] o.s.b.f.s.DefaultListableBeanFactory - Autowiring by type from bean name 'openEntityManagerInViewInterceptorConfigurer' via factory method to bean named 'openEntityManagerInViewInterceptor'
2026-04-11 01:01:26.194 DEBUG [restartedMain] o.s.b.f.s.DefaultListableBeanFactory - Creating shared instance of singleton bean 'metricsWebMvcConfigurer'
2026-04-11 01:01:26.197 DEBUG [restartedMain] o.s.b.f.s.DefaultListableBeanFactory - Autowiring by type from bean name 'metricsWebMvcConfigurer' via factory method to bean named 'simpleMeterRegistry'
2026-04-11 01:01:26.197 DEBUG [restartedMain] o.s.b.f.s.DefaultListableBeanFactory - Autowiring by type from bean name 'metricsWebMvcConfigurer' via factory method to bean named 'webMvcTagsProvider'
2026-04-11 01:01:26.199 DEBUG [restartedMain] o.s.b.f.s.DefaultListableBeanFactory - Creating shared instance of singleton bean 'org.springframework.data.web.config.SpringDataWebConfiguration'
2026-04-11 01:01:26.203 DEBUG [restartedMain] o.s.b.f.s.DefaultListableBeanFactory - Autowiring by type from bean name 'org.springframework.data.web.config.SpringDataWebConfiguration' via constructor to bean named 'org.springframework.boot.web.servlet.context.AnnotationConfigServletWebServerApplicationContext@5de3e88e'
2026-04-11 01:01:26.208 DEBUG [restartedMain] o.s.b.f.s.DefaultListableBeanFactory - Creating shared instance of singleton bean 'requestMappingHandlerAdapter'
2026-04-11 01:01:26.210 DEBUG [restartedMain] o.s.b.f.s.DefaultListableBeanFactory - Creating shared instance of singleton bean 'mvcContentNegotiationManager'
2026-04-11 01:01:26.228 DEBUG [restartedMain] o.s.b.f.s.DefaultListableBeanFactory - Creating shared instance of singleton bean 'mvcConversionService'
2026-04-11 01:01:26.270 DEBUG [restartedMain] o.s.b.f.s.DefaultListableBeanFactory - Creating shared instance of singleton bean 'mvcValidator'
2026-04-11 01:01:26.279 DEBUG [restartedMain] o.s.b.f.s.DefaultListableBeanFactory - Autowiring by type from bean name 'requestMappingHandlerAdapter' via factory method to bean named 'mvcContentNegotiationManager'
2026-04-11 01:01:26.279 DEBUG [restartedMain] o.s.b.f.s.DefaultListableBeanFactory - Autowiring by type from bean name 'requestMappingHandlerAdapter' via factory method to bean named 'mvcConversionService'
2026-04-11 01:01:26.279 DEBUG [restartedMain] o.s.b.f.s.DefaultListableBeanFactory - Autowiring by type from bean name 'requestMappingHandlerAdapter' via factory method to bean named 'mvcValidator'
2026-04-11 01:01:26.280 DEBUG [restartedMain] o.s.b.f.s.DefaultListableBeanFactory - Autowiring by type from bean name 'requestMappingHandlerAdapter' via factory method to bean named 'mvcContentNegotiationManager'
2026-04-11 01:01:26.280 DEBUG [restartedMain] o.s.b.f.s.DefaultListableBeanFactory - Autowiring by type from bean name 'requestMappingHandlerAdapter' via factory method to bean named 'mvcConversionService'
2026-04-11 01:01:26.280 DEBUG [restartedMain] o.s.b.f.s.DefaultListableBeanFactory - Autowiring by type from bean name 'requestMappingHandlerAdapter' via factory method to bean named 'mvcValidator'
2026-04-11 01:01:26.312 DEBUG [restartedMain] o.s.b.f.s.DefaultListableBeanFactory - Creating shared instance of singleton bean 'messageConverters'
2026-04-11 01:01:26.312 DEBUG [restartedMain] o.s.b.f.s.DefaultListableBeanFactory - Creating shared instance of singleton bean 'org.springframework.boot.autoconfigure.http.HttpMessageConvertersAutoConfiguration'
2026-04-11 01:01:26.324 DEBUG [restartedMain] o.s.b.f.s.DefaultListableBeanFactory - Creating shared instance of singleton bean 'stringHttpMessageConverter'
2026-04-11 01:01:26.326 DEBUG [restartedMain] o.s.b.f.s.DefaultListableBeanFactory - Creating shared instance of singleton bean 'org.springframework.boot.autoconfigure.http.HttpMessageConvertersAutoConfiguration$StringHttpMessageConverterConfiguration'
2026-04-11 01:01:26.326 DEBUG [restartedMain] o.s.b.f.s.DefaultListableBeanFactory - Autowiring by type from bean name 'stringHttpMessageConverter' via factory method to bean named 'environment'
2026-04-11 01:01:26.342 DEBUG [restartedMain] o.s.b.f.s.DefaultListableBeanFactory - Creating shared instance of singleton bean 'mappingJackson2HttpMessageConverter'
2026-04-11 01:01:26.344 DEBUG [restartedMain] o.s.b.f.s.DefaultListableBeanFactory - Creating shared instance of singleton bean 'org.springframework.boot.autoconfigure.http.JacksonHttpMessageConvertersConfiguration$MappingJackson2HttpMessageConverterConfiguration'
2026-04-11 01:01:26.345 DEBUG [restartedMain] o.s.b.f.s.DefaultListableBeanFactory - Creating shared instance of singleton bean 'jacksonObjectMapper'
2026-04-11 01:01:26.345 DEBUG [restartedMain] o.s.b.f.s.DefaultListableBeanFactory - Creating shared instance of singleton bean 'org.springframework.boot.autoconfigure.jackson.JacksonAutoConfiguration$JacksonObjectMapperConfiguration'
2026-04-11 01:01:26.347 DEBUG [restartedMain] o.s.b.f.s.DefaultListableBeanFactory - Creating shared instance of singleton bean 'org.springframework.boot.autoconfigure.jackson.JacksonAutoConfiguration$JacksonObjectMapperBuilderConfiguration'
2026-04-11 01:01:26.351 DEBUG [restartedMain] o.s.b.f.s.DefaultListableBeanFactory - Creating shared instance of singleton bean 'standardJacksonObjectMapperBuilderCustomizer'
2026-04-11 01:01:26.352 DEBUG [restartedMain] o.s.b.f.s.DefaultListableBeanFactory - Creating shared instance of singleton bean 'org.springframework.boot.autoconfigure.jackson.JacksonAutoConfiguration$Jackson2ObjectMapperBuilderCustomizerConfiguration'
2026-04-11 01:01:26.355 DEBUG [restartedMain] o.s.b.f.s.DefaultListableBeanFactory - Creating shared instance of singleton bean 'spring.jackson-org.springframework.boot.autoconfigure.jackson.JacksonProperties'
2026-04-11 01:01:26.360 DEBUG [restartedMain] o.s.b.f.s.DefaultListableBeanFactory - Autowiring by type from bean name 'standardJacksonObjectMapperBuilderCustomizer' via factory method to bean named 'org.springframework.boot.web.servlet.context.AnnotationConfigServletWebServerApplicationContext@5de3e88e'
2026-04-11 01:01:26.360 DEBUG [restartedMain] o.s.b.f.s.DefaultListableBeanFactory - Autowiring by type from bean name 'standardJacksonObjectMapperBuilderCustomizer' via factory method to bean named 'spring.jackson-org.springframework.boot.autoconfigure.jackson.JacksonProperties'
2026-04-11 01:01:26.362 DEBUG [restartedMain] o.s.b.f.s.DefaultListableBeanFactory - Autowiring by type from bean name 'jacksonObjectMapperBuilder' via factory method to bean named 'org.springframework.boot.web.servlet.context.AnnotationConfigServletWebServerApplicationContext@5de3e88e'
2026-04-11 01:01:26.362 DEBUG [restartedMain] o.s.b.f.s.DefaultListableBeanFactory - Autowiring by type from bean name 'jacksonObjectMapperBuilder' via factory method to bean named 'standardJacksonObjectMapperBuilderCustomizer'
2026-04-11 01:01:26.364 DEBUG [restartedMain] o.s.b.f.s.DefaultListableBeanFactory - Creating shared instance of singleton bean 'parameterNamesModule'
2026-04-11 01:01:26.364 DEBUG [restartedMain] o.s.b.f.s.DefaultListableBeanFactory - Creating shared instance of singleton bean 'org.springframework.boot.autoconfigure.jackson.JacksonAutoConfiguration$ParameterNamesModuleConfiguration'
2026-04-11 01:01:26.376 DEBUG [restartedMain] o.s.b.f.s.DefaultListableBeanFactory - Creating shared instance of singleton bean 'jsonComponentModule'
2026-04-11 01:01:26.376 DEBUG [restartedMain] o.s.b.f.s.DefaultListableBeanFactory - Creating shared instance of singleton bean 'org.springframework.boot.autoconfigure.jackson.JacksonAutoConfiguration'
2026-04-11 01:01:26.383 DEBUG [restartedMain] o.s.b.f.s.DefaultListableBeanFactory - Creating shared instance of singleton bean 'jsonMixinModule'
2026-04-11 01:01:26.383 DEBUG [restartedMain] o.s.b.f.s.DefaultListableBeanFactory - Autowiring by type from bean name 'jsonMixinModule' via factory method to bean named 'org.springframework.boot.web.servlet.context.AnnotationConfigServletWebServerApplicationContext@5de3e88e'
2026-04-11 01:01:26.401 DEBUG [restartedMain] o.s.b.f.s.DefaultListableBeanFactory - Creating shared instance of singleton bean 'jacksonGeoModule'
2026-04-11 01:01:26.401 DEBUG [restartedMain] o.s.b.f.s.DefaultListableBeanFactory - Creating shared instance of singleton bean 'org.springframework.data.web.config.SpringDataJacksonConfiguration'
2026-04-11 01:01:26.414 DEBUG [restartedMain] o.s.b.f.s.DefaultListableBeanFactory - Autowiring by type from bean name 'jacksonObjectMapper' via factory method to bean named 'jacksonObjectMapperBuilder'
2026-04-11 01:01:26.448 DEBUG [restartedMain] o.s.b.f.s.DefaultListableBeanFactory - Autowiring by type from bean name 'mappingJackson2HttpMessageConverter' via factory method to bean named 'jacksonObjectMapper'
2026-04-11 01:01:26.465 DEBUG [restartedMain] o.s.b.f.s.DefaultListableBeanFactory - Creating shared instance of singleton bean 'sortResolver'
2026-04-11 01:01:26.477 DEBUG [restartedMain] o.s.b.f.s.DefaultListableBeanFactory - Creating shared instance of singleton bean 'sortCustomizer'
2026-04-11 01:01:26.477 DEBUG [restartedMain] o.s.b.f.s.DefaultListableBeanFactory - Creating shared instance of singleton bean 'org.springframework.boot.autoconfigure.data.web.SpringDataWebAutoConfiguration'
2026-04-11 01:01:26.478 DEBUG [restartedMain] o.s.b.f.s.DefaultListableBeanFactory - Creating shared instance of singleton bean 'spring.data.web-org.springframework.boot.autoconfigure.data.web.SpringDataWebProperties'
2026-04-11 01:01:26.480 DEBUG [restartedMain] o.s.b.f.s.DefaultListableBeanFactory - Autowiring by type from bean name 'org.springframework.boot.autoconfigure.data.web.SpringDataWebAutoConfiguration' via constructor to bean named 'spring.data.web-org.springframework.boot.autoconfigure.data.web.SpringDataWebProperties'
2026-04-11 01:01:26.492 DEBUG [restartedMain] o.s.b.f.s.DefaultListableBeanFactory - Creating shared instance of singleton bean 'pageableResolver'
2026-04-11 01:01:26.495 DEBUG [restartedMain] o.s.b.f.s.DefaultListableBeanFactory - Creating shared instance of singleton bean 'pageableCustomizer'
2026-04-11 01:01:26.511 DEBUG [restartedMain] o.s.b.f.s.DefaultListableBeanFactory - Creating shared instance of singleton bean 'applicationTaskExecutor'
2026-04-11 01:01:26.512 DEBUG [restartedMain] o.s.b.f.s.DefaultListableBeanFactory - Autowiring by type from bean name 'applicationTaskExecutor' via factory method to bean named 'taskExecutorBuilder'
2026-04-11 01:01:26.527 DEBUG [restartedMain] o.s.s.c.ThreadPoolTaskExecutor - Initializing ExecutorService 'applicationTaskExecutor'
2026-04-11 01:01:26.561 DEBUG [restartedMain] o.s.w.s.m.m.a.RequestMappingHandlerAdapter - ControllerAdvice beans: 0 @ModelAttribute, 0 @InitBinder, 1 RequestBodyAdvice, 1 ResponseBodyAdvice
2026-04-11 01:01:26.633 DEBUG [restartedMain] o.s.b.f.s.DefaultListableBeanFactory - Creating shared instance of singleton bean 'welcomePageHandlerMapping'
2026-04-11 01:01:26.634 DEBUG [restartedMain] o.s.b.f.s.DefaultListableBeanFactory - Creating shared instance of singleton bean 'mvcResourceUrlProvider'
2026-04-11 01:01:26.641 DEBUG [restartedMain] o.s.b.f.s.DefaultListableBeanFactory - Autowiring by type from bean name 'welcomePageHandlerMapping' via factory method to bean named 'org.springframework.boot.web.servlet.context.AnnotationConfigServletWebServerApplicationContext@5de3e88e'
2026-04-11 01:01:26.641 DEBUG [restartedMain] o.s.b.f.s.DefaultListableBeanFactory - Autowiring by type from bean name 'welcomePageHandlerMapping' via factory method to bean named 'mvcConversionService'
2026-04-11 01:01:26.641 DEBUG [restartedMain] o.s.b.f.s.DefaultListableBeanFactory - Autowiring by type from bean name 'welcomePageHandlerMapping' via factory method to bean named 'mvcResourceUrlProvider'
2026-04-11 01:01:26.668 DEBUG [restartedMain] o.s.b.f.s.DefaultListableBeanFactory - Creating shared instance of singleton bean 'welcomePageNotAcceptableHandlerMapping'
2026-04-11 01:01:26.670 DEBUG [restartedMain] o.s.b.f.s.DefaultListableBeanFactory - Autowiring by type from bean name 'welcomePageNotAcceptableHandlerMapping' via factory method to bean named 'org.springframework.boot.web.servlet.context.AnnotationConfigServletWebServerApplicationContext@5de3e88e'
2026-04-11 01:01:26.670 DEBUG [restartedMain] o.s.b.f.s.DefaultListableBeanFactory - Autowiring by type from bean name 'welcomePageNotAcceptableHandlerMapping' via factory method to bean named 'mvcConversionService'
2026-04-11 01:01:26.670 DEBUG [restartedMain] o.s.b.f.s.DefaultListableBeanFactory - Autowiring by type from bean name 'welcomePageNotAcceptableHandlerMapping' via factory method to bean named 'mvcResourceUrlProvider'
2026-04-11 01:01:26.679 DEBUG [restartedMain] o.s.b.f.s.DefaultListableBeanFactory - Creating shared instance of singleton bean 'localeResolver'
2026-04-11 01:01:26.689 DEBUG [restartedMain] o.s.b.f.s.DefaultListableBeanFactory - Creating shared instance of singleton bean 'themeResolver'
2026-04-11 01:01:26.692 DEBUG [restartedMain] o.s.b.f.s.DefaultListableBeanFactory - Creating shared instance of singleton bean 'flashMapManager'
2026-04-11 01:01:26.700 DEBUG [restartedMain] o.s.b.f.s.DefaultListableBeanFactory - Creating shared instance of singleton bean 'requestMappingHandlerMapping'
2026-04-11 01:01:26.702 DEBUG [restartedMain] o.s.b.f.s.DefaultListableBeanFactory - Autowiring by type from bean name 'requestMappingHandlerMapping' via factory method to bean named 'mvcContentNegotiationManager'
2026-04-11 01:01:26.702 DEBUG [restartedMain] o.s.b.f.s.DefaultListableBeanFactory - Autowiring by type from bean name 'requestMappingHandlerMapping' via factory method to bean named 'mvcConversionService'
2026-04-11 01:01:26.702 DEBUG [restartedMain] o.s.b.f.s.DefaultListableBeanFactory - Autowiring by type from bean name 'requestMappingHandlerMapping' via factory method to bean named 'mvcResourceUrlProvider'
2026-04-11 01:01:26.773 DEBUG [restartedMain] _.s.w.s.HandlerMapping.Mappings - 
	c.d.c.c.FumettoController:
	{GET [/api/fumetti/ricerca/filtri]}: getFumettiPerFiltri(String,LocalDateTime)
	{DELETE [/api/fumetti/elimina/{id}]}: eliminaFumetto(Integer)
	{PUT [/api/fumetti/aggiorna/{id}]}: aggiornaFumetto(Integer,FumettoDTO)
	{GET [/api/fumetti/ricerca/{id}]}: getFumetto(Integer)
	{GET [/api/fumetti]}: getAllFumetti()
	{POST [/api/fumetti/crea]}: creaNuovoFumetto(FumettoDTO)
2026-04-11 01:01:26.780 DEBUG [restartedMain] _.s.w.s.HandlerMapping.Mappings - 
	c.d.c.c.GenereController:
	{DELETE [/api/genere/elimina/{id}]}: eliminaGenere(Integer)
	{PUT [/api/genere/aggiorna/{id}]}: aggiornaGenere(Integer,GenereDTO)
	{GET [/api/genere]}: getAllGenere()
	{POST [/api/genere/crea]}: creaNuovoGenere(GenereDTO)
2026-04-11 01:01:26.782 DEBUG [restartedMain] _.s.w.s.HandlerMapping.Mappings - 
	o.s.b.a.w.s.e.BasicErrorController:
	{ [/error]}: error(HttpServletRequest)
	{ [/error], produces [text/html]}: errorHtml(HttpServletRequest,HttpServletResponse)
2026-04-11 01:01:26.788 DEBUG [restartedMain] o.s.w.s.m.m.a.RequestMappingHandlerMapping - 12 mappings in 'requestMappingHandlerMapping'
2026-04-11 01:01:26.789 DEBUG [restartedMain] o.s.b.f.s.DefaultListableBeanFactory - Creating shared instance of singleton bean 'mvcPatternParser'
2026-04-11 01:01:26.789 DEBUG [restartedMain] o.s.b.f.s.DefaultListableBeanFactory - Creating shared instance of singleton bean 'mvcUrlPathHelper'
2026-04-11 01:01:26.791 DEBUG [restartedMain] o.s.b.f.s.DefaultListableBeanFactory - Creating shared instance of singleton bean 'mvcPathMatcher'
2026-04-11 01:01:26.792 DEBUG [restartedMain] o.s.b.f.s.DefaultListableBeanFactory - Creating shared instance of singleton bean 'viewControllerHandlerMapping'
2026-04-11 01:01:26.792 DEBUG [restartedMain] o.s.b.f.s.DefaultListableBeanFactory - Autowiring by type from bean name 'viewControllerHandlerMapping' via factory method to bean named 'mvcConversionService'
2026-04-11 01:01:26.792 DEBUG [restartedMain] o.s.b.f.s.DefaultListableBeanFactory - Autowiring by type from bean name 'viewControllerHandlerMapping' via factory method to bean named 'mvcResourceUrlProvider'
2026-04-11 01:01:26.794 DEBUG [restartedMain] o.s.b.f.s.DefaultListableBeanFactory - Creating shared instance of singleton bean 'beanNameHandlerMapping'
2026-04-11 01:01:26.794 DEBUG [restartedMain] o.s.b.f.s.DefaultListableBeanFactory - Autowiring by type from bean name 'beanNameHandlerMapping' via factory method to bean named 'mvcConversionService'
2026-04-11 01:01:26.794 DEBUG [restartedMain] o.s.b.f.s.DefaultListableBeanFactory - Autowiring by type from bean name 'beanNameHandlerMapping' via factory method to bean named 'mvcResourceUrlProvider'
2026-04-11 01:01:26.797 DEBUG [restartedMain] _.s.w.s.HandlerMapping.Mappings - 'beanNameHandlerMapping' {}
2026-04-11 01:01:26.797 DEBUG [restartedMain] o.s.b.f.s.DefaultListableBeanFactory - Creating shared instance of singleton bean 'routerFunctionMapping'
2026-04-11 01:01:26.797 DEBUG [restartedMain] o.s.b.f.s.DefaultListableBeanFactory - Autowiring by type from bean name 'routerFunctionMapping' via factory method to bean named 'mvcConversionService'
2026-04-11 01:01:26.799 DEBUG [restartedMain] o.s.b.f.s.DefaultListableBeanFactory - Autowiring by type from bean name 'routerFunctionMapping' via factory method to bean named 'mvcResourceUrlProvider'
2026-04-11 01:01:26.808 DEBUG [restartedMain] o.s.b.f.s.DefaultListableBeanFactory - Creating shared instance of singleton bean 'resourceHandlerMapping'
2026-04-11 01:01:26.808 DEBUG [restartedMain] o.s.b.f.s.DefaultListableBeanFactory - Autowiring by type from bean name 'resourceHandlerMapping' via factory method to bean named 'mvcContentNegotiationManager'
2026-04-11 01:01:26.808 DEBUG [restartedMain] o.s.b.f.s.DefaultListableBeanFactory - Autowiring by type from bean name 'resourceHandlerMapping' via factory method to bean named 'mvcConversionService'
2026-04-11 01:01:26.808 DEBUG [restartedMain] o.s.b.f.s.DefaultListableBeanFactory - Autowiring by type from bean name 'resourceHandlerMapping' via factory method to bean named 'mvcResourceUrlProvider'
2026-04-11 01:01:26.830 DEBUG [restartedMain] _.s.w.s.HandlerMapping.Mappings - 'resourceHandlerMapping' {/webjars/**=ResourceHttpRequestHandler [classpath [META-INF/resources/webjars/]], /**=ResourceHttpRequestHandler [classpath [META-INF/resources/], classpath [resources/], classpath [static/], classpath [public/], ServletContext [/]]}
2026-04-11 01:01:26.830 DEBUG [restartedMain] o.s.b.f.s.DefaultListableBeanFactory - Creating shared instance of singleton bean 'defaultServletHandlerMapping'
2026-04-11 01:01:26.830 DEBUG [restartedMain] o.s.b.f.s.DefaultListableBeanFactory - Creating shared instance of singleton bean 'handlerFunctionAdapter'
2026-04-11 01:01:26.833 DEBUG [restartedMain] o.s.b.f.s.DefaultListableBeanFactory - Creating shared instance of singleton bean 'mvcUriComponentsContributor'
2026-04-11 01:01:26.835 DEBUG [restartedMain] o.s.b.f.s.DefaultListableBeanFactory - Autowiring by type from bean name 'mvcUriComponentsContributor' via factory method to bean named 'mvcConversionService'
2026-04-11 01:01:26.835 DEBUG [restartedMain] o.s.b.f.s.DefaultListableBeanFactory - Autowiring by type from bean name 'mvcUriComponentsContributor' via factory method to bean named 'requestMappingHandlerAdapter'
2026-04-11 01:01:26.839 DEBUG [restartedMain] o.s.b.f.s.DefaultListableBeanFactory - Creating shared instance of singleton bean 'httpRequestHandlerAdapter'
2026-04-11 01:01:26.839 DEBUG [restartedMain] o.s.b.f.s.DefaultListableBeanFactory - Creating shared instance of singleton bean 'simpleControllerHandlerAdapter'
2026-04-11 01:01:26.839 DEBUG [restartedMain] o.s.b.f.s.DefaultListableBeanFactory - Creating shared instance of singleton bean 'handlerExceptionResolver'
2026-04-11 01:01:26.841 DEBUG [restartedMain] o.s.b.f.s.DefaultListableBeanFactory - Autowiring by type from bean name 'handlerExceptionResolver' via factory method to bean named 'mvcContentNegotiationManager'
2026-04-11 01:01:26.845 DEBUG [restartedMain] o.s.w.s.m.m.a.ExceptionHandlerExceptionResolver - ControllerAdvice beans: 1 @ExceptionHandler, 1 ResponseBodyAdvice
2026-04-11 01:01:26.850 DEBUG [restartedMain] o.s.b.f.s.DefaultListableBeanFactory - Creating shared instance of singleton bean 'mvcViewResolver'
2026-04-11 01:01:26.850 DEBUG [restartedMain] o.s.b.f.s.DefaultListableBeanFactory - Autowiring by type from bean name 'mvcViewResolver' via factory method to bean named 'mvcContentNegotiationManager'
2026-04-11 01:01:26.855 DEBUG [restartedMain] o.s.b.f.s.DefaultListableBeanFactory - Creating shared instance of singleton bean 'viewNameTranslator'
2026-04-11 01:01:26.858 DEBUG [restartedMain] o.s.b.f.s.DefaultListableBeanFactory - Creating shared instance of singleton bean 'defaultViewResolver'
2026-04-11 01:01:26.868 DEBUG [restartedMain] o.s.b.f.s.DefaultListableBeanFactory - Creating shared instance of singleton bean 'viewResolver'
2026-04-11 01:01:26.868 DEBUG [restartedMain] o.s.b.f.s.DefaultListableBeanFactory - Autowiring by type from bean name 'viewResolver' via factory method to bean named 'org.springframework.beans.factory.support.DefaultListableBeanFactory@597ea7c8'
2026-04-11 01:01:26.871 DEBUG [restartedMain] o.s.b.f.s.DefaultListableBeanFactory - Creating shared instance of singleton bean 'viewResolver'
2026-04-11 01:01:26.871 DEBUG [restartedMain] o.s.b.f.s.DefaultListableBeanFactory - Creating shared instance of singleton bean 'org.springframework.boot.autoconfigure.availability.ApplicationAvailabilityAutoConfiguration'
2026-04-11 01:01:26.873 DEBUG [restartedMain] o.s.b.f.s.DefaultListableBeanFactory - Creating shared instance of singleton bean 'applicationAvailability'
2026-04-11 01:01:26.876 DEBUG [restartedMain] o.s.b.f.s.DefaultListableBeanFactory - Creating shared instance of singleton bean 'org.springframework.boot.actuate.autoconfigure.availability.AvailabilityHealthContributorAutoConfiguration'
2026-04-11 01:01:26.877 DEBUG [restartedMain] o.s.b.f.s.DefaultListableBeanFactory - Creating shared instance of singleton bean 'org.springframework.boot.autoconfigure.transaction.jta.JtaAutoConfiguration'
2026-04-11 01:01:26.877 DEBUG [restartedMain] o.s.b.f.s.DefaultListableBeanFactory - Creating shared instance of singleton bean 'org.springframework.boot.autoconfigure.jdbc.metadata.DataSourcePoolMetadataProvidersConfiguration'
2026-04-11 01:01:26.879 DEBUG [restartedMain] o.s.b.f.s.DefaultListableBeanFactory - Creating shared instance of singleton bean 'org.springframework.boot.autoconfigure.jdbc.DataSourceAutoConfiguration'
2026-04-11 01:01:26.879 DEBUG [restartedMain] o.s.b.f.s.DefaultListableBeanFactory - Creating shared instance of singleton bean 'spring.datasource-org.springframework.boot.autoconfigure.jdbc.DataSourceProperties'
2026-04-11 01:01:26.892 DEBUG [restartedMain] o.s.b.f.s.DefaultListableBeanFactory - Creating shared instance of singleton bean 'org.springframework.boot.autoconfigure.orm.jpa.HibernateJpaConfiguration'
2026-04-11 01:01:26.897 DEBUG [restartedMain] o.s.b.f.s.DefaultListableBeanFactory - Creating shared instance of singleton bean 'spring.jpa.hibernate-org.springframework.boot.autoconfigure.orm.jpa.HibernateProperties'
2026-04-11 01:01:26.900 DEBUG [restartedMain] o.s.b.f.s.DefaultListableBeanFactory - Autowiring by type from bean name 'org.springframework.boot.autoconfigure.orm.jpa.HibernateJpaConfiguration' via constructor to bean named 'dataSource'
2026-04-11 01:01:26.901 DEBUG [restartedMain] o.s.b.f.s.DefaultListableBeanFactory - Autowiring by type from bean name 'org.springframework.boot.autoconfigure.orm.jpa.HibernateJpaConfiguration' via constructor to bean named 'spring.jpa-org.springframework.boot.autoconfigure.orm.jpa.JpaProperties'
2026-04-11 01:01:26.901 DEBUG [restartedMain] o.s.b.f.s.DefaultListableBeanFactory - Autowiring by type from bean name 'org.springframework.boot.autoconfigure.orm.jpa.HibernateJpaConfiguration' via constructor to bean named 'org.springframework.beans.factory.support.DefaultListableBeanFactory@597ea7c8'
2026-04-11 01:01:26.901 DEBUG [restartedMain] o.s.b.f.s.DefaultListableBeanFactory - Autowiring by type from bean name 'org.springframework.boot.autoconfigure.orm.jpa.HibernateJpaConfiguration' via constructor to bean named 'spring.jpa.hibernate-org.springframework.boot.autoconfigure.orm.jpa.HibernateProperties'
2026-04-11 01:01:26.909 DEBUG [restartedMain] o.s.b.f.s.DefaultListableBeanFactory - Creating shared instance of singleton bean 'transactionManager'
2026-04-11 01:01:26.924 DEBUG [restartedMain] o.s.b.f.s.DefaultListableBeanFactory - Creating shared instance of singleton bean 'platformTransactionManagerCustomizers'
2026-04-11 01:01:26.925 DEBUG [restartedMain] o.s.b.f.s.DefaultListableBeanFactory - Creating shared instance of singleton bean 'org.springframework.boot.autoconfigure.transaction.TransactionAutoConfiguration'
2026-04-11 01:01:26.928 DEBUG [restartedMain] o.s.b.f.s.DefaultListableBeanFactory - Creating shared instance of singleton bean 'spring.transaction-org.springframework.boot.autoconfigure.transaction.TransactionProperties'
2026-04-11 01:01:26.942 DEBUG [restartedMain] o.s.b.f.s.DefaultListableBeanFactory - Creating shared instance of singleton bean 'jpaVendorAdapter'
2026-04-11 01:01:26.958 DEBUG [restartedMain] o.s.b.f.s.DefaultListableBeanFactory - Creating shared instance of singleton bean 'entityManagerFactoryBuilder'
2026-04-11 01:01:26.961 DEBUG [restartedMain] o.s.b.f.s.DefaultListableBeanFactory - Autowiring by type from bean name 'entityManagerFactoryBuilder' via factory method to bean named 'jpaVendorAdapter'
2026-04-11 01:01:26.966 DEBUG [restartedMain] o.s.b.f.s.DefaultListableBeanFactory - Creating shared instance of singleton bean 'org.springframework.boot.autoconfigure.orm.jpa.HibernateJpaAutoConfiguration'
2026-04-11 01:01:26.969 DEBUG [restartedMain] o.s.b.f.s.DefaultListableBeanFactory - Creating shared instance of singleton bean 'org.springframework.boot.actuate.autoconfigure.web.servlet.ServletManagementContextAutoConfiguration'
2026-04-11 01:01:26.971 DEBUG [restartedMain] o.s.b.f.s.DefaultListableBeanFactory - Creating shared instance of singleton bean 'servletWebChildContextFactory'
2026-04-11 01:01:26.974 DEBUG [restartedMain] o.s.b.f.s.DefaultListableBeanFactory - Creating shared instance of singleton bean 'managementServletContext'
2026-04-11 01:01:26.975 DEBUG [restartedMain] o.s.b.f.s.DefaultListableBeanFactory - Autowiring by type from bean name 'managementServletContext' via factory method to bean named 'management.endpoints.web-org.springframework.boot.actuate.autoconfigure.endpoint.web.WebEndpointProperties'
2026-04-11 01:01:26.976 DEBUG [restartedMain] o.s.b.f.s.DefaultListableBeanFactory - Creating shared instance of singleton bean 'org.springframework.boot.actuate.autoconfigure.health.HealthEndpointConfiguration'
2026-04-11 01:01:26.976 DEBUG [restartedMain] o.s.b.f.s.DefaultListableBeanFactory - Creating shared instance of singleton bean 'healthStatusAggregator'
2026-04-11 01:01:26.979 DEBUG [restartedMain] o.s.b.f.s.DefaultListableBeanFactory - Creating shared instance of singleton bean 'management.endpoint.health-org.springframework.boot.actuate.autoconfigure.health.HealthEndpointProperties'
2026-04-11 01:01:26.985 DEBUG [restartedMain] o.s.b.f.s.DefaultListableBeanFactory - Autowiring by type from bean name 'healthStatusAggregator' via factory method to bean named 'management.endpoint.health-org.springframework.boot.actuate.autoconfigure.health.HealthEndpointProperties'
2026-04-11 01:01:26.994 DEBUG [restartedMain] o.s.b.f.s.DefaultListableBeanFactory - Creating shared instance of singleton bean 'healthHttpCodeStatusMapper'
2026-04-11 01:01:26.994 DEBUG [restartedMain] o.s.b.f.s.DefaultListableBeanFactory - Autowiring by type from bean name 'healthHttpCodeStatusMapper' via factory method to bean named 'management.endpoint.health-org.springframework.boot.actuate.autoconfigure.health.HealthEndpointProperties'
2026-04-11 01:01:26.997 DEBUG [restartedMain] o.s.b.f.s.DefaultListableBeanFactory - Creating shared instance of singleton bean 'healthEndpointGroups'
2026-04-11 01:01:26.997 DEBUG [restartedMain] o.s.b.f.s.DefaultListableBeanFactory - Autowiring by type from bean name 'healthEndpointGroups' via factory method to bean named 'org.springframework.boot.web.servlet.context.AnnotationConfigServletWebServerApplicationContext@5de3e88e'
2026-04-11 01:01:26.997 DEBUG [restartedMain] o.s.b.f.s.DefaultListableBeanFactory - Autowiring by type from bean name 'healthEndpointGroups' via factory method to bean named 'management.endpoint.health-org.springframework.boot.actuate.autoconfigure.health.HealthEndpointProperties'
2026-04-11 01:01:27.015 DEBUG [restartedMain] o.s.b.f.s.DefaultListableBeanFactory - Creating shared instance of singleton bean 'healthContributorRegistry'
2026-04-11 01:01:27.018 DEBUG [restartedMain] o.s.b.f.s.DefaultListableBeanFactory - Creating shared instance of singleton bean 'diskSpaceHealthIndicator'
2026-04-11 01:01:27.018 DEBUG [restartedMain] o.s.b.f.s.DefaultListableBeanFactory - Creating shared instance of singleton bean 'org.springframework.boot.actuate.autoconfigure.system.DiskSpaceHealthContributorAutoConfiguration'
2026-04-11 01:01:27.021 DEBUG [restartedMain] o.s.b.f.s.DefaultListableBeanFactory - Creating shared instance of singleton bean 'management.health.diskspace-org.springframework.boot.actuate.autoconfigure.system.DiskSpaceHealthIndicatorProperties'
2026-04-11 01:01:27.023 DEBUG [restartedMain] o.s.b.f.s.DefaultListableBeanFactory - Autowiring by type from bean name 'diskSpaceHealthIndicator' via factory method to bean named 'management.health.diskspace-org.springframework.boot.actuate.autoconfigure.system.DiskSpaceHealthIndicatorProperties'
2026-04-11 01:01:27.027 DEBUG [restartedMain] o.s.b.f.s.DefaultListableBeanFactory - Creating shared instance of singleton bean 'pingHealthContributor'
2026-04-11 01:01:27.027 DEBUG [restartedMain] o.s.b.f.s.DefaultListableBeanFactory - Creating shared instance of singleton bean 'org.springframework.boot.actuate.autoconfigure.health.HealthContributorAutoConfiguration'
2026-04-11 01:01:27.029 DEBUG [restartedMain] o.s.b.f.s.DefaultListableBeanFactory - Creating shared instance of singleton bean 'dbHealthContributor'
2026-04-11 01:01:27.029 DEBUG [restartedMain] o.s.b.f.s.DefaultListableBeanFactory - Creating shared instance of singleton bean 'org.springframework.boot.actuate.autoconfigure.jdbc.DataSourceHealthContributorAutoConfiguration'
2026-04-11 01:01:27.030 DEBUG [restartedMain] o.s.b.f.s.DefaultListableBeanFactory - Creating shared instance of singleton bean 'management.health.db-org.springframework.boot.actuate.autoconfigure.jdbc.DataSourceHealthIndicatorProperties'
2026-04-11 01:01:27.032 DEBUG [restartedMain] o.s.b.f.s.DefaultListableBeanFactory - Autowiring by type from bean name 'dbHealthContributor' via factory method to bean named 'dataSource'
2026-04-11 01:01:27.032 DEBUG [restartedMain] o.s.b.f.s.DefaultListableBeanFactory - Autowiring by type from bean name 'dbHealthContributor' via factory method to bean named 'management.health.db-org.springframework.boot.actuate.autoconfigure.jdbc.DataSourceHealthIndicatorProperties'
2026-04-11 01:01:27.046 DEBUG [restartedMain] o.s.b.f.s.DefaultListableBeanFactory - Autowiring by type from bean name 'healthContributorRegistry' via factory method to bean named 'org.springframework.boot.web.servlet.context.AnnotationConfigServletWebServerApplicationContext@5de3e88e'
2026-04-11 01:01:27.046 DEBUG [restartedMain] o.s.b.f.s.DefaultListableBeanFactory - Autowiring by type from bean name 'healthContributorRegistry' via factory method to bean named 'healthEndpointGroups'
2026-04-11 01:01:27.046 DEBUG [restartedMain] o.s.b.f.s.DefaultListableBeanFactory - Autowiring by type from bean name 'healthContributorRegistry' via factory method to bean named 'diskSpaceHealthIndicator'
2026-04-11 01:01:27.046 DEBUG [restartedMain] o.s.b.f.s.DefaultListableBeanFactory - Autowiring by type from bean name 'healthContributorRegistry' via factory method to bean named 'pingHealthContributor'
2026-04-11 01:01:27.046 DEBUG [restartedMain] o.s.b.f.s.DefaultListableBeanFactory - Autowiring by type from bean name 'healthContributorRegistry' via factory method to bean named 'dbHealthContributor'
2026-04-11 01:01:27.055 DEBUG [restartedMain] o.s.b.f.s.DefaultListableBeanFactory - Creating shared instance of singleton bean 'healthEndpoint'
2026-04-11 01:01:27.055 DEBUG [restartedMain] o.s.b.f.s.DefaultListableBeanFactory - Autowiring by type from bean name 'healthEndpoint' via factory method to bean named 'healthContributorRegistry'
2026-04-11 01:01:27.055 DEBUG [restartedMain] o.s.b.f.s.DefaultListableBeanFactory - Autowiring by type from bean name 'healthEndpoint' via factory method to bean named 'healthEndpointGroups'
2026-04-11 01:01:27.055 DEBUG [restartedMain] o.s.b.f.s.DefaultListableBeanFactory - Autowiring by type from bean name 'healthEndpoint' via factory method to bean named 'management.endpoint.health-org.springframework.boot.actuate.autoconfigure.health.HealthEndpointProperties'
2026-04-11 01:01:27.063 DEBUG [restartedMain] o.s.b.f.s.DefaultListableBeanFactory - Creating shared instance of singleton bean 'org.springframework.boot.actuate.autoconfigure.health.HealthEndpointWebExtensionConfiguration$MvcAdditionalHealthEndpointPathsConfiguration'
2026-04-11 01:01:27.063 DEBUG [restartedMain] o.s.b.f.s.DefaultListableBeanFactory - Creating shared instance of singleton bean 'healthEndpointWebMvcHandlerMapping'
2026-04-11 01:01:27.063 DEBUG [restartedMain] o.s.b.f.s.DefaultListableBeanFactory - Creating shared instance of singleton bean 'webEndpointDiscoverer'
2026-04-11 01:01:27.065 DEBUG [restartedMain] o.s.b.f.s.DefaultListableBeanFactory - Creating shared instance of singleton bean 'endpointOperationParameterMapper'
2026-04-11 01:01:27.065 DEBUG [restartedMain] o.s.b.f.s.DefaultListableBeanFactory - Creating shared instance of singleton bean 'org.springframework.boot.actuate.autoconfigure.endpoint.EndpointAutoConfiguration'
2026-04-11 01:01:27.071 DEBUG [restartedMain] o.s.b.f.s.DefaultListableBeanFactory - Creating shared instance of singleton bean 'endpointMediaTypes'
2026-04-11 01:01:27.073 DEBUG [restartedMain] o.s.b.f.s.DefaultListableBeanFactory - Autowiring by type from bean name 'webEndpointDiscoverer' via factory method to bean named 'endpointOperationParameterMapper'
2026-04-11 01:01:27.073 DEBUG [restartedMain] o.s.b.f.s.DefaultListableBeanFactory - Autowiring by type from bean name 'webEndpointDiscoverer' via factory method to bean named 'endpointMediaTypes'
2026-04-11 01:01:27.076 DEBUG [restartedMain] o.s.b.f.s.DefaultListableBeanFactory - Creating shared instance of singleton bean 'endpointCachingOperationInvokerAdvisor'
2026-04-11 01:01:27.076 DEBUG [restartedMain] o.s.b.f.s.DefaultListableBeanFactory - Autowiring by type from bean name 'endpointCachingOperationInvokerAdvisor' via factory method to bean named 'environment'
2026-04-11 01:01:27.079 DEBUG [restartedMain] o.s.b.f.s.DefaultListableBeanFactory - Creating shared instance of singleton bean 'webExposeExcludePropertyEndpointFilter'
2026-04-11 01:01:27.082 DEBUG [restartedMain] o.s.b.f.s.DefaultListableBeanFactory - Autowiring by type from bean name 'healthEndpointWebMvcHandlerMapping' via factory method to bean named 'webEndpointDiscoverer'
2026-04-11 01:01:27.082 DEBUG [restartedMain] o.s.b.f.s.DefaultListableBeanFactory - Autowiring by type from bean name 'healthEndpointWebMvcHandlerMapping' via factory method to bean named 'healthEndpointGroups'
2026-04-11 01:01:27.126 DEBUG [restartedMain] o.s.b.f.s.DefaultListableBeanFactory - Creating shared instance of singleton bean 'healthEndpointWebExtension'
2026-04-11 01:01:27.126 DEBUG [restartedMain] o.s.b.f.s.DefaultListableBeanFactory - Creating shared instance of singleton bean 'org.springframework.boot.actuate.autoconfigure.health.HealthEndpointWebExtensionConfiguration'
2026-04-11 01:01:27.128 DEBUG [restartedMain] o.s.b.f.s.DefaultListableBeanFactory - Autowiring by type from bean name 'healthEndpointWebExtension' via factory method to bean named 'healthContributorRegistry'
2026-04-11 01:01:27.128 DEBUG [restartedMain] o.s.b.f.s.DefaultListableBeanFactory - Autowiring by type from bean name 'healthEndpointWebExtension' via factory method to bean named 'healthEndpointGroups'
2026-04-11 01:01:27.128 DEBUG [restartedMain] o.s.b.f.s.DefaultListableBeanFactory - Autowiring by type from bean name 'healthEndpointWebExtension' via factory method to bean named 'management.endpoint.health-org.springframework.boot.actuate.autoconfigure.health.HealthEndpointProperties'
2026-04-11 01:01:27.149 DEBUG [restartedMain] o.s.b.f.s.DefaultListableBeanFactory - Creating shared instance of singleton bean 'org.springframework.boot.actuate.autoconfigure.health.HealthEndpointAutoConfiguration'
2026-04-11 01:01:27.150 DEBUG [restartedMain] o.s.b.f.s.DefaultListableBeanFactory - Creating shared instance of singleton bean 'org.springframework.boot.autoconfigure.info.ProjectInfoAutoConfiguration'
2026-04-11 01:01:27.154 DEBUG [restartedMain] o.s.b.f.s.DefaultListableBeanFactory - Creating shared instance of singleton bean 'spring.info-org.springframework.boot.autoconfigure.info.ProjectInfoProperties'
2026-04-11 01:01:27.158 DEBUG [restartedMain] o.s.b.f.s.DefaultListableBeanFactory - Autowiring by type from bean name 'org.springframework.boot.autoconfigure.info.ProjectInfoAutoConfiguration' via constructor to bean named 'spring.info-org.springframework.boot.autoconfigure.info.ProjectInfoProperties'
2026-04-11 01:01:27.158 DEBUG [restartedMain] o.s.b.f.s.DefaultListableBeanFactory - Creating shared instance of singleton bean 'org.springframework.boot.actuate.autoconfigure.info.InfoContributorAutoConfiguration'
2026-04-11 01:01:27.166 DEBUG [restartedMain] o.s.b.f.s.DefaultListableBeanFactory - Creating shared instance of singleton bean 'management.info-org.springframework.boot.actuate.autoconfigure.info.InfoContributorProperties'
2026-04-11 01:01:27.172 DEBUG [restartedMain] o.s.b.f.s.DefaultListableBeanFactory - Creating shared instance of singleton bean 'controllerEndpointDiscoverer'
2026-04-11 01:01:27.175 DEBUG [restartedMain] o.s.b.f.s.DefaultListableBeanFactory - Creating shared instance of singleton bean 'controllerExposeExcludePropertyEndpointFilter'
2026-04-11 01:01:27.176 DEBUG [restartedMain] o.s.b.f.s.DefaultListableBeanFactory - Creating shared instance of singleton bean 'pathMappedEndpoints'
2026-04-11 01:01:27.178 DEBUG [restartedMain] o.s.b.f.s.DefaultListableBeanFactory - Autowiring by type from bean name 'pathMappedEndpoints' via factory method to bean named 'servletEndpointDiscoverer'
2026-04-11 01:01:27.178 DEBUG [restartedMain] o.s.b.f.s.DefaultListableBeanFactory - Autowiring by type from bean name 'pathMappedEndpoints' via factory method to bean named 'webEndpointDiscoverer'
2026-04-11 01:01:27.178 DEBUG [restartedMain] o.s.b.f.s.DefaultListableBeanFactory - Autowiring by type from bean name 'pathMappedEndpoints' via factory method to bean named 'controllerEndpointDiscoverer'
2026-04-11 01:01:27.189 DEBUG [restartedMain] o.s.b.f.s.DefaultListableBeanFactory - Creating shared instance of singleton bean 'org.springframework.boot.actuate.autoconfigure.metrics.CompositeMeterRegistryAutoConfiguration'
2026-04-11 01:01:27.191 DEBUG [restartedMain] o.s.b.f.s.DefaultListableBeanFactory - Creating shared instance of singleton bean 'org.springframework.boot.actuate.autoconfigure.metrics.data.RepositoryMetricsAutoConfiguration'
2026-04-11 01:01:27.191 DEBUG [restartedMain] o.s.b.f.s.DefaultListableBeanFactory - Autowiring by type from bean name 'org.springframework.boot.actuate.autoconfigure.metrics.data.RepositoryMetricsAutoConfiguration' via constructor to bean named 'management.metrics-org.springframework.boot.actuate.autoconfigure.metrics.MetricsProperties'
2026-04-11 01:01:27.192 DEBUG [restartedMain] o.s.b.f.s.DefaultListableBeanFactory - Creating shared instance of singleton bean 'repositoryTagsProvider'
2026-04-11 01:01:27.195 DEBUG [restartedMain] o.s.b.f.s.DefaultListableBeanFactory - Creating shared instance of singleton bean 'metricsRepositoryMethodInvocationListener'
2026-04-11 01:01:27.197 DEBUG [restartedMain] o.s.b.f.s.DefaultListableBeanFactory - Autowiring by type from bean name 'metricsRepositoryMethodInvocationListener' via factory method to bean named 'repositoryTagsProvider'
2026-04-11 01:01:27.198 DEBUG [restartedMain] o.s.b.f.s.DefaultListableBeanFactory - Creating shared instance of singleton bean 'org.springframework.boot.actuate.autoconfigure.metrics.integration.IntegrationMetricsAutoConfiguration'
2026-04-11 01:01:27.201 DEBUG [restartedMain] o.s.b.f.s.DefaultListableBeanFactory - Creating shared instance of singleton bean 'org.springframework.boot.actuate.autoconfigure.metrics.jdbc.DataSourcePoolMetricsAutoConfiguration'
2026-04-11 01:01:27.203 DEBUG [restartedMain] o.s.b.f.s.DefaultListableBeanFactory - Creating shared instance of singleton bean 'org.springframework.boot.actuate.autoconfigure.metrics.startup.StartupTimeMetricsListenerAutoConfiguration'
2026-04-11 01:01:27.204 DEBUG [restartedMain] o.s.b.f.s.DefaultListableBeanFactory - Creating shared instance of singleton bean 'startupTimeMetrics'
2026-04-11 01:01:27.204 DEBUG [restartedMain] o.s.b.f.s.DefaultListableBeanFactory - Autowiring by type from bean name 'startupTimeMetrics' via factory method to bean named 'simpleMeterRegistry'
2026-04-11 01:01:27.207 DEBUG [restartedMain] o.s.b.f.s.DefaultListableBeanFactory - Creating shared instance of singleton bean 'org.springframework.boot.autoconfigure.task.TaskSchedulingAutoConfiguration'
2026-04-11 01:01:27.209 DEBUG [restartedMain] o.s.b.f.s.DefaultListableBeanFactory - Creating shared instance of singleton bean 'taskSchedulerBuilder'
2026-04-11 01:01:27.210 DEBUG [restartedMain] o.s.b.f.s.DefaultListableBeanFactory - Creating shared instance of singleton bean 'spring.task.scheduling-org.springframework.boot.autoconfigure.task.TaskSchedulingProperties'
2026-04-11 01:01:27.213 DEBUG [restartedMain] o.s.b.f.s.DefaultListableBeanFactory - Autowiring by type from bean name 'taskSchedulerBuilder' via factory method to bean named 'spring.task.scheduling-org.springframework.boot.autoconfigure.task.TaskSchedulingProperties'
2026-04-11 01:01:27.216 DEBUG [restartedMain] o.s.b.f.s.DefaultListableBeanFactory - Creating shared instance of singleton bean 'org.springframework.boot.actuate.autoconfigure.metrics.task.TaskExecutorMetricsAutoConfiguration'
2026-04-11 01:01:27.231 DEBUG [restartedMain] o.s.b.f.s.DefaultListableBeanFactory - Creating shared instance of singleton bean 'eagerTaskExecutorMetrics'
2026-04-11 01:01:27.232 DEBUG [restartedMain] o.s.b.f.s.DefaultListableBeanFactory - Creating shared instance of singleton bean 'org.springframework.boot.autoconfigure.http.JacksonHttpMessageConvertersConfiguration'
2026-04-11 01:01:27.233 DEBUG [restartedMain] o.s.b.f.s.DefaultListableBeanFactory - Creating shared instance of singleton bean 'org.springframework.boot.autoconfigure.web.client.RestTemplateAutoConfiguration'
2026-04-11 01:01:27.234 DEBUG [restartedMain] o.s.b.f.s.DefaultListableBeanFactory - Creating shared instance of singleton bean 'org.springframework.boot.actuate.autoconfigure.metrics.web.client.RestTemplateMetricsConfiguration'
2026-04-11 01:01:27.236 DEBUG [restartedMain] o.s.b.f.s.DefaultListableBeanFactory - Creating shared instance of singleton bean 'restTemplateExchangeTagsProvider'
2026-04-11 01:01:27.241 DEBUG [restartedMain] o.s.b.f.s.DefaultListableBeanFactory - Creating shared instance of singleton bean 'metricsRestTemplateCustomizer'
2026-04-11 01:01:27.242 DEBUG [restartedMain] o.s.b.f.s.DefaultListableBeanFactory - Autowiring by type from bean name 'metricsRestTemplateCustomizer' via factory method to bean named 'simpleMeterRegistry'
2026-04-11 01:01:27.242 DEBUG [restartedMain] o.s.b.f.s.DefaultListableBeanFactory - Autowiring by type from bean name 'metricsRestTemplateCustomizer' via factory method to bean named 'restTemplateExchangeTagsProvider'
2026-04-11 01:01:27.242 DEBUG [restartedMain] o.s.b.f.s.DefaultListableBeanFactory - Autowiring by type from bean name 'metricsRestTemplateCustomizer' via factory method to bean named 'management.metrics-org.springframework.boot.actuate.autoconfigure.metrics.MetricsProperties'
2026-04-11 01:01:27.245 DEBUG [restartedMain] o.s.b.f.s.DefaultListableBeanFactory - Creating shared instance of singleton bean 'org.springframework.boot.actuate.autoconfigure.metrics.web.tomcat.TomcatMetricsAutoConfiguration'
2026-04-11 01:01:27.245 DEBUG [restartedMain] o.s.b.f.s.DefaultListableBeanFactory - Creating shared instance of singleton bean 'tomcatMetricsBinder'
2026-04-11 01:01:27.247 DEBUG [restartedMain] o.s.b.f.s.DefaultListableBeanFactory - Autowiring by type from bean name 'tomcatMetricsBinder' via factory method to bean named 'simpleMeterRegistry'
2026-04-11 01:01:27.247 DEBUG [restartedMain] o.s.b.f.s.DefaultListableBeanFactory - Creating shared instance of singleton bean 'org.springframework.boot.autoconfigure.aop.AopAutoConfiguration$AspectJAutoProxyingConfiguration$CglibAutoProxyConfiguration'
2026-04-11 01:01:27.247 DEBUG [restartedMain] o.s.b.f.s.DefaultListableBeanFactory - Creating shared instance of singleton bean 'org.springframework.boot.autoconfigure.aop.AopAutoConfiguration$AspectJAutoProxyingConfiguration'
2026-04-11 01:01:27.249 DEBUG [restartedMain] o.s.b.f.s.DefaultListableBeanFactory - Creating shared instance of singleton bean 'org.springframework.boot.autoconfigure.aop.AopAutoConfiguration'
2026-04-11 01:01:27.249 DEBUG [restartedMain] o.s.b.f.s.DefaultListableBeanFactory - Creating shared instance of singleton bean 'org.springframework.boot.autoconfigure.context.ConfigurationPropertiesAutoConfiguration'
2026-04-11 01:01:27.249 DEBUG [restartedMain] o.s.b.f.s.DefaultListableBeanFactory - Creating shared instance of singleton bean 'org.springframework.boot.autoconfigure.context.LifecycleAutoConfiguration'
2026-04-11 01:01:27.250 DEBUG [restartedMain] o.s.b.f.s.DefaultListableBeanFactory - Creating shared instance of singleton bean 'lifecycleProcessor'
2026-04-11 01:01:27.252 DEBUG [restartedMain] o.s.b.f.s.DefaultListableBeanFactory - Creating shared instance of singleton bean 'spring.lifecycle-org.springframework.boot.autoconfigure.context.LifecycleProperties'
2026-04-11 01:01:27.255 DEBUG [restartedMain] o.s.b.f.s.DefaultListableBeanFactory - Autowiring by type from bean name 'lifecycleProcessor' via factory method to bean named 'spring.lifecycle-org.springframework.boot.autoconfigure.context.LifecycleProperties'
2026-04-11 01:01:27.258 DEBUG [restartedMain] o.s.b.f.s.DefaultListableBeanFactory - Creating shared instance of singleton bean 'org.springframework.boot.autoconfigure.dao.PersistenceExceptionTranslationAutoConfiguration'
2026-04-11 01:01:27.258 DEBUG [restartedMain] o.s.b.f.s.DefaultListableBeanFactory - Creating shared instance of singleton bean 'org.springframework.boot.autoconfigure.data.jpa.JpaRepositoriesAutoConfiguration'
2026-04-11 01:01:27.258 DEBUG [restartedMain] o.s.b.f.s.DefaultListableBeanFactory - Creating shared instance of singleton bean 'org.springframework.data.jpa.util.JpaMetamodelCacheCleanup'
2026-04-11 01:01:27.260 DEBUG [restartedMain] o.s.b.f.s.DefaultListableBeanFactory - Creating shared instance of singleton bean 'org.springframework.data.jpa.repository.support.JpaEvaluationContextExtension'
2026-04-11 01:01:27.263 DEBUG [restartedMain] o.s.b.f.s.DefaultListableBeanFactory - Creating shared instance of singleton bean 'org.springframework.data.web.config.ProjectingArgumentResolverRegistrar'
2026-04-11 01:01:27.265 DEBUG [restartedMain] o.s.b.f.s.DefaultListableBeanFactory - Creating shared instance of singleton bean 'org.springframework.boot.autoconfigure.jdbc.JdbcTemplateConfiguration'
2026-04-11 01:01:27.265 DEBUG [restartedMain] o.s.b.f.s.DefaultListableBeanFactory - Creating shared instance of singleton bean 'jdbcTemplate'
2026-04-11 01:01:27.265 DEBUG [restartedMain] o.s.b.f.s.DefaultListableBeanFactory - Creating shared instance of singleton bean 'spring.jdbc-org.springframework.boot.autoconfigure.jdbc.JdbcProperties'
2026-04-11 01:01:27.266 DEBUG [restartedMain] o.s.b.f.s.DefaultListableBeanFactory - Autowiring by type from bean name 'jdbcTemplate' via factory method to bean named 'dataSource'
2026-04-11 01:01:27.266 DEBUG [restartedMain] o.s.b.f.s.DefaultListableBeanFactory - Autowiring by type from bean name 'jdbcTemplate' via factory method to bean named 'spring.jdbc-org.springframework.boot.autoconfigure.jdbc.JdbcProperties'
2026-04-11 01:01:27.276 DEBUG [restartedMain] o.s.b.f.s.DefaultListableBeanFactory - Creating shared instance of singleton bean 'org.springframework.boot.autoconfigure.jdbc.NamedParameterJdbcTemplateConfiguration'
2026-04-11 01:01:27.276 DEBUG [restartedMain] o.s.b.f.s.DefaultListableBeanFactory - Creating shared instance of singleton bean 'namedParameterJdbcTemplate'
2026-04-11 01:01:27.278 DEBUG [restartedMain] o.s.b.f.s.DefaultListableBeanFactory - Autowiring by type from bean name 'namedParameterJdbcTemplate' via factory method to bean named 'jdbcTemplate'
2026-04-11 01:01:27.286 DEBUG [restartedMain] o.s.b.f.s.DefaultListableBeanFactory - Creating shared instance of singleton bean 'org.springframework.boot.autoconfigure.jdbc.JdbcTemplateAutoConfiguration'
2026-04-11 01:01:27.288 DEBUG [restartedMain] o.s.b.f.s.DefaultListableBeanFactory - Creating shared instance of singleton bean 'org.springframework.boot.autoconfigure.sql.init.SqlInitializationAutoConfiguration'
2026-04-11 01:01:27.289 DEBUG [restartedMain] o.s.b.f.s.DefaultListableBeanFactory - Creating shared instance of singleton bean 'org.springframework.boot.autoconfigure.jdbc.DataSourceTransactionManagerAutoConfiguration$JdbcTransactionManagerConfiguration'
2026-04-11 01:01:27.291 DEBUG [restartedMain] o.s.b.f.s.DefaultListableBeanFactory - Creating shared instance of singleton bean 'org.springframework.boot.autoconfigure.jdbc.DataSourceTransactionManagerAutoConfiguration'
2026-04-11 01:01:27.291 DEBUG [restartedMain] o.s.b.f.s.DefaultListableBeanFactory - Creating shared instance of singleton bean 'org.springframework.boot.autoconfigure.transaction.TransactionAutoConfiguration$TransactionTemplateConfiguration'
2026-04-11 01:01:27.291 DEBUG [restartedMain] o.s.b.f.s.DefaultListableBeanFactory - Creating shared instance of singleton bean 'transactionTemplate'
2026-04-11 01:01:27.293 DEBUG [restartedMain] o.s.b.f.s.DefaultListableBeanFactory - Autowiring by type from bean name 'transactionTemplate' via factory method to bean named 'transactionManager'
2026-04-11 01:01:27.295 DEBUG [restartedMain] o.s.b.f.s.DefaultListableBeanFactory - Creating shared instance of singleton bean 'org.springframework.boot.autoconfigure.web.embedded.EmbeddedWebServerFactoryCustomizerAutoConfiguration'
2026-04-11 01:01:27.296 DEBUG [restartedMain] o.s.b.f.s.DefaultListableBeanFactory - Creating shared instance of singleton bean 'multipartResolver'
2026-04-11 01:01:27.298 DEBUG [restartedMain] o.s.b.f.s.DefaultListableBeanFactory - Creating shared instance of singleton bean 'org.springframework.boot.devtools.autoconfigure.LocalDevToolsAutoConfiguration$RestartConfiguration'
2026-04-11 01:01:27.299 DEBUG [restartedMain] o.s.b.f.s.DefaultListableBeanFactory - Creating shared instance of singleton bean 'spring.devtools-org.springframework.boot.devtools.autoconfigure.DevToolsProperties'
2026-04-11 01:01:27.304 DEBUG [restartedMain] o.s.b.f.s.DefaultListableBeanFactory - Autowiring by type from bean name 'org.springframework.boot.devtools.autoconfigure.LocalDevToolsAutoConfiguration$RestartConfiguration' via constructor to bean named 'spring.devtools-org.springframework.boot.devtools.autoconfigure.DevToolsProperties'
2026-04-11 01:01:27.305 DEBUG [restartedMain] o.s.b.f.s.DefaultListableBeanFactory - Creating shared instance of singleton bean 'restartingClassPathChangedEventListener'
2026-04-11 01:01:27.305 DEBUG [restartedMain] o.s.b.f.s.DefaultListableBeanFactory - Creating shared instance of singleton bean 'fileSystemWatcherFactory'
2026-04-11 01:01:27.307 DEBUG [restartedMain] o.s.b.f.s.DefaultListableBeanFactory - Autowiring by type from bean name 'restartingClassPathChangedEventListener' via factory method to bean named 'fileSystemWatcherFactory'
2026-04-11 01:01:27.309 DEBUG [restartedMain] o.s.b.f.s.DefaultListableBeanFactory - Creating shared instance of singleton bean 'classPathFileSystemWatcher'
2026-04-11 01:01:27.309 DEBUG [restartedMain] o.s.b.f.s.DefaultListableBeanFactory - Creating shared instance of singleton bean 'classPathRestartStrategy'
2026-04-11 01:01:27.312 DEBUG [restartedMain] o.s.b.f.s.DefaultListableBeanFactory - Autowiring by type from bean name 'classPathFileSystemWatcher' via factory method to bean named 'fileSystemWatcherFactory'
2026-04-11 01:01:27.312 DEBUG [restartedMain] o.s.b.f.s.DefaultListableBeanFactory - Autowiring by type from bean name 'classPathFileSystemWatcher' via factory method to bean named 'classPathRestartStrategy'
2026-04-11 01:01:27.349 DEBUG [restartedMain] o.s.b.f.s.DefaultListableBeanFactory - Creating shared instance of singleton bean 'conditionEvaluationDeltaLoggingListener'
2026-04-11 01:01:27.353 DEBUG [restartedMain] o.s.b.f.s.DefaultListableBeanFactory - Creating shared instance of singleton bean 'org.springframework.boot.devtools.autoconfigure.LocalDevToolsAutoConfiguration$LiveReloadConfiguration'
2026-04-11 01:01:27.353 DEBUG [restartedMain] o.s.b.f.s.DefaultListableBeanFactory - Creating shared instance of singleton bean 'optionalLiveReloadServer'
2026-04-11 01:01:27.356 DEBUG [restartedMain] o.s.b.f.s.DefaultListableBeanFactory - Autowiring by type from bean name 'liveReloadServer' via factory method to bean named 'spring.devtools-org.springframework.boot.devtools.autoconfigure.DevToolsProperties'
2026-04-11 01:01:27.362 DEBUG [restartedMain] o.s.b.f.s.DefaultListableBeanFactory - Autowiring by type from bean name 'optionalLiveReloadServer' via factory method to bean named 'liveReloadServer'
2026-04-11 01:01:27.364 DEBUG [restartedMain] o.s.b.d.livereload.LiveReloadServer - Starting live reload server on port 35729
2026-04-11 01:01:27.370 INFO  [restartedMain] o.s.b.d.a.OptionalLiveReloadServer - LiveReload server is running on port 35729
2026-04-11 01:01:27.370 DEBUG [restartedMain] o.s.b.f.s.DefaultListableBeanFactory - Creating shared instance of singleton bean 'liveReloadServerEventListener'
2026-04-11 01:01:27.372 DEBUG [restartedMain] o.s.b.f.s.DefaultListableBeanFactory - Autowiring by type from bean name 'liveReloadServerEventListener' via factory method to bean named 'optionalLiveReloadServer'
2026-04-11 01:01:27.373 DEBUG [restartedMain] o.s.b.f.s.DefaultListableBeanFactory - Creating shared instance of singleton bean 'org.springframework.boot.devtools.autoconfigure.LocalDevToolsAutoConfiguration'
2026-04-11 01:01:27.373 DEBUG [restartedMain] o.s.b.f.s.DefaultListableBeanFactory - Creating shared instance of singleton bean 'org.springframework.boot.actuate.autoconfigure.endpoint.web.servlet.WebMvcEndpointManagementContextConfiguration'
2026-04-11 01:01:27.375 DEBUG [restartedMain] o.s.b.f.s.DefaultListableBeanFactory - Creating shared instance of singleton bean 'webEndpointServletHandlerMapping'
2026-04-11 01:01:27.375 DEBUG [restartedMain] o.s.b.f.s.DefaultListableBeanFactory - Creating shared instance of singleton bean 'management.endpoints.web.cors-org.springframework.boot.actuate.autoconfigure.endpoint.web.CorsEndpointProperties'
2026-04-11 01:01:27.378 DEBUG [restartedMain] o.s.b.f.s.DefaultListableBeanFactory - Autowiring by type from bean name 'webEndpointServletHandlerMapping' via factory method to bean named 'webEndpointDiscoverer'
2026-04-11 01:01:27.378 DEBUG [restartedMain] o.s.b.f.s.DefaultListableBeanFactory - Autowiring by type from bean name 'webEndpointServletHandlerMapping' via factory method to bean named 'servletEndpointDiscoverer'
2026-04-11 01:01:27.378 DEBUG [restartedMain] o.s.b.f.s.DefaultListableBeanFactory - Autowiring by type from bean name 'webEndpointServletHandlerMapping' via factory method to bean named 'controllerEndpointDiscoverer'
2026-04-11 01:01:27.378 DEBUG [restartedMain] o.s.b.f.s.DefaultListableBeanFactory - Autowiring by type from bean name 'webEndpointServletHandlerMapping' via factory method to bean named 'endpointMediaTypes'
2026-04-11 01:01:27.378 DEBUG [restartedMain] o.s.b.f.s.DefaultListableBeanFactory - Autowiring by type from bean name 'webEndpointServletHandlerMapping' via factory method to bean named 'management.endpoints.web.cors-org.springframework.boot.actuate.autoconfigure.endpoint.web.CorsEndpointProperties'
2026-04-11 01:01:27.378 DEBUG [restartedMain] o.s.b.f.s.DefaultListableBeanFactory - Autowiring by type from bean name 'webEndpointServletHandlerMapping' via factory method to bean named 'management.endpoints.web-org.springframework.boot.actuate.autoconfigure.endpoint.web.WebEndpointProperties'
2026-04-11 01:01:27.378 DEBUG [restartedMain] o.s.b.f.s.DefaultListableBeanFactory - Autowiring by type from bean name 'webEndpointServletHandlerMapping' via factory method to bean named 'environment'
2026-04-11 01:01:27.381 INFO  [restartedMain] o.s.b.a.e.web.EndpointLinksResolver - Exposing 1 endpoint(s) beneath base path '/actuator'
2026-04-11 01:01:27.393 DEBUG [restartedMain] o.s.b.f.s.DefaultListableBeanFactory - Creating shared instance of singleton bean 'controllerEndpointHandlerMapping'
2026-04-11 01:01:27.395 DEBUG [restartedMain] o.s.b.f.s.DefaultListableBeanFactory - Autowiring by type from bean name 'controllerEndpointHandlerMapping' via factory method to bean named 'controllerEndpointDiscoverer'
2026-04-11 01:01:27.395 DEBUG [restartedMain] o.s.b.f.s.DefaultListableBeanFactory - Autowiring by type from bean name 'controllerEndpointHandlerMapping' via factory method to bean named 'management.endpoints.web.cors-org.springframework.boot.actuate.autoconfigure.endpoint.web.CorsEndpointProperties'
2026-04-11 01:01:27.395 DEBUG [restartedMain] o.s.b.f.s.DefaultListableBeanFactory - Autowiring by type from bean name 'controllerEndpointHandlerMapping' via factory method to bean named 'management.endpoints.web-org.springframework.boot.actuate.autoconfigure.endpoint.web.WebEndpointProperties'
2026-04-11 01:01:27.400 DEBUG [restartedMain] o.s.b.f.s.DefaultListableBeanFactory - Creating shared instance of singleton bean 'org.springframework.boot.actuate.autoconfigure.web.server.ManagementContextAutoConfiguration$SameManagementContextConfiguration$EnableSameManagementContextConfiguration'
2026-04-11 01:01:27.400 DEBUG [restartedMain] o.s.b.f.s.DefaultListableBeanFactory - Creating shared instance of singleton bean 'org.springframework.boot.actuate.autoconfigure.web.server.ManagementContextAutoConfiguration$SameManagementContextConfiguration'
2026-04-11 01:01:27.403 DEBUG [restartedMain] o.s.b.f.s.DefaultListableBeanFactory - Autowiring by type from bean name 'org.springframework.boot.actuate.autoconfigure.web.server.ManagementContextAutoConfiguration$SameManagementContextConfiguration' via constructor to bean named 'environment'
2026-04-11 01:01:27.406 DEBUG [restartedMain] o.s.b.f.s.DefaultListableBeanFactory - Creating shared instance of singleton bean 'org.springframework.boot.actuate.autoconfigure.web.server.ManagementContextAutoConfiguration'
2026-04-11 01:01:27.406 DEBUG [restartedMain] o.s.b.f.s.DefaultListableBeanFactory - Creating shared instance of singleton bean 'management.server-org.springframework.boot.actuate.autoconfigure.web.server.ManagementServerProperties'
2026-04-11 01:01:27.435 DEBUG [restartedMain] o.s.c.s.DefaultLifecycleProcessor - Starting beans in phase -2147483647
2026-04-11 01:01:27.435 DEBUG [restartedMain] o.s.c.s.DefaultLifecycleProcessor - Successfully started bean 'springBootLoggingLifecycle'
2026-04-11 01:01:27.435 DEBUG [restartedMain] o.s.c.s.DefaultLifecycleProcessor - Starting beans in phase 2147483646
2026-04-11 01:01:27.436 INFO  [restartedMain] o.a.coyote.http11.Http11NioProtocol - Starting ProtocolHandler ["http-nio-8080"]
2026-04-11 01:01:27.491 INFO  [restartedMain] o.s.b.w.e.tomcat.TomcatWebServer - Tomcat started on port(s): 8080 (http) with context path ''
2026-04-11 01:01:27.493 DEBUG [restartedMain] o.s.c.s.DefaultLifecycleProcessor - Successfully started bean 'webServerStartStop'
2026-04-11 01:01:27.493 DEBUG [restartedMain] o.s.c.s.DefaultLifecycleProcessor - Starting beans in phase 2147483647
2026-04-11 01:01:27.493 DEBUG [restartedMain] o.s.c.s.DefaultLifecycleProcessor - Successfully started bean 'webServerGracefulShutdown'
2026-04-11 01:01:27.517 DEBUG [restartedMain] o.s.b.a.l.ConditionEvaluationReportLoggingListener - 


============================
CONDITIONS EVALUATION REPORT
============================


Positive matches:
-----------------

   AopAutoConfiguration matched:
      - @ConditionalOnProperty (spring.aop.auto=true) matched (OnPropertyCondition)

   AopAutoConfiguration.AspectJAutoProxyingConfiguration matched:
      - @ConditionalOnClass found required class 'org.aspectj.weaver.Advice' (OnClassCondition)

   AopAutoConfiguration.AspectJAutoProxyingConfiguration.CglibAutoProxyConfiguration matched:
      - @ConditionalOnProperty (spring.aop.proxy-target-class=true) matched (OnPropertyCondition)

   ApplicationAvailabilityAutoConfiguration#applicationAvailability matched:
      - @ConditionalOnMissingBean (types: org.springframework.boot.availability.ApplicationAvailability; SearchStrategy: all) did not find any beans (OnBeanCondition)

   CacheMeterBinderProvidersConfiguration matched:
      - @ConditionalOnClass found required class 'io.micrometer.core.instrument.binder.MeterBinder' (OnClassCondition)

   CompositeMeterRegistryAutoConfiguration matched:
      - @ConditionalOnClass found required class 'io.micrometer.core.instrument.composite.CompositeMeterRegistry' (OnClassCondition)

   DataSourceAutoConfiguration matched:
      - @ConditionalOnClass found required classes 'javax.sql.DataSource', 'org.springframework.jdbc.datasource.embedded.EmbeddedDatabaseType' (OnClassCondition)
      - @ConditionalOnMissingBean (types: io.r2dbc.spi.ConnectionFactory; SearchStrategy: all) did not find any beans (OnBeanCondition)

   DataSourceConfiguration.Hikari matched:
      - @ConditionalOnClass found required class 'com.zaxxer.hikari.HikariDataSource' (OnClassCondition)
      - @ConditionalOnProperty (spring.datasource.type=com.zaxxer.hikari.HikariDataSource) matched (OnPropertyCondition)

   DataSourceHealthContributorAutoConfiguration matched:
      - @ConditionalOnClass found required classes 'org.springframework.jdbc.core.JdbcTemplate', 'org.springframework.jdbc.datasource.lookup.AbstractRoutingDataSource' (OnClassCondition)
      - @ConditionalOnEnabledHealthIndicator management.health.defaults.enabled is considered true (OnEnabledHealthIndicatorCondition)
      - @ConditionalOnBean (types: javax.sql.DataSource; SearchStrategy: all) found bean 'dataSource' (OnBeanCondition)

   DataSourceHealthContributorAutoConfiguration#dbHealthContributor matched:
      - @ConditionalOnMissingBean (names: dbHealthIndicator,dbHealthContributor; SearchStrategy: all) did not find any beans (OnBeanCondition)

   DataSourceInitializationConfiguration matched:
      - @ConditionalOnClass found required class 'org.springframework.jdbc.datasource.init.DatabasePopulator' (OnClassCondition)
      - @ConditionalOnSingleCandidate (types: javax.sql.DataSource; SearchStrategy: all) found a single bean 'dataSource'; @ConditionalOnMissingBean (types: org.springframework.boot.autoconfigure.sql.init.SqlDataSourceScriptDatabaseInitializer,org.springframework.boot.autoconfigure.sql.init.SqlR2dbcScriptDatabaseInitializer; SearchStrategy: all) did not find any beans (OnBeanCondition)

   DataSourceJmxConfiguration matched:
      - @ConditionalOnProperty (spring.jmx.enabled=true) matched (OnPropertyCondition)

   DataSourceJmxConfiguration.Hikari matched:
      - @ConditionalOnClass found required class 'com.zaxxer.hikari.HikariDataSource' (OnClassCondition)

   DataSourcePoolMetadataProvidersConfiguration.HikariPoolDataSourceMetadataProviderConfiguration matched:
      - @ConditionalOnClass found required class 'com.zaxxer.hikari.HikariDataSource' (OnClassCondition)

   DataSourcePoolMetricsAutoConfiguration matched:
      - @ConditionalOnClass found required classes 'javax.sql.DataSource', 'io.micrometer.core.instrument.MeterRegistry' (OnClassCondition)
      - @ConditionalOnBean (types: javax.sql.DataSource,io.micrometer.core.instrument.MeterRegistry; SearchStrategy: all) found beans 'simpleMeterRegistry', 'dataSource' (OnBeanCondition)

   DataSourcePoolMetricsAutoConfiguration.DataSourcePoolMetadataMetricsConfiguration matched:
      - @ConditionalOnBean (types: org.springframework.boot.jdbc.metadata.DataSourcePoolMetadataProvider; SearchStrategy: all) found bean 'hikariPoolDataSourceMetadataProvider' (OnBeanCondition)

   DataSourcePoolMetricsAutoConfiguration.HikariDataSourceMetricsConfiguration matched:
      - @ConditionalOnClass found required class 'com.zaxxer.hikari.HikariDataSource' (OnClassCondition)

   DataSourceTransactionManagerAutoConfiguration matched:
      - @ConditionalOnClass found required classes 'org.springframework.jdbc.core.JdbcTemplate', 'org.springframework.transaction.TransactionManager' (OnClassCondition)

   DataSourceTransactionManagerAutoConfiguration.JdbcTransactionManagerConfiguration matched:
      - @ConditionalOnSingleCandidate (types: javax.sql.DataSource; SearchStrategy: all) found a single bean 'dataSource' (OnBeanCondition)

   DiskSpaceHealthContributorAutoConfiguration matched:
      - @ConditionalOnEnabledHealthIndicator management.health.defaults.enabled is considered true (OnEnabledHealthIndicatorCondition)

   DiskSpaceHealthContributorAutoConfiguration#diskSpaceHealthIndicator matched:
      - @ConditionalOnMissingBean (names: diskSpaceHealthIndicator; SearchStrategy: all) did not find any beans (OnBeanCondition)

   DispatcherServletAutoConfiguration matched:
      - @ConditionalOnClass found required class 'org.springframework.web.servlet.DispatcherServlet' (OnClassCondition)
      - found 'session' scope (OnWebApplicationCondition)

   DispatcherServletAutoConfiguration.DispatcherServletConfiguration matched:
      - @ConditionalOnClass found required class 'javax.servlet.ServletRegistration' (OnClassCondition)
      - Default DispatcherServlet did not find dispatcher servlet beans (DispatcherServletAutoConfiguration.DefaultDispatcherServletCondition)

   DispatcherServletAutoConfiguration.DispatcherServletRegistrationConfiguration matched:
      - @ConditionalOnClass found required class 'javax.servlet.ServletRegistration' (OnClassCondition)
      - DispatcherServlet Registration did not find servlet registration bean (DispatcherServletAutoConfiguration.DispatcherServletRegistrationCondition)

   DispatcherServletAutoConfiguration.DispatcherServletRegistrationConfiguration#dispatcherServletRegistration matched:
      - @ConditionalOnBean (names: dispatcherServlet types: org.springframework.web.servlet.DispatcherServlet; SearchStrategy: all) found bean 'dispatcherServlet' (OnBeanCondition)

   EmbeddedWebServerFactoryCustomizerAutoConfiguration matched:
      - @ConditionalOnWebApplication (required) found 'session' scope (OnWebApplicationCondition)
      - @ConditionalOnWarDeployment the application is not deployed as a WAR file. (OnWarDeploymentCondition)

   EmbeddedWebServerFactoryCustomizerAutoConfiguration.TomcatWebServerFactoryCustomizerConfiguration matched:
      - @ConditionalOnClass found required classes 'org.apache.catalina.startup.Tomcat', 'org.apache.coyote.UpgradeProtocol' (OnClassCondition)

   EndpointAutoConfiguration#endpointCachingOperationInvokerAdvisor matched:
      - @ConditionalOnMissingBean (types: org.springframework.boot.actuate.endpoint.invoker.cache.CachingOperationInvokerAdvisor; SearchStrategy: all) did not find any beans (OnBeanCondition)

   EndpointAutoConfiguration#endpointOperationParameterMapper matched:
      - @ConditionalOnMissingBean (types: org.springframework.boot.actuate.endpoint.invoke.ParameterValueMapper; SearchStrategy: all) did not find any beans (OnBeanCondition)

   ErrorMvcAutoConfiguration matched:
      - @ConditionalOnClass found required classes 'javax.servlet.Servlet', 'org.springframework.web.servlet.DispatcherServlet' (OnClassCondition)
      - found 'session' scope (OnWebApplicationCondition)

   ErrorMvcAutoConfiguration#basicErrorController matched:
      - @ConditionalOnMissingBean (types: org.springframework.boot.web.servlet.error.ErrorController; SearchStrategy: current) did not find any beans (OnBeanCondition)

   ErrorMvcAutoConfiguration#errorAttributes matched:
      - @ConditionalOnMissingBean (types: org.springframework.boot.web.servlet.error.ErrorAttributes; SearchStrategy: current) did not find any beans (OnBeanCondition)

   ErrorMvcAutoConfiguration.DefaultErrorViewResolverConfiguration#conventionErrorViewResolver matched:
      - @ConditionalOnBean (types: org.springframework.web.servlet.DispatcherServlet; SearchStrategy: all) found bean 'dispatcherServlet'; @ConditionalOnMissingBean (types: org.springframework.boot.autoconfigure.web.servlet.error.ErrorViewResolver; SearchStrategy: all) did not find any beans (OnBeanCondition)

   ErrorMvcAutoConfiguration.WhitelabelErrorViewConfiguration matched:
      - @ConditionalOnProperty (server.error.whitelabel.enabled) matched (OnPropertyCondition)
      - ErrorTemplate Missing did not find error template view (ErrorMvcAutoConfiguration.ErrorTemplateMissingCondition)

   ErrorMvcAutoConfiguration.WhitelabelErrorViewConfiguration#beanNameViewResolver matched:
      - @ConditionalOnMissingBean (types: org.springframework.web.servlet.view.BeanNameViewResolver; SearchStrategy: all) did not find any beans (OnBeanCondition)

   ErrorMvcAutoConfiguration.WhitelabelErrorViewConfiguration#defaultErrorView matched:
      - @ConditionalOnMissingBean (names: error; SearchStrategy: all) did not find any beans (OnBeanCondition)

   GenericCacheConfiguration matched:
      - Cache org.springframework.boot.autoconfigure.cache.GenericCacheConfiguration automatic cache type (CacheCondition)

   HealthContributorAutoConfiguration#pingHealthContributor matched:
      - @ConditionalOnEnabledHealthIndicator management.health.defaults.enabled is considered true (OnEnabledHealthIndicatorCondition)

   HealthEndpointAutoConfiguration matched:
      - @ConditionalOnAvailableEndpoint marked as exposed by a 'management.endpoints.web.exposure' property (OnAvailableEndpointCondition)

   HealthEndpointConfiguration#healthContributorRegistry matched:
      - @ConditionalOnMissingBean (types: org.springframework.boot.actuate.health.HealthContributorRegistry; SearchStrategy: all) did not find any beans (OnBeanCondition)

   HealthEndpointConfiguration#healthEndpoint matched:
      - @ConditionalOnMissingBean (types: org.springframework.boot.actuate.health.HealthEndpoint; SearchStrategy: all) did not find any beans (OnBeanCondition)

   HealthEndpointConfiguration#healthEndpointGroups matched:
      - @ConditionalOnMissingBean (types: org.springframework.boot.actuate.health.HealthEndpointGroups; SearchStrategy: all) did not find any beans (OnBeanCondition)

   HealthEndpointConfiguration#healthHttpCodeStatusMapper matched:
      - @ConditionalOnMissingBean (types: org.springframework.boot.actuate.health.HttpCodeStatusMapper; SearchStrategy: all) did not find any beans (OnBeanCondition)

   HealthEndpointConfiguration#healthStatusAggregator matched:
      - @ConditionalOnMissingBean (types: org.springframework.boot.actuate.health.StatusAggregator; SearchStrategy: all) did not find any beans (OnBeanCondition)

   HealthEndpointWebExtensionConfiguration matched:
      - found 'session' scope (OnWebApplicationCondition)
      - @ConditionalOnAvailableEndpoint marked as exposed by a 'management.endpoints.web.exposure' property (OnAvailableEndpointCondition)
      - @ConditionalOnBean (types: org.springframework.boot.actuate.health.HealthEndpoint; SearchStrategy: all) found bean 'healthEndpoint' (OnBeanCondition)

   HealthEndpointWebExtensionConfiguration#healthEndpointWebExtension matched:
      - @ConditionalOnMissingBean (types: org.springframework.boot.actuate.health.HealthEndpointWebExtension; SearchStrategy: all) did not find any beans (OnBeanCondition)

   HealthEndpointWebExtensionConfiguration.MvcAdditionalHealthEndpointPathsConfiguration matched:
      - @ConditionalOnAvailableEndpoint marked as exposed by a 'management.endpoints.web.exposure' property (OnAvailableEndpointCondition)
      - @ConditionalOnBean (types: org.springframework.web.servlet.DispatcherServlet; SearchStrategy: all) found bean 'dispatcherServlet' (OnBeanCondition)

   HibernateJpaAutoConfiguration matched:
      - @ConditionalOnClass found required classes 'org.springframework.orm.jpa.LocalContainerEntityManagerFactoryBean', 'javax.persistence.EntityManager', 'org.hibernate.engine.spi.SessionImplementor' (OnClassCondition)

   HibernateJpaConfiguration matched:
      - @ConditionalOnSingleCandidate (types: javax.sql.DataSource; SearchStrategy: all) found a single bean 'dataSource' (OnBeanCondition)

   HttpClientMetricsAutoConfiguration matched:
      - @ConditionalOnClass found required class 'io.micrometer.core.instrument.MeterRegistry' (OnClassCondition)
      - @ConditionalOnBean (types: io.micrometer.core.instrument.MeterRegistry; SearchStrategy: all) found bean 'simpleMeterRegistry' (OnBeanCondition)

   HttpEncodingAutoConfiguration matched:
      - @ConditionalOnClass found required class 'org.springframework.web.filter.CharacterEncodingFilter' (OnClassCondition)
      - found 'session' scope (OnWebApplicationCondition)
      - @ConditionalOnProperty (server.servlet.encoding.enabled) matched (OnPropertyCondition)

   HttpEncodingAutoConfiguration#characterEncodingFilter matched:
      - @ConditionalOnMissingBean (types: org.springframework.web.filter.CharacterEncodingFilter; SearchStrategy: all) did not find any beans (OnBeanCondition)

   HttpMessageConvertersAutoConfiguration matched:
      - @ConditionalOnClass found required class 'org.springframework.http.converter.HttpMessageConverter' (OnClassCondition)
      - NoneNestedConditions 0 matched 1 did not; NestedCondition on HttpMessageConvertersAutoConfiguration.NotReactiveWebApplicationCondition.ReactiveWebApplication did not find reactive web application classes (HttpMessageConvertersAutoConfiguration.NotReactiveWebApplicationCondition)

   HttpMessageConvertersAutoConfiguration#messageConverters matched:
      - @ConditionalOnMissingBean (types: org.springframework.boot.autoconfigure.http.HttpMessageConverters; SearchStrategy: all) did not find any beans (OnBeanCondition)

   HttpMessageConvertersAutoConfiguration.StringHttpMessageConverterConfiguration matched:
      - @ConditionalOnClass found required class 'org.springframework.http.converter.StringHttpMessageConverter' (OnClassCondition)

   HttpMessageConvertersAutoConfiguration.StringHttpMessageConverterConfiguration#stringHttpMessageConverter matched:
      - @ConditionalOnMissingBean (types: org.springframework.http.converter.StringHttpMessageConverter; SearchStrategy: all) did not find any beans (OnBeanCondition)

   JacksonAutoConfiguration matched:
      - @ConditionalOnClass found required class 'com.fasterxml.jackson.databind.ObjectMapper' (OnClassCondition)

   JacksonAutoConfiguration.Jackson2ObjectMapperBuilderCustomizerConfiguration matched:
      - @ConditionalOnClass found required class 'org.springframework.http.converter.json.Jackson2ObjectMapperBuilder' (OnClassCondition)

   JacksonAutoConfiguration.JacksonObjectMapperBuilderConfiguration matched:
      - @ConditionalOnClass found required class 'org.springframework.http.converter.json.Jackson2ObjectMapperBuilder' (OnClassCondition)

   JacksonAutoConfiguration.JacksonObjectMapperBuilderConfiguration#jacksonObjectMapperBuilder matched:
      - @ConditionalOnMissingBean (types: org.springframework.http.converter.json.Jackson2ObjectMapperBuilder; SearchStrategy: all) did not find any beans (OnBeanCondition)

   JacksonAutoConfiguration.JacksonObjectMapperConfiguration matched:
      - @ConditionalOnClass found required class 'org.springframework.http.converter.json.Jackson2ObjectMapperBuilder' (OnClassCondition)

   JacksonAutoConfiguration.JacksonObjectMapperConfiguration#jacksonObjectMapper matched:
      - @ConditionalOnMissingBean (types: com.fasterxml.jackson.databind.ObjectMapper; SearchStrategy: all) did not find any beans (OnBeanCondition)

   JacksonAutoConfiguration.ParameterNamesModuleConfiguration matched:
      - @ConditionalOnClass found required class 'com.fasterxml.jackson.module.paramnames.ParameterNamesModule' (OnClassCondition)

   JacksonAutoConfiguration.ParameterNamesModuleConfiguration#parameterNamesModule matched:
      - @ConditionalOnMissingBean (types: com.fasterxml.jackson.module.paramnames.ParameterNamesModule; SearchStrategy: all) did not find any beans (OnBeanCondition)

   JacksonHttpMessageConvertersConfiguration.MappingJackson2HttpMessageConverterConfiguration matched:
      - @ConditionalOnClass found required class 'com.fasterxml.jackson.databind.ObjectMapper' (OnClassCondition)
      - @ConditionalOnProperty (spring.mvc.converters.preferred-json-mapper=jackson) matched (OnPropertyCondition)
      - @ConditionalOnBean (types: com.fasterxml.jackson.databind.ObjectMapper; SearchStrategy: all) found bean 'jacksonObjectMapper' (OnBeanCondition)

   JacksonHttpMessageConvertersConfiguration.MappingJackson2HttpMessageConverterConfiguration#mappingJackson2HttpMessageConverter matched:
      - @ConditionalOnMissingBean (types: org.springframework.http.converter.json.MappingJackson2HttpMessageConverter ignored: org.springframework.hateoas.server.mvc.TypeConstrainedMappingJackson2HttpMessageConverter,org.springframework.data.rest.webmvc.alps.AlpsJsonHttpMessageConverter; SearchStrategy: all) did not find any beans (OnBeanCondition)

   JdbcTemplateAutoConfiguration matched:
      - @ConditionalOnClass found required classes 'javax.sql.DataSource', 'org.springframework.jdbc.core.JdbcTemplate' (OnClassCondition)
      - @ConditionalOnSingleCandidate (types: javax.sql.DataSource; SearchStrategy: all) found a single bean 'dataSource' (OnBeanCondition)

   JdbcTemplateConfiguration matched:
      - @ConditionalOnMissingBean (types: org.springframework.jdbc.core.JdbcOperations; SearchStrategy: all) did not find any beans (OnBeanCondition)

   JpaBaseConfiguration#entityManagerFactoryBuilder matched:
      - @ConditionalOnMissingBean (types: org.springframework.boot.orm.jpa.EntityManagerFactoryBuilder; SearchStrategy: all) did not find any beans (OnBeanCondition)

   JpaBaseConfiguration#jpaVendorAdapter matched:
      - @ConditionalOnMissingBean (types: org.springframework.orm.jpa.JpaVendorAdapter; SearchStrategy: all) did not find any beans (OnBeanCondition)

   JpaBaseConfiguration#transactionManager matched:
      - @ConditionalOnMissingBean (types: org.springframework.transaction.TransactionManager; SearchStrategy: all) did not find any beans (OnBeanCondition)

   JpaBaseConfiguration.JpaWebConfiguration matched:
      - @ConditionalOnClass found required class 'org.springframework.web.servlet.config.annotation.WebMvcConfigurer' (OnClassCondition)
      - found 'session' scope (OnWebApplicationCondition)
      - @ConditionalOnProperty (spring.jpa.open-in-view=true) matched (OnPropertyCondition)
      - @ConditionalOnMissingBean (types: org.springframework.orm.jpa.support.OpenEntityManagerInViewInterceptor,org.springframework.orm.jpa.support.OpenEntityManagerInViewFilter; SearchStrategy: all) did not find any beans (OnBeanCondition)

   JpaRepositoriesAutoConfiguration matched:
      - @ConditionalOnClass found required class 'org.springframework.data.jpa.repository.JpaRepository' (OnClassCondition)
      - @ConditionalOnProperty (spring.data.jpa.repositories.enabled=true) matched (OnPropertyCondition)
      - @ConditionalOnBean (types: javax.sql.DataSource; SearchStrategy: all) found bean 'dataSource'; @ConditionalOnMissingBean (types: org.springframework.data.jpa.repository.support.JpaRepositoryFactoryBean,org.springframework.data.jpa.repository.config.JpaRepositoryConfigExtension; SearchStrategy: all) did not find any beans (OnBeanCondition)

   JtaAutoConfiguration matched:
      - @ConditionalOnClass found required class 'javax.transaction.Transaction' (OnClassCondition)
      - @ConditionalOnProperty (spring.jta.enabled) matched (OnPropertyCondition)

   JvmMetricsAutoConfiguration matched:
      - @ConditionalOnClass found required class 'io.micrometer.core.instrument.MeterRegistry' (OnClassCondition)
      - @ConditionalOnBean (types: io.micrometer.core.instrument.MeterRegistry; SearchStrategy: all) found bean 'simpleMeterRegistry' (OnBeanCondition)

   JvmMetricsAutoConfiguration#classLoaderMetrics matched:
      - @ConditionalOnMissingBean (types: io.micrometer.core.instrument.binder.jvm.ClassLoaderMetrics; SearchStrategy: all) did not find any beans (OnBeanCondition)

   JvmMetricsAutoConfiguration#jvmGcMetrics matched:
      - @ConditionalOnMissingBean (types: io.micrometer.core.instrument.binder.jvm.JvmGcMetrics; SearchStrategy: all) did not find any beans (OnBeanCondition)

   JvmMetricsAutoConfiguration#jvmHeapPressureMetrics matched:
      - @ConditionalOnMissingBean (types: io.micrometer.core.instrument.binder.jvm.JvmHeapPressureMetrics; SearchStrategy: all) did not find any beans (OnBeanCondition)

   JvmMetricsAutoConfiguration#jvmMemoryMetrics matched:
      - @ConditionalOnMissingBean (types: io.micrometer.core.instrument.binder.jvm.JvmMemoryMetrics; SearchStrategy: all) did not find any beans (OnBeanCondition)

   JvmMetricsAutoConfiguration#jvmThreadMetrics matched:
      - @ConditionalOnMissingBean (types: io.micrometer.core.instrument.binder.jvm.JvmThreadMetrics; SearchStrategy: all) did not find any beans (OnBeanCondition)

   LifecycleAutoConfiguration#defaultLifecycleProcessor matched:
      - @ConditionalOnMissingBean (names: lifecycleProcessor; SearchStrategy: current) did not find any beans (OnBeanCondition)

   LocalDevToolsAutoConfiguration matched:
      - Initialized Restarter Condition available and initialized (OnInitializedRestarterCondition)

   LocalDevToolsAutoConfiguration.LiveReloadConfiguration matched:
      - @ConditionalOnProperty (spring.devtools.livereload.enabled) matched (OnPropertyCondition)

   LocalDevToolsAutoConfiguration.LiveReloadConfiguration#liveReloadServer matched:
      - @ConditionalOnMissingBean (types: org.springframework.boot.devtools.livereload.LiveReloadServer; SearchStrategy: all) did not find any beans (OnBeanCondition)

   LocalDevToolsAutoConfiguration.RestartConfiguration matched:
      - @ConditionalOnProperty (spring.devtools.restart.enabled) matched (OnPropertyCondition)

   LocalDevToolsAutoConfiguration.RestartConfiguration#classPathFileSystemWatcher matched:
      - @ConditionalOnMissingBean (types: org.springframework.boot.devtools.classpath.ClassPathFileSystemWatcher; SearchStrategy: all) did not find any beans (OnBeanCondition)

   LocalDevToolsAutoConfiguration.RestartConfiguration#classPathRestartStrategy matched:
      - @ConditionalOnMissingBean (types: org.springframework.boot.devtools.classpath.ClassPathRestartStrategy; SearchStrategy: all) did not find any beans (OnBeanCondition)

   LocalDevToolsAutoConfiguration.RestartConfiguration#conditionEvaluationDeltaLoggingListener matched:
      - @ConditionalOnProperty (spring.devtools.restart.log-condition-evaluation-delta) matched (OnPropertyCondition)

   LogbackMetricsAutoConfiguration matched:
      - @ConditionalOnClass found required classes 'io.micrometer.core.instrument.MeterRegistry', 'ch.qos.logback.classic.LoggerContext', 'org.slf4j.LoggerFactory' (OnClassCondition)
      - LogbackLoggingCondition ILoggerFactory is a Logback LoggerContext (LogbackMetricsAutoConfiguration.LogbackLoggingCondition)
      - @ConditionalOnBean (types: io.micrometer.core.instrument.MeterRegistry; SearchStrategy: all) found bean 'simpleMeterRegistry' (OnBeanCondition)

   LogbackMetricsAutoConfiguration#logbackMetrics matched:
      - @ConditionalOnMissingBean (types: io.micrometer.core.instrument.binder.logging.LogbackMetrics; SearchStrategy: all) did not find any beans (OnBeanCondition)

   ManagementContextAutoConfiguration.SameManagementContextConfiguration matched:
      - Management Port actual port type (SAME) matched required type (OnManagementPortCondition)

   MetricsAutoConfiguration matched:
      - @ConditionalOnClass found required class 'io.micrometer.core.annotation.Timed' (OnClassCondition)

   MetricsAutoConfiguration#micrometerClock matched:
      - @ConditionalOnMissingBean (types: io.micrometer.core.instrument.Clock; SearchStrategy: all) did not find any beans (OnBeanCondition)

   MultipartAutoConfiguration matched:
      - @ConditionalOnClass found required classes 'javax.servlet.Servlet', 'org.springframework.web.multipart.support.StandardServletMultipartResolver', 'javax.servlet.MultipartConfigElement' (OnClassCondition)
      - found 'session' scope (OnWebApplicationCondition)
      - @ConditionalOnProperty (spring.servlet.multipart.enabled) matched (OnPropertyCondition)

   MultipartAutoConfiguration#multipartConfigElement matched:
      - @ConditionalOnMissingBean (types: javax.servlet.MultipartConfigElement,org.springframework.web.multipart.commons.CommonsMultipartResolver; SearchStrategy: all) did not find any beans (OnBeanCondition)

   MultipartAutoConfiguration#multipartResolver matched:
      - @ConditionalOnMissingBean (types: org.springframework.web.multipart.MultipartResolver; SearchStrategy: all) did not find any beans (OnBeanCondition)

   NamedParameterJdbcTemplateConfiguration matched:
      - @ConditionalOnSingleCandidate (types: org.springframework.jdbc.core.JdbcTemplate; SearchStrategy: all) found a single bean 'jdbcTemplate'; @ConditionalOnMissingBean (types: org.springframework.jdbc.core.namedparam.NamedParameterJdbcOperations; SearchStrategy: all) did not find any beans (OnBeanCondition)

   NoOpCacheConfiguration matched:
      - Cache org.springframework.boot.autoconfigure.cache.NoOpCacheConfiguration automatic cache type (CacheCondition)

   PersistenceExceptionTranslationAutoConfiguration matched:
      - @ConditionalOnClass found required class 'org.springframework.dao.annotation.PersistenceExceptionTranslationPostProcessor' (OnClassCondition)

   PersistenceExceptionTranslationAutoConfiguration#persistenceExceptionTranslationPostProcessor matched:
      - @ConditionalOnProperty (spring.dao.exceptiontranslation.enabled) matched (OnPropertyCondition)
      - @ConditionalOnMissingBean (types: org.springframework.dao.annotation.PersistenceExceptionTranslationPostProcessor; SearchStrategy: all) did not find any beans (OnBeanCondition)

   PropertyPlaceholderAutoConfiguration#propertySourcesPlaceholderConfigurer matched:
      - @ConditionalOnMissingBean (types: org.springframework.context.support.PropertySourcesPlaceholderConfigurer; SearchStrategy: current) did not find any beans (OnBeanCondition)

   RepositoryMetricsAutoConfiguration matched:
      - @ConditionalOnClass found required class 'org.springframework.data.repository.Repository' (OnClassCondition)
      - @ConditionalOnBean (types: io.micrometer.core.instrument.MeterRegistry; SearchStrategy: all) found bean 'simpleMeterRegistry' (OnBeanCondition)

   RepositoryMetricsAutoConfiguration#metricsRepositoryMethodInvocationListener matched:
      - @ConditionalOnMissingBean (types: org.springframework.boot.actuate.metrics.data.MetricsRepositoryMethodInvocationListener; SearchStrategy: all) did not find any beans (OnBeanCondition)

   RepositoryMetricsAutoConfiguration#repositoryTagsProvider matched:
      - @ConditionalOnMissingBean (types: org.springframework.boot.actuate.metrics.data.RepositoryTagsProvider; SearchStrategy: all) did not find any beans (OnBeanCondition)

   RestTemplateAutoConfiguration matched:
      - @ConditionalOnClass found required class 'org.springframework.web.client.RestTemplate' (OnClassCondition)
      - NoneNestedConditions 0 matched 1 did not; NestedCondition on RestTemplateAutoConfiguration.NotReactiveWebApplicationCondition.ReactiveWebApplication did not find reactive web application classes (RestTemplateAutoConfiguration.NotReactiveWebApplicationCondition)

   RestTemplateAutoConfiguration#restTemplateBuilder matched:
      - @ConditionalOnMissingBean (types: org.springframework.boot.web.client.RestTemplateBuilder; SearchStrategy: all) did not find any beans (OnBeanCondition)

   RestTemplateAutoConfiguration#restTemplateBuilderConfigurer matched:
      - @ConditionalOnMissingBean (types: org.springframework.boot.autoconfigure.web.client.RestTemplateBuilderConfigurer; SearchStrategy: all) did not find any beans (OnBeanCondition)

   RestTemplateMetricsConfiguration matched:
      - @ConditionalOnClass found required class 'org.springframework.web.client.RestTemplate' (OnClassCondition)
      - @ConditionalOnBean (types: org.springframework.boot.web.client.RestTemplateBuilder; SearchStrategy: all) found bean 'restTemplateBuilder' (OnBeanCondition)

   RestTemplateMetricsConfiguration#restTemplateExchangeTagsProvider matched:
      - @ConditionalOnMissingBean (types: org.springframework.boot.actuate.metrics.web.client.RestTemplateExchangeTagsProvider; SearchStrategy: all) did not find any beans (OnBeanCondition)

   ServletEndpointManagementContextConfiguration matched:
      - found 'session' scope (OnWebApplicationCondition)

   ServletEndpointManagementContextConfiguration.WebMvcServletEndpointManagementContextConfiguration matched:
      - @ConditionalOnClass found required class 'org.springframework.web.servlet.DispatcherServlet' (OnClassCondition)

   ServletManagementContextAutoConfiguration matched:
      - @ConditionalOnClass found required class 'javax.servlet.Servlet' (OnClassCondition)
      - found 'session' scope (OnWebApplicationCondition)

   ServletWebServerFactoryAutoConfiguration matched:
      - @ConditionalOnClass found required class 'javax.servlet.ServletRequest' (OnClassCondition)
      - found 'session' scope (OnWebApplicationCondition)

   ServletWebServerFactoryAutoConfiguration#tomcatServletWebServerFactoryCustomizer matched:
      - @ConditionalOnClass found required class 'org.apache.catalina.startup.Tomcat' (OnClassCondition)

   ServletWebServerFactoryConfiguration.EmbeddedTomcat matched:
      - @ConditionalOnClass found required classes 'javax.servlet.Servlet', 'org.apache.catalina.startup.Tomcat', 'org.apache.coyote.UpgradeProtocol' (OnClassCondition)
      - @ConditionalOnMissingBean (types: org.springframework.boot.web.servlet.server.ServletWebServerFactory; SearchStrategy: current) did not find any beans (OnBeanCondition)

   SimpleCacheConfiguration matched:
      - Cache org.springframework.boot.autoconfigure.cache.SimpleCacheConfiguration automatic cache type (CacheCondition)

   SimpleMetricsExportAutoConfiguration matched:
      - @ConditionalOnEnabledMetricsExport management.metrics.export.defaults.enabled is considered true (OnMetricsExportEnabledCondition)
      - @ConditionalOnBean (types: io.micrometer.core.instrument.Clock; SearchStrategy: all) found bean 'micrometerClock'; @ConditionalOnMissingBean (types: io.micrometer.core.instrument.MeterRegistry; SearchStrategy: all) did not find any beans (OnBeanCondition)

   SimpleMetricsExportAutoConfiguration#simpleConfig matched:
      - @ConditionalOnMissingBean (types: io.micrometer.core.instrument.simple.SimpleConfig; SearchStrategy: all) did not find any beans (OnBeanCondition)

   SpringDataWebAutoConfiguration matched:
      - @ConditionalOnClass found required classes 'org.springframework.data.web.PageableHandlerMethodArgumentResolver', 'org.springframework.web.servlet.config.annotation.WebMvcConfigurer' (OnClassCondition)
      - found 'session' scope (OnWebApplicationCondition)
      - @ConditionalOnMissingBean (types: org.springframework.data.web.PageableHandlerMethodArgumentResolver; SearchStrategy: all) did not find any beans (OnBeanCondition)

   SpringDataWebAutoConfiguration#pageableCustomizer matched:
      - @ConditionalOnMissingBean (types: org.springframework.data.web.config.PageableHandlerMethodArgumentResolverCustomizer; SearchStrategy: all) did not find any beans (OnBeanCondition)

   SpringDataWebAutoConfiguration#sortCustomizer matched:
      - @ConditionalOnMissingBean (types: org.springframework.data.web.config.SortHandlerMethodArgumentResolverCustomizer; SearchStrategy: all) did not find any beans (OnBeanCondition)

   SqlInitializationAutoConfiguration matched:
      - @ConditionalOnProperty (spring.sql.init.enabled) matched (OnPropertyCondition)
      - NoneNestedConditions 0 matched 1 did not; NestedCondition on SqlInitializationAutoConfiguration.SqlInitializationModeCondition.ModeIsNever @ConditionalOnProperty (spring.sql.init.mode=never) did not find property 'mode' (SqlInitializationAutoConfiguration.SqlInitializationModeCondition)

   StartupTimeMetricsListenerAutoConfiguration matched:
      - @ConditionalOnClass found required class 'io.micrometer.core.instrument.MeterRegistry' (OnClassCondition)
      - @ConditionalOnBean (types: io.micrometer.core.instrument.MeterRegistry; SearchStrategy: all) found bean 'simpleMeterRegistry' (OnBeanCondition)

   StartupTimeMetricsListenerAutoConfiguration#startupTimeMetrics matched:
      - @ConditionalOnMissingBean (types: org.springframework.boot.actuate.metrics.startup.StartupTimeMetricsListener; SearchStrategy: all) did not find any beans (OnBeanCondition)

   SystemMetricsAutoConfiguration matched:
      - @ConditionalOnClass found required class 'io.micrometer.core.instrument.MeterRegistry' (OnClassCondition)
      - @ConditionalOnBean (types: io.micrometer.core.instrument.MeterRegistry; SearchStrategy: all) found bean 'simpleMeterRegistry' (OnBeanCondition)

   SystemMetricsAutoConfiguration#diskSpaceMetrics matched:
      - @ConditionalOnMissingBean (types: org.springframework.boot.actuate.metrics.system.DiskSpaceMetricsBinder; SearchStrategy: all) did not find any beans (OnBeanCondition)

   SystemMetricsAutoConfiguration#fileDescriptorMetrics matched:
      - @ConditionalOnMissingBean (types: io.micrometer.core.instrument.binder.system.FileDescriptorMetrics; SearchStrategy: all) did not find any beans (OnBeanCondition)

   SystemMetricsAutoConfiguration#processorMetrics matched:
      - @ConditionalOnMissingBean (types: io.micrometer.core.instrument.binder.system.ProcessorMetrics; SearchStrategy: all) did not find any beans (OnBeanCondition)

   SystemMetricsAutoConfiguration#uptimeMetrics matched:
      - @ConditionalOnMissingBean (types: io.micrometer.core.instrument.binder.system.UptimeMetrics; SearchStrategy: all) did not find any beans (OnBeanCondition)

   TaskExecutionAutoConfiguration matched:
      - @ConditionalOnClass found required class 'org.springframework.scheduling.concurrent.ThreadPoolTaskExecutor' (OnClassCondition)

   TaskExecutionAutoConfiguration#applicationTaskExecutor matched:
      - @ConditionalOnMissingBean (types: java.util.concurrent.Executor; SearchStrategy: all) did not find any beans (OnBeanCondition)

   TaskExecutionAutoConfiguration#taskExecutorBuilder matched:
      - @ConditionalOnMissingBean (types: org.springframework.boot.task.TaskExecutorBuilder; SearchStrategy: all) did not find any beans (OnBeanCondition)

   TaskExecutorMetricsAutoConfiguration matched:
      - @ConditionalOnClass found required class 'io.micrometer.core.instrument.binder.jvm.ExecutorServiceMetrics' (OnClassCondition)
      - @ConditionalOnBean (types: java.util.concurrent.Executor,io.micrometer.core.instrument.MeterRegistry; SearchStrategy: all) found beans 'applicationTaskExecutor', 'simpleMeterRegistry' (OnBeanCondition)

   TaskSchedulingAutoConfiguration matched:
      - @ConditionalOnClass found required class 'org.springframework.scheduling.concurrent.ThreadPoolTaskScheduler' (OnClassCondition)

   TaskSchedulingAutoConfiguration#taskSchedulerBuilder matched:
      - @ConditionalOnMissingBean (types: org.springframework.boot.task.TaskSchedulerBuilder; SearchStrategy: all) did not find any beans (OnBeanCondition)

   TomcatMetricsAutoConfiguration matched:
      - @ConditionalOnClass found required classes 'io.micrometer.core.instrument.binder.tomcat.TomcatMetrics', 'org.apache.catalina.Manager' (OnClassCondition)
      - @ConditionalOnWebApplication (required) found 'session' scope (OnWebApplicationCondition)

   TomcatMetricsAutoConfiguration#tomcatMetricsBinder matched:
      - @ConditionalOnBean (types: io.micrometer.core.instrument.MeterRegistry; SearchStrategy: all) found bean 'simpleMeterRegistry'; @ConditionalOnMissingBean (types: io.micrometer.core.instrument.binder.tomcat.TomcatMetrics,org.springframework.boot.actuate.metrics.web.tomcat.TomcatMetricsBinder; SearchStrategy: all) did not find any beans (OnBeanCondition)

   TransactionAutoConfiguration matched:
      - @ConditionalOnClass found required class 'org.springframework.transaction.PlatformTransactionManager' (OnClassCondition)

   TransactionAutoConfiguration#platformTransactionManagerCustomizers matched:
      - @ConditionalOnMissingBean (types: org.springframework.boot.autoconfigure.transaction.TransactionManagerCustomizers; SearchStrategy: all) did not find any beans (OnBeanCondition)

   TransactionAutoConfiguration.TransactionTemplateConfiguration matched:
      - @ConditionalOnSingleCandidate (types: org.springframework.transaction.PlatformTransactionManager; SearchStrategy: all) found a single bean 'transactionManager' (OnBeanCondition)

   TransactionAutoConfiguration.TransactionTemplateConfiguration#transactionTemplate matched:
      - @ConditionalOnMissingBean (types: org.springframework.transaction.support.TransactionOperations; SearchStrategy: all) did not find any beans (OnBeanCondition)

   ValidationAutoConfiguration matched:
      - @ConditionalOnClass found required class 'javax.validation.executable.ExecutableValidator' (OnClassCondition)
      - @ConditionalOnResource found location classpath:META-INF/services/javax.validation.spi.ValidationProvider (OnResourceCondition)

   ValidationAutoConfiguration#defaultValidator matched:
      - @ConditionalOnMissingBean (types: javax.validation.Validator; SearchStrategy: all) did not find any beans (OnBeanCondition)

   ValidationAutoConfiguration#methodValidationPostProcessor matched:
      - @ConditionalOnMissingBean (types: org.springframework.validation.beanvalidation.MethodValidationPostProcessor; SearchStrategy: current) did not find any beans (OnBeanCondition)

   WebEndpointAutoConfiguration matched:
      - @ConditionalOnWebApplication (required) found 'session' scope (OnWebApplicationCondition)

   WebEndpointAutoConfiguration#controllerEndpointDiscoverer matched:
      - @ConditionalOnMissingBean (types: org.springframework.boot.actuate.endpoint.web.annotation.ControllerEndpointsSupplier; SearchStrategy: all) did not find any beans (OnBeanCondition)

   WebEndpointAutoConfiguration#endpointMediaTypes matched:
      - @ConditionalOnMissingBean (types: org.springframework.boot.actuate.endpoint.web.EndpointMediaTypes; SearchStrategy: all) did not find any beans (OnBeanCondition)

   WebEndpointAutoConfiguration#pathMappedEndpoints matched:
      - @ConditionalOnMissingBean (types: org.springframework.boot.actuate.endpoint.web.PathMappedEndpoints; SearchStrategy: all) did not find any beans (OnBeanCondition)

   WebEndpointAutoConfiguration#webEndpointDiscoverer matched:
      - @ConditionalOnMissingBean (types: org.springframework.boot.actuate.endpoint.web.WebEndpointsSupplier; SearchStrategy: all) did not find any beans (OnBeanCondition)

   WebEndpointAutoConfiguration.WebEndpointServletConfiguration matched:
      - found 'session' scope (OnWebApplicationCondition)

   WebEndpointAutoConfiguration.WebEndpointServletConfiguration#servletEndpointDiscoverer matched:
      - @ConditionalOnMissingBean (types: org.springframework.boot.actuate.endpoint.web.annotation.ServletEndpointsSupplier; SearchStrategy: all) did not find any beans (OnBeanCondition)

   WebMvcAutoConfiguration matched:
      - @ConditionalOnClass found required classes 'javax.servlet.Servlet', 'org.springframework.web.servlet.DispatcherServlet', 'org.springframework.web.servlet.config.annotation.WebMvcConfigurer' (OnClassCondition)
      - found 'session' scope (OnWebApplicationCondition)
      - @ConditionalOnMissingBean (types: org.springframework.web.servlet.config.annotation.WebMvcConfigurationSupport; SearchStrategy: all) did not find any beans (OnBeanCondition)

   WebMvcAutoConfiguration#formContentFilter matched:
      - @ConditionalOnProperty (spring.mvc.formcontent.filter.enabled) matched (OnPropertyCondition)
      - @ConditionalOnMissingBean (types: org.springframework.web.filter.FormContentFilter; SearchStrategy: all) did not find any beans (OnBeanCondition)

   WebMvcAutoConfiguration.EnableWebMvcConfiguration#flashMapManager matched:
      - @ConditionalOnMissingBean (names: flashMapManager; SearchStrategy: all) did not find any beans (OnBeanCondition)

   WebMvcAutoConfiguration.EnableWebMvcConfiguration#localeResolver matched:
      - @ConditionalOnMissingBean (names: localeResolver; SearchStrategy: all) did not find any beans (OnBeanCondition)

   WebMvcAutoConfiguration.EnableWebMvcConfiguration#themeResolver matched:
      - @ConditionalOnMissingBean (names: themeResolver; SearchStrategy: all) did not find any beans (OnBeanCondition)

   WebMvcAutoConfiguration.WebMvcAutoConfigurationAdapter#defaultViewResolver matched:
      - @ConditionalOnMissingBean (types: org.springframework.web.servlet.view.InternalResourceViewResolver; SearchStrategy: all) did not find any beans (OnBeanCondition)

   WebMvcAutoConfiguration.WebMvcAutoConfigurationAdapter#requestContextFilter matched:
      - @ConditionalOnMissingBean (types: org.springframework.web.context.request.RequestContextListener,org.springframework.web.filter.RequestContextFilter; SearchStrategy: all) did not find any beans (OnBeanCondition)

   WebMvcAutoConfiguration.WebMvcAutoConfigurationAdapter#viewResolver matched:
      - @ConditionalOnBean (types: org.springframework.web.servlet.ViewResolver; SearchStrategy: all) found beans 'defaultViewResolver', 'beanNameViewResolver', 'mvcViewResolver'; @ConditionalOnMissingBean (names: viewResolver types: org.springframework.web.servlet.view.ContentNegotiatingViewResolver; SearchStrategy: all) did not find any beans (OnBeanCondition)

   WebMvcEndpointManagementContextConfiguration matched:
      - @ConditionalOnClass found required class 'org.springframework.web.servlet.DispatcherServlet' (OnClassCondition)
      - found 'session' scope (OnWebApplicationCondition)
      - @ConditionalOnBean (types: org.springframework.web.servlet.DispatcherServlet,org.springframework.boot.actuate.endpoint.web.WebEndpointsSupplier; SearchStrategy: all) found beans 'webEndpointDiscoverer', 'dispatcherServlet' (OnBeanCondition)

   WebMvcEndpointManagementContextConfiguration#controllerEndpointHandlerMapping matched:
      - @ConditionalOnMissingBean (types: org.springframework.boot.actuate.endpoint.web.servlet.ControllerEndpointHandlerMapping; SearchStrategy: all) did not find any beans (OnBeanCondition)

   WebMvcEndpointManagementContextConfiguration#webEndpointServletHandlerMapping matched:
      - @ConditionalOnMissingBean (types: org.springframework.boot.actuate.endpoint.web.servlet.WebMvcEndpointHandlerMapping; SearchStrategy: all) did not find any beans (OnBeanCondition)

   WebMvcMetricsAutoConfiguration matched:
      - @ConditionalOnClass found required class 'org.springframework.web.servlet.DispatcherServlet' (OnClassCondition)
      - found 'session' scope (OnWebApplicationCondition)
      - @ConditionalOnBean (types: io.micrometer.core.instrument.MeterRegistry; SearchStrategy: all) found bean 'simpleMeterRegistry' (OnBeanCondition)

   WebMvcMetricsAutoConfiguration#webMvcMetricsFilter matched:
      - @ConditionalOnMissingBean (types: org.springframework.boot.actuate.metrics.web.servlet.WebMvcMetricsFilter; SearchStrategy: all) did not find any beans (OnBeanCondition)

   WebMvcMetricsAutoConfiguration#webMvcTagsProvider matched:
      - @ConditionalOnMissingBean (types: org.springframework.boot.actuate.metrics.web.servlet.WebMvcTagsProvider; SearchStrategy: all) did not find any beans (OnBeanCondition)

   WebSocketServletAutoConfiguration matched:
      - @ConditionalOnClass found required classes 'javax.servlet.Servlet', 'javax.websocket.server.ServerContainer' (OnClassCondition)
      - found 'session' scope (OnWebApplicationCondition)

   WebSocketServletAutoConfiguration.TomcatWebSocketConfiguration matched:
      - @ConditionalOnClass found required classes 'org.apache.catalina.startup.Tomcat', 'org.apache.tomcat.websocket.server.WsSci' (OnClassCondition)

   WebSocketServletAutoConfiguration.TomcatWebSocketConfiguration#websocketServletWebServerCustomizer matched:
      - @ConditionalOnMissingBean (names: websocketServletWebServerCustomizer; SearchStrategy: all) did not find any beans (OnBeanCondition)


Negative matches:
-----------------

   ActiveMQAutoConfiguration:
      Did not match:
         - @ConditionalOnClass did not find required class 'javax.jms.ConnectionFactory' (OnClassCondition)

   AopAutoConfiguration.AspectJAutoProxyingConfiguration.JdkDynamicAutoProxyConfiguration:
      Did not match:
         - @ConditionalOnProperty (spring.aop.proxy-target-class=false) did not find property 'proxy-target-class' (OnPropertyCondition)

   AopAutoConfiguration.ClassProxyingConfiguration:
      Did not match:
         - @ConditionalOnMissingClass found unwanted class 'org.aspectj.weaver.Advice' (OnClassCondition)

   AppOpticsMetricsExportAutoConfiguration:
      Did not match:
         - @ConditionalOnClass did not find required class 'io.micrometer.appoptics.AppOpticsMeterRegistry' (OnClassCondition)

   ArtemisAutoConfiguration:
      Did not match:
         - @ConditionalOnClass did not find required class 'javax.jms.ConnectionFactory' (OnClassCondition)

   AtlasMetricsExportAutoConfiguration:
      Did not match:
         - @ConditionalOnClass did not find required class 'io.micrometer.atlas.AtlasMeterRegistry' (OnClassCondition)

   AtomikosJtaConfiguration:
      Did not match:
         - @ConditionalOnClass did not find required class 'com.atomikos.icatch.jta.UserTransactionManager' (OnClassCondition)

   AuditAutoConfiguration:
      Did not match:
         - @ConditionalOnBean (types: org.springframework.boot.actuate.audit.AuditEventRepository; SearchStrategy: all) did not find any beans of type org.springframework.boot.actuate.audit.AuditEventRepository (OnBeanCondition)
      Matched:
         - @ConditionalOnProperty (management.auditevents.enabled) matched (OnPropertyCondition)

   AuditEventsEndpointAutoConfiguration:
      Did not match:
         - @ConditionalOnAvailableEndpoint no 'management.endpoints' property marked it as exposed (OnAvailableEndpointCondition)

   AvailabilityHealthContributorAutoConfiguration#livenessStateHealthIndicator:
      Did not match:
         - @ConditionalOnProperty (management.health.livenessstate.enabled=true) did not find property 'enabled' (OnPropertyCondition)

   AvailabilityHealthContributorAutoConfiguration#readinessStateHealthIndicator:
      Did not match:
         - @ConditionalOnProperty (management.health.readinessstate.enabled=true) did not find property 'enabled' (OnPropertyCondition)

   AvailabilityProbesAutoConfiguration:
      Did not match:
         - Probes availability not running on a supported cloud platform (AvailabilityProbesAutoConfiguration.ProbesCondition)

   BatchAutoConfiguration:
      Did not match:
         - @ConditionalOnClass did not find required class 'org.springframework.batch.core.launch.JobLauncher' (OnClassCondition)

   BeansEndpointAutoConfiguration:
      Did not match:
         - @ConditionalOnAvailableEndpoint no 'management.endpoints' property marked it as exposed (OnAvailableEndpointCondition)

   Cache2kCacheConfiguration:
      Did not match:
         - @ConditionalOnClass did not find required class 'org.cache2k.Cache2kBuilder' (OnClassCondition)

   CacheAutoConfiguration:
      Did not match:
         - @ConditionalOnBean (types: org.springframework.cache.interceptor.CacheAspectSupport; SearchStrategy: all) did not find any beans of type org.springframework.cache.interceptor.CacheAspectSupport (OnBeanCondition)
      Matched:
         - @ConditionalOnClass found required class 'org.springframework.cache.CacheManager' (OnClassCondition)

   CacheAutoConfiguration.CacheManagerEntityManagerFactoryDependsOnPostProcessor:
      Did not match:
         - Ancestor org.springframework.boot.autoconfigure.cache.CacheAutoConfiguration did not match (ConditionEvaluationReport.AncestorsMatchedCondition)
      Matched:
         - @ConditionalOnClass found required class 'org.springframework.orm.jpa.LocalContainerEntityManagerFactoryBean' (OnClassCondition)

   CacheMeterBinderProvidersConfiguration.Cache2kCacheMeterBinderProviderConfiguration:
      Did not match:
         - @ConditionalOnClass did not find required classes 'org.cache2k.Cache2kBuilder', 'org.cache2k.extra.spring.SpringCache2kCache', 'org.cache2k.extra.micrometer.Cache2kCacheMetrics' (OnClassCondition)

   CacheMeterBinderProvidersConfiguration.CaffeineCacheMeterBinderProviderConfiguration:
      Did not match:
         - @ConditionalOnClass did not find required classes 'org.springframework.cache.caffeine.CaffeineCache', 'com.github.benmanes.caffeine.cache.Cache' (OnClassCondition)

   CacheMeterBinderProvidersConfiguration.EhCache2CacheMeterBinderProviderConfiguration:
      Did not match:
         - @ConditionalOnClass did not find required classes 'org.springframework.cache.ehcache.EhCacheCache', 'net.sf.ehcache.Ehcache' (OnClassCondition)

   CacheMeterBinderProvidersConfiguration.HazelcastCacheMeterBinderProviderConfiguration:
      Did not match:
         - @ConditionalOnClass did not find required classes 'com.hazelcast.spring.cache.HazelcastCache', 'com.hazelcast.core.Hazelcast' (OnClassCondition)

   CacheMeterBinderProvidersConfiguration.JCacheCacheMeterBinderProviderConfiguration:
      Did not match:
         - @ConditionalOnClass did not find required classes 'org.springframework.cache.jcache.JCacheCache', 'javax.cache.CacheManager' (OnClassCondition)

   CacheMeterBinderProvidersConfiguration.RedisCacheMeterBinderProviderConfiguration:
      Did not match:
         - @ConditionalOnClass did not find required class 'org.springframework.data.redis.cache.RedisCache' (OnClassCondition)

   CacheMetricsAutoConfiguration:
      Did not match:
         - @ConditionalOnBean (types: org.springframework.cache.CacheManager; SearchStrategy: all) did not find any beans of type org.springframework.cache.CacheManager (OnBeanCondition)

   CachesEndpointAutoConfiguration:
      Did not match:
         - @ConditionalOnAvailableEndpoint no 'management.endpoints' property marked it as exposed (OnAvailableEndpointCondition)
      Matched:
         - @ConditionalOnClass found required class 'org.springframework.cache.CacheManager' (OnClassCondition)

   CaffeineCacheConfiguration:
      Did not match:
         - @ConditionalOnClass did not find required class 'com.github.benmanes.caffeine.cache.Caffeine' (OnClassCondition)

   CassandraAutoConfiguration:
      Did not match:
         - @ConditionalOnClass did not find required class 'com.datastax.oss.driver.api.core.CqlSession' (OnClassCondition)

   CassandraDataAutoConfiguration:
      Did not match:
         - @ConditionalOnClass did not find required class 'com.datastax.oss.driver.api.core.CqlSession' (OnClassCondition)

   CassandraHealthContributorAutoConfiguration:
      Did not match:
         - @ConditionalOnClass did not find required class 'com.datastax.oss.driver.api.core.CqlSession' (OnClassCondition)

   CassandraReactiveDataAutoConfiguration:
      Did not match:
         - @ConditionalOnClass did not find required class 'com.datastax.oss.driver.api.core.CqlSession' (OnClassCondition)

   CassandraReactiveHealthContributorAutoConfiguration:
      Did not match:
         - @ConditionalOnClass did not find required class 'com.datastax.oss.driver.api.core.CqlSession' (OnClassCondition)

   CassandraReactiveRepositoriesAutoConfiguration:
      Did not match:
         - @ConditionalOnClass did not find required class 'org.springframework.data.cassandra.ReactiveSession' (OnClassCondition)

   CassandraRepositoriesAutoConfiguration:
      Did not match:
         - @ConditionalOnClass did not find required class 'com.datastax.oss.driver.api.core.CqlSession' (OnClassCondition)

   ClientHttpConnectorAutoConfiguration:
      Did not match:
         - @ConditionalOnClass did not find required class 'org.springframework.web.reactive.function.client.WebClient' (OnClassCondition)

   CloudFoundryActuatorAutoConfiguration:
      Did not match:
         - @ConditionalOnCloudPlatform did not find CLOUD_FOUNDRY (OnCloudPlatformCondition)
      Matched:
         - @ConditionalOnClass found required class 'org.springframework.web.servlet.DispatcherServlet' (OnClassCondition)
         - found 'session' scope (OnWebApplicationCondition)
         - @ConditionalOnProperty (management.cloudfoundry.enabled) matched (OnPropertyCondition)

   CodecsAutoConfiguration:
      Did not match:
         - @ConditionalOnClass did not find required class 'org.springframework.web.reactive.function.client.WebClient' (OnClassCondition)

   CompositeMeterRegistryConfiguration:
      Did not match:
         - NoneNestedConditions 1 matched 1 did not; NestedCondition on CompositeMeterRegistryConfiguration.MultipleNonPrimaryMeterRegistriesCondition.SingleInjectableMeterRegistry @ConditionalOnSingleCandidate (types: io.micrometer.core.instrument.MeterRegistry; SearchStrategy: all) found a single bean 'simpleMeterRegistry'; NestedCondition on CompositeMeterRegistryConfiguration.MultipleNonPrimaryMeterRegistriesCondition.NoMeterRegistryCondition @ConditionalOnMissingBean (types: io.micrometer.core.instrument.MeterRegistry; SearchStrategy: all) found beans of type 'io.micrometer.core.instrument.MeterRegistry' simpleMeterRegistry (CompositeMeterRegistryConfiguration.MultipleNonPrimaryMeterRegistriesCondition)

   ConditionsReportEndpointAutoConfiguration:
      Did not match:
         - @ConditionalOnAvailableEndpoint no 'management.endpoints' property marked it as exposed (OnAvailableEndpointCondition)

   ConfigurationPropertiesReportEndpointAutoConfiguration:
      Did not match:
         - @ConditionalOnAvailableEndpoint no 'management.endpoints' property marked it as exposed (OnAvailableEndpointCondition)

   ConnectionFactoryHealthContributorAutoConfiguration:
      Did not match:
         - @ConditionalOnClass did not find required class 'io.r2dbc.spi.ConnectionFactory' (OnClassCondition)

   ConnectionPoolMetricsAutoConfiguration:
      Did not match:
         - @ConditionalOnClass did not find required class 'io.r2dbc.pool.ConnectionPool' (OnClassCondition)

   CouchbaseAutoConfiguration:
      Did not match:
         - @ConditionalOnClass did not find required class 'com.couchbase.client.java.Cluster' (OnClassCondition)

   CouchbaseCacheConfiguration:
      Did not match:
         - @ConditionalOnClass did not find required class 'com.couchbase.client.java.Cluster' (OnClassCondition)

   CouchbaseDataAutoConfiguration:
      Did not match:
         - @ConditionalOnClass did not find required class 'com.couchbase.client.java.Bucket' (OnClassCondition)

   CouchbaseHealthContributorAutoConfiguration:
      Did not match:
         - @ConditionalOnClass did not find required class 'com.couchbase.client.java.Cluster' (OnClassCondition)

   CouchbaseReactiveDataAutoConfiguration:
      Did not match:
         - @ConditionalOnClass did not find required class 'com.couchbase.client.java.Cluster' (OnClassCondition)

   CouchbaseReactiveHealthContributorAutoConfiguration:
      Did not match:
         - @ConditionalOnClass did not find required class 'com.couchbase.client.java.Cluster' (OnClassCondition)

   CouchbaseReactiveRepositoriesAutoConfiguration:
      Did not match:
         - @ConditionalOnClass did not find required class 'com.couchbase.client.java.Cluster' (OnClassCondition)

   CouchbaseRepositoriesAutoConfiguration:
      Did not match:
         - @ConditionalOnClass did not find required class 'com.couchbase.client.java.Bucket' (OnClassCondition)

   DataSourceAutoConfiguration.EmbeddedDatabaseConfiguration:
      Did not match:
         - EmbeddedDataSource found supported pooled data source (DataSourceAutoConfiguration.EmbeddedDatabaseCondition)

   DataSourceAutoConfiguration.PooledDataSourceConfiguration:
      Did not match:
         - @ConditionalOnMissingBean (types: javax.sql.DataSource,javax.sql.XADataSource; SearchStrategy: all) found beans of type 'javax.sql.DataSource' dataSource (OnBeanCondition)
      Matched:
         - AnyNestedCondition 1 matched 1 did not; NestedCondition on DataSourceAutoConfiguration.PooledDataSourceCondition.PooledDataSourceAvailable PooledDataSource found supported DataSource; NestedCondition on DataSourceAutoConfiguration.PooledDataSourceCondition.ExplicitType @ConditionalOnProperty (spring.datasource.type) did not find property 'type' (DataSourceAutoConfiguration.PooledDataSourceCondition)

   DataSourceConfiguration.Dbcp2:
      Did not match:
         - @ConditionalOnClass did not find required class 'org.apache.commons.dbcp2.BasicDataSource' (OnClassCondition)

   DataSourceConfiguration.Generic:
      Did not match:
         - @ConditionalOnProperty (spring.datasource.type) did not find property 'spring.datasource.type' (OnPropertyCondition)

   DataSourceConfiguration.OracleUcp:
      Did not match:
         - @ConditionalOnClass did not find required class 'oracle.ucp.jdbc.PoolDataSourceImpl' (OnClassCondition)

   DataSourceConfiguration.Tomcat:
      Did not match:
         - @ConditionalOnClass did not find required class 'org.apache.tomcat.jdbc.pool.DataSource' (OnClassCondition)

   DataSourceJmxConfiguration.TomcatDataSourceJmxConfiguration:
      Did not match:
         - @ConditionalOnClass did not find required class 'org.apache.tomcat.jdbc.pool.DataSourceProxy' (OnClassCondition)

   DataSourcePoolMetadataProvidersConfiguration.CommonsDbcp2PoolDataSourceMetadataProviderConfiguration:
      Did not match:
         - @ConditionalOnClass did not find required class 'org.apache.commons.dbcp2.BasicDataSource' (OnClassCondition)

   DataSourcePoolMetadataProvidersConfiguration.OracleUcpPoolDataSourceMetadataProviderConfiguration:
      Did not match:
         - @ConditionalOnClass did not find required class 'oracle.ucp.jdbc.PoolDataSource' (OnClassCondition)

   DataSourcePoolMetadataProvidersConfiguration.TomcatDataSourcePoolMetadataProviderConfiguration:
      Did not match:
         - @ConditionalOnClass did not find required class 'org.apache.tomcat.jdbc.pool.DataSource' (OnClassCondition)

   DataSourceTransactionManagerAutoConfiguration.JdbcTransactionManagerConfiguration#transactionManager:
      Did not match:
         - @ConditionalOnMissingBean (types: org.springframework.transaction.TransactionManager; SearchStrategy: all) found beans of type 'org.springframework.transaction.TransactionManager' transactionManager (OnBeanCondition)

   DatadogMetricsExportAutoConfiguration:
      Did not match:
         - @ConditionalOnClass did not find required class 'io.micrometer.datadog.DatadogMeterRegistry' (OnClassCondition)

   DevToolsDataSourceAutoConfiguration:
      Did not match:
         - DevTools DataSource Condition did not find an auto-configured DataSource (DevToolsDataSourceAutoConfiguration.DevToolsDataSourceCondition)
      Matched:
         - Devtools devtools enabled. (OnEnabledDevToolsCondition)

   DevToolsDataSourceAutoConfiguration.DatabaseShutdownExecutorEntityManagerFactoryDependsOnPostProcessor:
      Did not match:
         - Ancestor org.springframework.boot.devtools.autoconfigure.DevToolsDataSourceAutoConfiguration did not match (ConditionEvaluationReport.AncestorsMatchedCondition)
      Matched:
         - @ConditionalOnClass found required class 'org.springframework.orm.jpa.LocalContainerEntityManagerFactoryBean' (OnClassCondition)

   DevToolsR2dbcAutoConfiguration:
      Did not match:
         - @ConditionalOnClass did not find required class 'io.r2dbc.spi.ConnectionFactory' (OnClassCondition)

   DispatcherServletAutoConfiguration.DispatcherServletConfiguration#multipartResolver:
      Did not match:
         - @ConditionalOnBean (types: org.springframework.web.multipart.MultipartResolver; SearchStrategy: all) did not find any beans of type org.springframework.web.multipart.MultipartResolver (OnBeanCondition)

   DynatraceMetricsExportAutoConfiguration:
      Did not match:
         - @ConditionalOnClass did not find required class 'io.micrometer.dynatrace.DynatraceMeterRegistry' (OnClassCondition)

   EhCacheCacheConfiguration:
      Did not match:
         - @ConditionalOnClass did not find required class 'net.sf.ehcache.Cache' (OnClassCondition)

   ElasticMetricsExportAutoConfiguration:
      Did not match:
         - @ConditionalOnClass did not find required class 'io.micrometer.elastic.ElasticMeterRegistry' (OnClassCondition)

   ElasticSearchReactiveHealthContributorAutoConfiguration:
      Did not match:
         - @ConditionalOnClass did not find required class 'reactor.core.publisher.Flux' (OnClassCondition)

   ElasticSearchRestHealthContributorAutoConfiguration:
      Did not match:
         - @ConditionalOnClass did not find required class 'org.elasticsearch.client.RestClient' (OnClassCondition)

   ElasticsearchDataAutoConfiguration:
      Did not match:
         - @ConditionalOnClass did not find required class 'org.springframework.data.elasticsearch.core.ElasticsearchRestTemplate' (OnClassCondition)

   ElasticsearchRepositoriesAutoConfiguration:
      Did not match:
         - @ConditionalOnClass did not find required class 'org.elasticsearch.client.Client' (OnClassCondition)

   ElasticsearchRestClientAutoConfiguration:
      Did not match:
         - @ConditionalOnClass did not find required class 'org.elasticsearch.client.RestClientBuilder' (OnClassCondition)

   EmbeddedLdapAutoConfiguration:
      Did not match:
         - @ConditionalOnClass did not find required class 'com.unboundid.ldap.listener.InMemoryDirectoryServer' (OnClassCondition)

   EmbeddedMongoAutoConfiguration:
      Did not match:
         - @ConditionalOnClass did not find required class 'com.mongodb.MongoClientSettings' (OnClassCondition)

   EmbeddedWebServerFactoryCustomizerAutoConfiguration.JettyWebServerFactoryCustomizerConfiguration:
      Did not match:
         - @ConditionalOnClass did not find required classes 'org.eclipse.jetty.server.Server', 'org.eclipse.jetty.util.Loader', 'org.eclipse.jetty.webapp.WebAppContext' (OnClassCondition)

   EmbeddedWebServerFactoryCustomizerAutoConfiguration.NettyWebServerFactoryCustomizerConfiguration:
      Did not match:
         - @ConditionalOnClass did not find required class 'reactor.netty.http.server.HttpServer' (OnClassCondition)

   EmbeddedWebServerFactoryCustomizerAutoConfiguration.UndertowWebServerFactoryCustomizerConfiguration:
      Did not match:
         - @ConditionalOnClass did not find required classes 'io.undertow.Undertow', 'org.xnio.SslClientAuthMode' (OnClassCondition)

   EnvironmentEndpointAutoConfiguration:
      Did not match:
         - @ConditionalOnAvailableEndpoint no 'management.endpoints' property marked it as exposed (OnAvailableEndpointCondition)

   ErrorWebFluxAutoConfiguration:
      Did not match:
         - @ConditionalOnClass did not find required class 'org.springframework.web.reactive.config.WebFluxConfigurer' (OnClassCondition)

   FlywayAutoConfiguration:
      Did not match:
         - @ConditionalOnClass did not find required class 'org.flywaydb.core.Flyway' (OnClassCondition)

   FlywayEndpointAutoConfiguration:
      Did not match:
         - @ConditionalOnClass did not find required class 'org.flywaydb.core.Flyway' (OnClassCondition)

   FreeMarkerAutoConfiguration:
      Did not match:
         - @ConditionalOnClass did not find required class 'freemarker.template.Configuration' (OnClassCondition)

   GangliaMetricsExportAutoConfiguration:
      Did not match:
         - @ConditionalOnClass did not find required class 'io.micrometer.ganglia.GangliaMeterRegistry' (OnClassCondition)

   GraphQlAutoConfiguration:
      Did not match:
         - @ConditionalOnClass did not find required class 'graphql.GraphQL' (OnClassCondition)

   GraphQlMetricsAutoConfiguration:
      Did not match:
         - @ConditionalOnClass did not find required class 'graphql.GraphQL' (OnClassCondition)

   GraphQlQueryByExampleAutoConfiguration:
      Did not match:
         - @ConditionalOnClass did not find required class 'graphql.GraphQL' (OnClassCondition)

   GraphQlQuerydslAutoConfiguration:
      Did not match:
         - @ConditionalOnClass did not find required class 'graphql.GraphQL' (OnClassCondition)

   GraphQlRSocketAutoConfiguration:
      Did not match:
         - @ConditionalOnClass did not find required class 'graphql.GraphQL' (OnClassCondition)

   GraphQlReactiveQueryByExampleAutoConfiguration:
      Did not match:
         - @ConditionalOnClass did not find required class 'graphql.GraphQL' (OnClassCondition)

   GraphQlReactiveQuerydslAutoConfiguration:
      Did not match:
         - @ConditionalOnClass did not find required class 'graphql.GraphQL' (OnClassCondition)

   GraphQlWebFluxAutoConfiguration:
      Did not match:
         - @ConditionalOnClass did not find required class 'graphql.GraphQL' (OnClassCondition)

   GraphQlWebFluxSecurityAutoConfiguration:
      Did not match:
         - @ConditionalOnClass did not find required class 'graphql.GraphQL' (OnClassCondition)

   GraphQlWebMvcAutoConfiguration:
      Did not match:
         - @ConditionalOnClass did not find required class 'graphql.GraphQL' (OnClassCondition)

   GraphQlWebMvcSecurityAutoConfiguration:
      Did not match:
         - @ConditionalOnClass did not find required class 'graphql.GraphQL' (OnClassCondition)

   GraphiteMetricsExportAutoConfiguration:
      Did not match:
         - @ConditionalOnClass did not find required class 'io.micrometer.graphite.GraphiteMeterRegistry' (OnClassCondition)

   GroovyTemplateAutoConfiguration:
      Did not match:
         - @ConditionalOnClass did not find required class 'groovy.text.markup.MarkupTemplateEngine' (OnClassCondition)

   GsonAutoConfiguration:
      Did not match:
         - @ConditionalOnClass did not find required class 'com.google.gson.Gson' (OnClassCondition)

   GsonHttpMessageConvertersConfiguration:
      Did not match:
         - @ConditionalOnClass did not find required class 'com.google.gson.Gson' (OnClassCondition)

   H2ConsoleAutoConfiguration:
      Did not match:
         - @ConditionalOnClass did not find required class 'org.h2.server.web.WebServlet' (OnClassCondition)

   HazelcastAutoConfiguration:
      Did not match:
         - @ConditionalOnClass did not find required class 'com.hazelcast.core.HazelcastInstance' (OnClassCondition)

   HazelcastCacheConfiguration:
      Did not match:
         - @ConditionalOnClass did not find required class 'com.hazelcast.core.HazelcastInstance' (OnClassCondition)

   HazelcastHealthContributorAutoConfiguration:
      Did not match:
         - @ConditionalOnClass did not find required class 'com.hazelcast.core.HazelcastInstance' (OnClassCondition)

   HazelcastJpaDependencyAutoConfiguration:
      Did not match:
         - @ConditionalOnClass did not find required class 'com.hazelcast.core.HazelcastInstance' (OnClassCondition)

   HealthEndpointReactiveWebExtensionConfiguration:
      Did not match:
         - did not find reactive web application classes (OnWebApplicationCondition)

   HealthEndpointWebExtensionConfiguration.JerseyAdditionalHealthEndpointPathsConfiguration:
      Did not match:
         - @ConditionalOnClass did not find required class 'org.glassfish.jersey.server.ResourceConfig' (OnClassCondition)

   HeapDumpWebEndpointAutoConfiguration:
      Did not match:
         - @ConditionalOnAvailableEndpoint no 'management.endpoints' property marked it as exposed (OnAvailableEndpointCondition)

   HibernateMetricsAutoConfiguration:
      Did not match:
         - @ConditionalOnClass did not find required class 'org.hibernate.stat.HibernateMetrics' (OnClassCondition)

   HttpHandlerAutoConfiguration:
      Did not match:
         - @ConditionalOnClass did not find required class 'org.springframework.web.reactive.DispatcherHandler' (OnClassCondition)

   HttpTraceAutoConfiguration:
      Did not match:
         - @ConditionalOnBean (types: org.springframework.boot.actuate.trace.http.HttpTraceRepository; SearchStrategy: all) did not find any beans of type org.springframework.boot.actuate.trace.http.HttpTraceRepository (OnBeanCondition)
      Matched:
         - @ConditionalOnWebApplication (required) found 'session' scope (OnWebApplicationCondition)
         - @ConditionalOnProperty (management.trace.http.enabled) matched (OnPropertyCondition)

   HttpTraceAutoConfiguration.ReactiveTraceFilterConfiguration:
      Did not match:
         - did not find reactive web application classes (OnWebApplicationCondition)
         - Ancestor org.springframework.boot.actuate.autoconfigure.trace.http.HttpTraceAutoConfiguration did not match (ConditionEvaluationReport.AncestorsMatchedCondition)

   HttpTraceAutoConfiguration.ServletTraceFilterConfiguration:
      Did not match:
         - Ancestor org.springframework.boot.actuate.autoconfigure.trace.http.HttpTraceAutoConfiguration did not match (ConditionEvaluationReport.AncestorsMatchedCondition)
      Matched:
         - found 'session' scope (OnWebApplicationCondition)

   HttpTraceEndpointAutoConfiguration:
      Did not match:
         - @ConditionalOnAvailableEndpoint no 'management.endpoints' property marked it as exposed (OnAvailableEndpointCondition)

   HumioMetricsExportAutoConfiguration:
      Did not match:
         - @ConditionalOnClass did not find required class 'io.micrometer.humio.HumioMeterRegistry' (OnClassCondition)

   HypermediaAutoConfiguration:
      Did not match:
         - @ConditionalOnClass did not find required class 'org.springframework.hateoas.EntityModel' (OnClassCondition)

   InfinispanCacheConfiguration:
      Did not match:
         - @ConditionalOnClass did not find required class 'org.infinispan.spring.embedded.provider.SpringEmbeddedCacheManager' (OnClassCondition)

   InfluxDbAutoConfiguration:
      Did not match:
         - @ConditionalOnClass did not find required class 'org.influxdb.InfluxDB' (OnClassCondition)

   InfluxDbHealthContributorAutoConfiguration:
      Did not match:
         - @ConditionalOnClass did not find required class 'org.influxdb.InfluxDB' (OnClassCondition)

   InfluxMetricsExportAutoConfiguration:
      Did not match:
         - @ConditionalOnClass did not find required class 'io.micrometer.influx.InfluxMeterRegistry' (OnClassCondition)

   InfoContributorAutoConfiguration#buildInfoContributor:
      Did not match:
         - @ConditionalOnSingleCandidate (types: org.springframework.boot.info.BuildProperties; SearchStrategy: all) did not find any beans (OnBeanCondition)
      Matched:
         - @ConditionalOnEnabledInfoContributor management.info.defaults.enabled is considered true (OnEnabledInfoContributorCondition)

   InfoContributorAutoConfiguration#envInfoContributor:
      Did not match:
         - @ConditionalOnEnabledInfoContributor management.info.env.enabled is not true (OnEnabledInfoContributorCondition)

   InfoContributorAutoConfiguration#gitInfoContributor:
      Did not match:
         - @ConditionalOnSingleCandidate (types: org.springframework.boot.info.GitProperties; SearchStrategy: all) did not find any beans (OnBeanCondition)
      Matched:
         - @ConditionalOnEnabledInfoContributor management.info.defaults.enabled is considered true (OnEnabledInfoContributorCondition)

   InfoContributorAutoConfiguration#javaInfoContributor:
      Did not match:
         - @ConditionalOnEnabledInfoContributor management.info.java.enabled is not true (OnEnabledInfoContributorCondition)

   InfoContributorAutoConfiguration#osInfoContributor:
      Did not match:
         - @ConditionalOnEnabledInfoContributor management.info.os.enabled is not true (OnEnabledInfoContributorCondition)

   InfoEndpointAutoConfiguration:
      Did not match:
         - @ConditionalOnAvailableEndpoint no 'management.endpoints' property marked it as exposed (OnAvailableEndpointCondition)

   IntegrationAutoConfiguration:
      Did not match:
         - @ConditionalOnClass did not find required class 'org.springframework.integration.config.EnableIntegration' (OnClassCondition)

   IntegrationGraphEndpointAutoConfiguration:
      Did not match:
         - @ConditionalOnClass did not find required class 'org.springframework.integration.graph.IntegrationGraphServer' (OnClassCondition)

   JCacheCacheConfiguration:
      Did not match:
         - @ConditionalOnClass did not find required class 'javax.cache.Caching' (OnClassCondition)

   JacksonHttpMessageConvertersConfiguration.MappingJackson2XmlHttpMessageConverterConfiguration:
      Did not match:
         - @ConditionalOnClass did not find required class 'com.fasterxml.jackson.dataformat.xml.XmlMapper' (OnClassCondition)

   JdbcRepositoriesAutoConfiguration:
      Did not match:
         - @ConditionalOnClass did not find required class 'org.springframework.data.jdbc.repository.config.AbstractJdbcConfiguration' (OnClassCondition)

   JerseyAutoConfiguration:
      Did not match:
         - @ConditionalOnClass did not find required class 'org.glassfish.jersey.server.spring.SpringComponentProvider' (OnClassCondition)

   JerseySameManagementContextConfiguration:
      Did not match:
         - @ConditionalOnClass did not find required class 'org.glassfish.jersey.server.ResourceConfig' (OnClassCondition)

   JerseyServerMetricsAutoConfiguration:
      Did not match:
         - @ConditionalOnClass did not find required class 'io.micrometer.core.instrument.binder.jersey.server.MetricsApplicationEventListener' (OnClassCondition)

   JerseyWebEndpointManagementContextConfiguration:
      Did not match:
         - @ConditionalOnClass did not find required class 'org.glassfish.jersey.server.ResourceConfig' (OnClassCondition)

   JettyMetricsAutoConfiguration:
      Did not match:
         - @ConditionalOnClass did not find required class 'org.eclipse.jetty.server.Server' (OnClassCondition)

   JmsAutoConfiguration:
      Did not match:
         - @ConditionalOnClass did not find required class 'javax.jms.Message' (OnClassCondition)

   JmsHealthContributorAutoConfiguration:
      Did not match:
         - @ConditionalOnClass did not find required class 'javax.jms.ConnectionFactory' (OnClassCondition)

   JmxAutoConfiguration:
      Did not match:
         - @ConditionalOnProperty (spring.jmx.enabled=true) did not find property 'enabled' (OnPropertyCondition)
      Matched:
         - @ConditionalOnClass found required class 'org.springframework.jmx.export.MBeanExporter' (OnClassCondition)

   JmxEndpointAutoConfiguration:
      Did not match:
         - @ConditionalOnProperty (spring.jmx.enabled=true) did not find property 'enabled' (OnPropertyCondition)

   JmxMetricsExportAutoConfiguration:
      Did not match:
         - @ConditionalOnClass did not find required class 'io.micrometer.jmx.JmxMeterRegistry' (OnClassCondition)

   JndiConnectionFactoryAutoConfiguration:
      Did not match:
         - @ConditionalOnClass did not find required class 'org.springframework.jms.core.JmsTemplate' (OnClassCondition)

   JndiDataSourceAutoConfiguration:
      Did not match:
         - @ConditionalOnProperty (spring.datasource.jndi-name) did not find property 'jndi-name' (OnPropertyCondition)
      Matched:
         - @ConditionalOnClass found required classes 'javax.sql.DataSource', 'org.springframework.jdbc.datasource.embedded.EmbeddedDatabaseType' (OnClassCondition)

   JndiJtaConfiguration:
      Did not match:
         - @ConditionalOnJndi JNDI environment is not available (OnJndiCondition)
      Matched:
         - @ConditionalOnClass found required class 'org.springframework.transaction.jta.JtaTransactionManager' (OnClassCondition)

   JolokiaEndpointAutoConfiguration:
      Did not match:
         - @ConditionalOnClass did not find required class 'org.jolokia.http.AgentServlet' (OnClassCondition)

   JooqAutoConfiguration:
      Did not match:
         - @ConditionalOnClass did not find required class 'org.jooq.DSLContext' (OnClassCondition)

   JpaBaseConfiguration#entityManagerFactory:
      Did not match:
         - @ConditionalOnMissingBean (types: org.springframework.orm.jpa.LocalContainerEntityManagerFactoryBean,javax.persistence.EntityManagerFactory; SearchStrategy: all) found beans of type 'javax.persistence.EntityManagerFactory' sessionFactory (OnBeanCondition)

   JpaRepositoriesAutoConfiguration#entityManagerFactoryBootstrapExecutorCustomizer:
      Did not match:
         - AnyNestedCondition 0 matched 2 did not; NestedCondition on JpaRepositoriesAutoConfiguration.BootstrapExecutorCondition.LazyBootstrapMode @ConditionalOnProperty (spring.data.jpa.repositories.bootstrap-mode=lazy) did not find property 'bootstrap-mode'; NestedCondition on JpaRepositoriesAutoConfiguration.BootstrapExecutorCondition.DeferredBootstrapMode @ConditionalOnProperty (spring.data.jpa.repositories.bootstrap-mode=deferred) did not find property 'bootstrap-mode' (JpaRepositoriesAutoConfiguration.BootstrapExecutorCondition)

   JsonbAutoConfiguration:
      Did not match:
         - @ConditionalOnClass did not find required class 'javax.json.bind.Jsonb' (OnClassCondition)

   JsonbHttpMessageConvertersConfiguration:
      Did not match:
         - @ConditionalOnClass did not find required class 'javax.json.bind.Jsonb' (OnClassCondition)

   KafkaAutoConfiguration:
      Did not match:
         - @ConditionalOnClass did not find required class 'org.springframework.kafka.core.KafkaTemplate' (OnClassCondition)

   KafkaMetricsAutoConfiguration:
      Did not match:
         - @ConditionalOnClass did not find required class 'org.springframework.kafka.core.ProducerFactory' (OnClassCondition)

   KairosMetricsExportAutoConfiguration:
      Did not match:
         - @ConditionalOnClass did not find required class 'io.micrometer.kairos.KairosMeterRegistry' (OnClassCondition)

   LdapAutoConfiguration:
      Did not match:
         - @ConditionalOnClass did not find required class 'org.springframework.ldap.core.ContextSource' (OnClassCondition)

   LdapHealthContributorAutoConfiguration:
      Did not match:
         - @ConditionalOnClass did not find required class 'org.springframework.ldap.core.LdapOperations' (OnClassCondition)

   LdapRepositoriesAutoConfiguration:
      Did not match:
         - @ConditionalOnClass did not find required class 'org.springframework.data.ldap.repository.LdapRepository' (OnClassCondition)

   LettuceMetricsAutoConfiguration:
      Did not match:
         - @ConditionalOnClass did not find required class 'io.lettuce.core.metrics.MicrometerCommandLatencyRecorder' (OnClassCondition)

   LiquibaseAutoConfiguration:
      Did not match:
         - @ConditionalOnClass did not find required class 'liquibase.change.DatabaseChange' (OnClassCondition)

   LiquibaseEndpointAutoConfiguration:
      Did not match:
         - @ConditionalOnClass did not find required class 'liquibase.integration.spring.SpringLiquibase' (OnClassCondition)

   Log4J2MetricsAutoConfiguration:
      Did not match:
         - @ConditionalOnClass did not find required class 'org.apache.logging.log4j.core.LoggerContext' (OnClassCondition)

   LogFileWebEndpointAutoConfiguration:
      Did not match:
         - @ConditionalOnAvailableEndpoint no 'management.endpoints' property marked it as exposed (OnAvailableEndpointCondition)

   LoggersEndpointAutoConfiguration:
      Did not match:
         - @ConditionalOnAvailableEndpoint no 'management.endpoints' property marked it as exposed (OnAvailableEndpointCondition)

   MailHealthContributorAutoConfiguration:
      Did not match:
         - @ConditionalOnClass did not find required class 'org.springframework.mail.javamail.JavaMailSenderImpl' (OnClassCondition)

   MailSenderAutoConfiguration:
      Did not match:
         - @ConditionalOnClass did not find required class 'javax.mail.internet.MimeMessage' (OnClassCondition)

   MailSenderValidatorAutoConfiguration:
      Did not match:
         - @ConditionalOnSingleCandidate did not find required type 'org.springframework.mail.javamail.JavaMailSenderImpl' (OnBeanCondition)

   ManagementContextAutoConfiguration.DifferentManagementContextConfiguration:
      Did not match:
         - Management Port actual port type (SAME) did not match required type (DIFFERENT) (OnManagementPortCondition)

   ManagementWebSecurityAutoConfiguration:
      Did not match:
         - AllNestedConditions 1 matched 1 did not; NestedCondition on DefaultWebSecurityCondition.Beans @ConditionalOnMissingBean (types: org.springframework.security.config.annotation.web.configuration.WebSecurityConfigurerAdapter,org.springframework.security.web.SecurityFilterChain; SearchStrategy: all) did not find any beans; NestedCondition on DefaultWebSecurityCondition.Classes @ConditionalOnClass did not find required classes 'org.springframework.security.web.SecurityFilterChain', 'org.springframework.security.config.annotation.web.builders.HttpSecurity' (DefaultWebSecurityCondition)
      Matched:
         - found 'session' scope (OnWebApplicationCondition)

   MappingsEndpointAutoConfiguration:
      Did not match:
         - @ConditionalOnAvailableEndpoint no 'management.endpoints' property marked it as exposed (OnAvailableEndpointCondition)

   MessageSourceAutoConfiguration:
      Did not match:
         - ResourceBundle did not find bundle with basename messages (MessageSourceAutoConfiguration.ResourceBundleCondition)

   MetricsEndpointAutoConfiguration:
      Did not match:
         - @ConditionalOnAvailableEndpoint no 'management.endpoints' property marked it as exposed (OnAvailableEndpointCondition)
      Matched:
         - @ConditionalOnClass found required class 'io.micrometer.core.annotation.Timed' (OnClassCondition)

   MongoAutoConfiguration:
      Did not match:
         - @ConditionalOnClass did not find required class 'com.mongodb.client.MongoClient' (OnClassCondition)

   MongoDataAutoConfiguration:
      Did not match:
         - @ConditionalOnClass did not find required class 'com.mongodb.client.MongoClient' (OnClassCondition)

   MongoHealthContributorAutoConfiguration:
      Did not match:
         - @ConditionalOnClass did not find required class 'org.springframework.data.mongodb.core.MongoTemplate' (OnClassCondition)

   MongoMetricsAutoConfiguration:
      Did not match:
         - @ConditionalOnClass did not find required class 'com.mongodb.MongoClientSettings' (OnClassCondition)

   MongoReactiveAutoConfiguration:
      Did not match:
         - @ConditionalOnClass did not find required class 'com.mongodb.reactivestreams.client.MongoClient' (OnClassCondition)

   MongoReactiveDataAutoConfiguration:
      Did not match:
         - @ConditionalOnClass did not find required class 'com.mongodb.reactivestreams.client.MongoClient' (OnClassCondition)

   MongoReactiveHealthContributorAutoConfiguration:
      Did not match:
         - @ConditionalOnClass did not find required class 'reactor.core.publisher.Flux' (OnClassCondition)

   MongoReactiveRepositoriesAutoConfiguration:
      Did not match:
         - @ConditionalOnClass did not find required class 'com.mongodb.reactivestreams.client.MongoClient' (OnClassCondition)

   MongoRepositoriesAutoConfiguration:
      Did not match:
         - @ConditionalOnClass did not find required class 'com.mongodb.client.MongoClient' (OnClassCondition)

   MustacheAutoConfiguration:
      Did not match:
         - @ConditionalOnClass did not find required class 'com.samskivert.mustache.Mustache' (OnClassCondition)

   Neo4jAutoConfiguration:
      Did not match:
         - @ConditionalOnClass did not find required class 'org.neo4j.driver.Driver' (OnClassCondition)

   Neo4jDataAutoConfiguration:
      Did not match:
         - @ConditionalOnClass did not find required class 'org.neo4j.driver.Driver' (OnClassCondition)

   Neo4jHealthContributorAutoConfiguration:
      Did not match:
         - @ConditionalOnClass did not find required class 'org.neo4j.driver.Driver' (OnClassCondition)

   Neo4jReactiveDataAutoConfiguration:
      Did not match:
         - @ConditionalOnClass did not find required class 'org.neo4j.driver.Driver' (OnClassCondition)

   Neo4jReactiveRepositoriesAutoConfiguration:
      Did not match:
         - @ConditionalOnClass did not find required class 'org.neo4j.driver.Driver' (OnClassCondition)

   Neo4jRepositoriesAutoConfiguration:
      Did not match:
         - @ConditionalOnClass did not find required class 'org.neo4j.driver.Driver' (OnClassCondition)

   NettyAutoConfiguration:
      Did not match:
         - @ConditionalOnClass did not find required class 'io.netty.util.NettyRuntime' (OnClassCondition)

   NewRelicMetricsExportAutoConfiguration:
      Did not match:
         - @ConditionalOnClass did not find required class 'io.micrometer.newrelic.NewRelicMeterRegistry' (OnClassCondition)

   NoOpMeterRegistryConfiguration:
      Did not match:
         - @ConditionalOnMissingBean (types: io.micrometer.core.instrument.MeterRegistry; SearchStrategy: all) found beans of type 'io.micrometer.core.instrument.MeterRegistry' simpleMeterRegistry (OnBeanCondition)

   OAuth2ClientAutoConfiguration:
      Did not match:
         - @ConditionalOnClass did not find required class 'org.springframework.security.config.annotation.web.configuration.EnableWebSecurity' (OnClassCondition)

   OAuth2ResourceServerAutoConfiguration:
      Did not match:
         - @ConditionalOnClass did not find required class 'org.springframework.security.oauth2.server.resource.BearerTokenAuthenticationToken' (OnClassCondition)

   ProjectInfoAutoConfiguration#buildProperties:
      Did not match:
         - @ConditionalOnResource did not find resource '${spring.info.build.location:classpath:META-INF/build-info.properties}' (OnResourceCondition)

   ProjectInfoAutoConfiguration#gitProperties:
      Did not match:
         - GitResource did not find git info at classpath:git.properties (ProjectInfoAutoConfiguration.GitResourceAvailableCondition)

   PrometheusMetricsExportAutoConfiguration:
      Did not match:
         - @ConditionalOnClass did not find required class 'io.micrometer.prometheus.PrometheusMeterRegistry' (OnClassCondition)

   QuartzAutoConfiguration:
      Did not match:
         - @ConditionalOnClass did not find required class 'org.quartz.Scheduler' (OnClassCondition)

   QuartzEndpointAutoConfiguration:
      Did not match:
         - @ConditionalOnClass did not find required class 'org.quartz.Scheduler' (OnClassCondition)

   R2dbcAutoConfiguration:
      Did not match:
         - @ConditionalOnClass did not find required class 'io.r2dbc.spi.ConnectionFactory' (OnClassCondition)

   R2dbcDataAutoConfiguration:
      Did not match:
         - @ConditionalOnClass did not find required class 'org.springframework.data.r2dbc.core.R2dbcEntityTemplate' (OnClassCondition)

   R2dbcInitializationConfiguration:
      Did not match:
         - @ConditionalOnClass did not find required classes 'io.r2dbc.spi.ConnectionFactory', 'org.springframework.r2dbc.connection.init.DatabasePopulator' (OnClassCondition)

   R2dbcRepositoriesAutoConfiguration:
      Did not match:
         - @ConditionalOnClass did not find required class 'io.r2dbc.spi.ConnectionFactory' (OnClassCondition)

   R2dbcTransactionManagerAutoConfiguration:
      Did not match:
         - @ConditionalOnClass did not find required class 'org.springframework.r2dbc.connection.R2dbcTransactionManager' (OnClassCondition)

   RSocketGraphQlClientAutoConfiguration:
      Did not match:
         - @ConditionalOnClass did not find required class 'graphql.GraphQL' (OnClassCondition)

   RSocketMessagingAutoConfiguration:
      Did not match:
         - @ConditionalOnClass did not find required class 'io.rsocket.RSocket' (OnClassCondition)

   RSocketRequesterAutoConfiguration:
      Did not match:
         - @ConditionalOnClass did not find required class 'io.rsocket.RSocket' (OnClassCondition)

   RSocketSecurityAutoConfiguration:
      Did not match:
         - @ConditionalOnClass did not find required class 'org.springframework.security.rsocket.core.SecuritySocketAcceptorInterceptor' (OnClassCondition)

   RSocketServerAutoConfiguration:
      Did not match:
         - @ConditionalOnClass did not find required class 'io.rsocket.core.RSocketServer' (OnClassCondition)

   RSocketStrategiesAutoConfiguration:
      Did not match:
         - @ConditionalOnClass did not find required class 'io.netty.buffer.PooledByteBufAllocator' (OnClassCondition)

   RabbitAutoConfiguration:
      Did not match:
         - @ConditionalOnClass did not find required class 'com.rabbitmq.client.Channel' (OnClassCondition)

   RabbitHealthContributorAutoConfiguration:
      Did not match:
         - @ConditionalOnClass did not find required class 'org.springframework.amqp.rabbit.core.RabbitTemplate' (OnClassCondition)

   RabbitMetricsAutoConfiguration:
      Did not match:
         - @ConditionalOnClass did not find required class 'com.rabbitmq.client.ConnectionFactory' (OnClassCondition)

   ReactiveCloudFoundryActuatorAutoConfiguration:
      Did not match:
         - @ConditionalOnWebApplication did not find reactive web application classes (OnWebApplicationCondition)

   ReactiveElasticsearchRepositoriesAutoConfiguration:
      Did not match:
         - @ConditionalOnClass did not find required class 'org.springframework.data.elasticsearch.client.reactive.ReactiveElasticsearchClient' (OnClassCondition)

   ReactiveElasticsearchRestClientAutoConfiguration:
      Did not match:
         - @ConditionalOnClass did not find required class 'reactor.netty.http.client.HttpClient' (OnClassCondition)

   ReactiveHealthEndpointConfiguration:
      Did not match:
         - @ConditionalOnClass did not find required class 'reactor.core.publisher.Flux' (OnClassCondition)

   ReactiveManagementContextAutoConfiguration:
      Did not match:
         - @ConditionalOnClass did not find required class 'reactor.core.publisher.Flux' (OnClassCondition)

   ReactiveManagementWebSecurityAutoConfiguration:
      Did not match:
         - @ConditionalOnClass did not find required class 'org.springframework.security.config.annotation.web.reactive.EnableWebFluxSecurity' (OnClassCondition)

   ReactiveMultipartAutoConfiguration:
      Did not match:
         - @ConditionalOnClass did not find required class 'org.springframework.web.reactive.config.WebFluxConfigurer' (OnClassCondition)

   ReactiveOAuth2ClientAutoConfiguration:
      Did not match:
         - @ConditionalOnClass did not find required class 'reactor.core.publisher.Flux' (OnClassCondition)

   ReactiveOAuth2ResourceServerAutoConfiguration:
      Did not match:
         - @ConditionalOnClass did not find required class 'org.springframework.security.config.annotation.web.reactive.EnableWebFluxSecurity' (OnClassCondition)

   ReactiveSecurityAutoConfiguration:
      Did not match:
         - @ConditionalOnClass did not find required class 'reactor.core.publisher.Flux' (OnClassCondition)

   ReactiveUserDetailsServiceAutoConfiguration:
      Did not match:
         - @ConditionalOnClass did not find required class 'org.springframework.security.authentication.ReactiveAuthenticationManager' (OnClassCondition)

   ReactiveWebServerFactoryAutoConfiguration:
      Did not match:
         - @ConditionalOnWebApplication did not find reactive web application classes (OnWebApplicationCondition)

   RedisAutoConfiguration:
      Did not match:
         - @ConditionalOnClass did not find required class 'org.springframework.data.redis.core.RedisOperations' (OnClassCondition)

   RedisCacheConfiguration:
      Did not match:
         - @ConditionalOnClass did not find required class 'org.springframework.data.redis.connection.RedisConnectionFactory' (OnClassCondition)

   RedisHealthContributorAutoConfiguration:
      Did not match:
         - @ConditionalOnClass did not find required class 'org.springframework.data.redis.connection.RedisConnectionFactory' (OnClassCondition)

   RedisReactiveAutoConfiguration:
      Did not match:
         - @ConditionalOnClass did not find required class 'reactor.core.publisher.Flux' (OnClassCondition)

   RedisReactiveHealthContributorAutoConfiguration:
      Did not match:
         - @ConditionalOnClass did not find required class 'reactor.core.publisher.Flux' (OnClassCondition)

   RedisRepositoriesAutoConfiguration:
      Did not match:
         - @ConditionalOnClass did not find required class 'org.springframework.data.redis.repository.configuration.EnableRedisRepositories' (OnClassCondition)

   RemoteDevToolsAutoConfiguration:
      Did not match:
         - @ConditionalOnProperty (spring.devtools.remote.secret) did not find property 'secret' (OnPropertyCondition)
      Matched:
         - @ConditionalOnClass found required classes 'javax.servlet.Filter', 'org.springframework.http.server.ServerHttpRequest' (OnClassCondition)

   RepositoryRestMvcAutoConfiguration:
      Did not match:
         - @ConditionalOnClass did not find required class 'org.springframework.data.rest.webmvc.config.RepositoryRestMvcConfiguration' (OnClassCondition)

   Saml2RelyingPartyAutoConfiguration:
      Did not match:
         - @ConditionalOnClass did not find required class 'org.springframework.security.saml2.provider.service.registration.RelyingPartyRegistrationRepository' (OnClassCondition)

   ScheduledTasksEndpointAutoConfiguration:
      Did not match:
         - @ConditionalOnAvailableEndpoint no 'management.endpoints' property marked it as exposed (OnAvailableEndpointCondition)

   SecurityAutoConfiguration:
      Did not match:
         - @ConditionalOnClass did not find required class 'org.springframework.security.authentication.DefaultAuthenticationEventPublisher' (OnClassCondition)

   SecurityFilterAutoConfiguration:
      Did not match:
         - @ConditionalOnClass did not find required class 'org.springframework.security.config.http.SessionCreationPolicy' (OnClassCondition)

   SecurityRequestMatchersManagementContextConfiguration:
      Did not match:
         - @ConditionalOnClass did not find required class 'org.springframework.security.web.util.matcher.RequestMatcher' (OnClassCondition)

   SendGridAutoConfiguration:
      Did not match:
         - @ConditionalOnClass did not find required class 'com.sendgrid.SendGrid' (OnClassCondition)

   ServletEndpointManagementContextConfiguration.JerseyServletEndpointManagementContextConfiguration:
      Did not match:
         - @ConditionalOnClass did not find required class 'org.glassfish.jersey.server.ResourceConfig' (OnClassCondition)

   ServletManagementContextAutoConfiguration.ApplicationContextFilterConfiguration:
      Did not match:
         - @ConditionalOnProperty (management.server.add-application-context-header=true) did not find property 'add-application-context-header' (OnPropertyCondition)

   ServletWebServerFactoryAutoConfiguration.ForwardedHeaderFilterConfiguration:
      Did not match:
         - @ConditionalOnProperty (server.forward-headers-strategy=framework) did not find property 'server.forward-headers-strategy' (OnPropertyCondition)

   ServletWebServerFactoryConfiguration.EmbeddedJetty:
      Did not match:
         - @ConditionalOnClass did not find required classes 'org.eclipse.jetty.server.Server', 'org.eclipse.jetty.util.Loader', 'org.eclipse.jetty.webapp.WebAppContext' (OnClassCondition)

   ServletWebServerFactoryConfiguration.EmbeddedUndertow:
      Did not match:
         - @ConditionalOnClass did not find required classes 'io.undertow.Undertow', 'org.xnio.SslClientAuthMode' (OnClassCondition)

   SessionAutoConfiguration:
      Did not match:
         - @ConditionalOnClass did not find required class 'org.springframework.session.Session' (OnClassCondition)

   SessionsEndpointAutoConfiguration:
      Did not match:
         - @ConditionalOnClass did not find required class 'org.springframework.session.FindByIndexNameSessionRepository' (OnClassCondition)

   ShutdownEndpointAutoConfiguration:
      Did not match:
         - @ConditionalOnAvailableEndpoint no property management.endpoint.shutdown.enabled found so using endpoint default of false (OnAvailableEndpointCondition)

   SignalFxMetricsExportAutoConfiguration:
      Did not match:
         - @ConditionalOnClass did not find required class 'io.micrometer.signalfx.SignalFxMeterRegistry' (OnClassCondition)

   SolrAutoConfiguration:
      Did not match:
         - @ConditionalOnClass did not find required class 'org.apache.solr.client.solrj.impl.CloudSolrClient' (OnClassCondition)

   SolrHealthContributorAutoConfiguration:
      Did not match:
         - @ConditionalOnClass did not find required class 'org.apache.solr.client.solrj.SolrClient' (OnClassCondition)

   SpringApplicationAdminJmxAutoConfiguration:
      Did not match:
         - @ConditionalOnProperty (spring.application.admin.enabled=true) did not find property 'enabled' (OnPropertyCondition)

   StackdriverMetricsExportAutoConfiguration:
      Did not match:
         - @ConditionalOnClass did not find required class 'io.micrometer.stackdriver.StackdriverMeterRegistry' (OnClassCondition)

   StartupEndpointAutoConfiguration:
      Did not match:
         - ApplicationStartup configured applicationStartup is of type class org.springframework.core.metrics.DefaultApplicationStartup, expected BufferingApplicationStartup. (StartupEndpointAutoConfiguration.ApplicationStartupCondition)

   StatsdMetricsExportAutoConfiguration:
      Did not match:
         - @ConditionalOnClass did not find required class 'io.micrometer.statsd.StatsdMeterRegistry' (OnClassCondition)

   TaskSchedulingAutoConfiguration#scheduledBeanLazyInitializationExcludeFilter:
      Did not match:
         - @ConditionalOnBean (names: org.springframework.context.annotation.internalScheduledAnnotationProcessor; SearchStrategy: all) did not find any beans named org.springframework.context.annotation.internalScheduledAnnotationProcessor (OnBeanCondition)

   TaskSchedulingAutoConfiguration#taskScheduler:
      Did not match:
         - @ConditionalOnBean (names: org.springframework.context.annotation.internalScheduledAnnotationProcessor; SearchStrategy: all) did not find any beans named org.springframework.context.annotation.internalScheduledAnnotationProcessor (OnBeanCondition)

   ThreadDumpEndpointAutoConfiguration:
      Did not match:
         - @ConditionalOnAvailableEndpoint no 'management.endpoints' property marked it as exposed (OnAvailableEndpointCondition)

   ThymeleafAutoConfiguration:
      Did not match:
         - @ConditionalOnClass did not find required class 'org.thymeleaf.spring5.SpringTemplateEngine' (OnClassCondition)

   TransactionAutoConfiguration#transactionalOperator:
      Did not match:
         - @ConditionalOnSingleCandidate (types: org.springframework.transaction.ReactiveTransactionManager; SearchStrategy: all) did not find any beans (OnBeanCondition)

   TransactionAutoConfiguration.AspectJTransactionManagementConfiguration:
      Did not match:
         - @ConditionalOnBean (types: org.springframework.transaction.aspectj.AbstractTransactionAspect; SearchStrategy: all) did not find any beans of type org.springframework.transaction.aspectj.AbstractTransactionAspect (OnBeanCondition)

   TransactionAutoConfiguration.EnableTransactionManagementConfiguration:
      Did not match:
         - @ConditionalOnMissingBean (types: org.springframework.transaction.annotation.AbstractTransactionManagementConfiguration; SearchStrategy: all) found beans of type 'org.springframework.transaction.annotation.AbstractTransactionManagementConfiguration' org.springframework.transaction.annotation.ProxyTransactionManagementConfiguration (OnBeanCondition)

   TransactionAutoConfiguration.EnableTransactionManagementConfiguration.CglibAutoProxyConfiguration:
      Did not match:
         - Ancestor org.springframework.boot.autoconfigure.transaction.TransactionAutoConfiguration$EnableTransactionManagementConfiguration did not match (ConditionEvaluationReport.AncestorsMatchedCondition)
      Matched:
         - @ConditionalOnProperty (spring.aop.proxy-target-class=true) matched (OnPropertyCondition)

   TransactionAutoConfiguration.EnableTransactionManagementConfiguration.JdkDynamicAutoProxyConfiguration:
      Did not match:
         - @ConditionalOnProperty (spring.aop.proxy-target-class=false) did not find property 'proxy-target-class' (OnPropertyCondition)
         - Ancestor org.springframework.boot.autoconfigure.transaction.TransactionAutoConfiguration$EnableTransactionManagementConfiguration did not match (ConditionEvaluationReport.AncestorsMatchedCondition)

   UserDetailsServiceAutoConfiguration:
      Did not match:
         - @ConditionalOnClass did not find required class 'org.springframework.security.authentication.AuthenticationManager' (OnClassCondition)

   WavefrontMetricsExportAutoConfiguration:
      Did not match:
         - @ConditionalOnClass did not find required class 'com.wavefront.sdk.common.WavefrontSender' (OnClassCondition)

   WebClientAutoConfiguration:
      Did not match:
         - @ConditionalOnClass did not find required class 'org.springframework.web.reactive.function.client.WebClient' (OnClassCondition)

   WebClientMetricsConfiguration:
      Did not match:
         - @ConditionalOnClass did not find required class 'org.springframework.web.reactive.function.client.WebClient' (OnClassCondition)

   WebFluxAutoConfiguration:
      Did not match:
         - @ConditionalOnClass did not find required class 'org.springframework.web.reactive.config.WebFluxConfigurer' (OnClassCondition)

   WebFluxEndpointManagementContextConfiguration:
      Did not match:
         - @ConditionalOnClass did not find required class 'org.springframework.web.reactive.DispatcherHandler' (OnClassCondition)

   WebFluxMetricsAutoConfiguration:
      Did not match:
         - @ConditionalOnWebApplication did not find reactive web application classes (OnWebApplicationCondition)

   WebMvcAutoConfiguration#hiddenHttpMethodFilter:
      Did not match:
         - @ConditionalOnProperty (spring.mvc.hiddenmethod.filter.enabled) did not find property 'enabled' (OnPropertyCondition)

   WebMvcAutoConfiguration.ResourceChainCustomizerConfiguration:
      Did not match:
         - @ConditionalOnEnabledResourceChain did not find class org.webjars.WebJarAssetLocator (OnEnabledResourceChainCondition)

   WebMvcAutoConfiguration.WebMvcAutoConfigurationAdapter#beanNameViewResolver:
      Did not match:
         - @ConditionalOnMissingBean (types: org.springframework.web.servlet.view.BeanNameViewResolver; SearchStrategy: all) found beans of type 'org.springframework.web.servlet.view.BeanNameViewResolver' beanNameViewResolver (OnBeanCondition)

   WebMvcEndpointManagementContextConfiguration#managementHealthEndpointWebMvcHandlerMapping:
      Did not match:
         - Management Port actual port type (SAME) did not match required type (DIFFERENT) (OnManagementPortCondition)

   WebServiceTemplateAutoConfiguration:
      Did not match:
         - @ConditionalOnClass did not find required class 'org.springframework.oxm.Marshaller' (OnClassCondition)

   WebServicesAutoConfiguration:
      Did not match:
         - @ConditionalOnClass did not find required class 'org.springframework.ws.transport.http.MessageDispatcherServlet' (OnClassCondition)

   WebSessionIdResolverAutoConfiguration:
      Did not match:
         - @ConditionalOnClass did not find required class 'reactor.core.publisher.Mono' (OnClassCondition)

   WebSocketMessagingAutoConfiguration:
      Did not match:
         - @ConditionalOnClass did not find required class 'org.springframework.web.socket.config.annotation.WebSocketMessageBrokerConfigurer' (OnClassCondition)

   WebSocketReactiveAutoConfiguration:
      Did not match:
         - @ConditionalOnWebApplication did not find reactive web application classes (OnWebApplicationCondition)

   WebSocketServletAutoConfiguration.Jetty10WebSocketConfiguration:
      Did not match:
         - @ConditionalOnClass did not find required classes 'org.eclipse.jetty.websocket.javax.server.internal.JavaxWebSocketServerContainer', 'org.eclipse.jetty.websocket.server.JettyWebSocketServerContainer' (OnClassCondition)

   WebSocketServletAutoConfiguration.JettyWebSocketConfiguration:
      Did not match:
         - @ConditionalOnClass did not find required class 'org.eclipse.jetty.websocket.jsr356.server.deploy.WebSocketServerContainerInitializer' (OnClassCondition)

   WebSocketServletAutoConfiguration.UndertowWebSocketConfiguration:
      Did not match:
         - @ConditionalOnClass did not find required class 'io.undertow.websockets.jsr.Bootstrap' (OnClassCondition)

   XADataSourceAutoConfiguration:
      Did not match:
         - @ConditionalOnBean (types: org.springframework.boot.jdbc.XADataSourceWrapper; SearchStrategy: all) did not find any beans of type org.springframework.boot.jdbc.XADataSourceWrapper (OnBeanCondition)
      Matched:
         - @ConditionalOnClass found required classes 'javax.sql.DataSource', 'javax.transaction.TransactionManager', 'org.springframework.jdbc.datasource.embedded.EmbeddedDatabaseType' (OnClassCondition)


Exclusions:
-----------

    None


Unconditional classes:
----------------------

    org.springframework.boot.autoconfigure.context.ConfigurationPropertiesAutoConfiguration

    org.springframework.boot.actuate.autoconfigure.availability.AvailabilityHealthContributorAutoConfiguration

    org.springframework.boot.actuate.autoconfigure.info.InfoContributorAutoConfiguration

    org.springframework.boot.autoconfigure.context.PropertyPlaceholderAutoConfiguration

    org.springframework.boot.autoconfigure.context.LifecycleAutoConfiguration

    org.springframework.boot.actuate.autoconfigure.health.HealthContributorAutoConfiguration

    org.springframework.boot.actuate.autoconfigure.metrics.integration.IntegrationMetricsAutoConfiguration

    org.springframework.boot.actuate.autoconfigure.endpoint.EndpointAutoConfiguration

    org.springframework.boot.autoconfigure.availability.ApplicationAvailabilityAutoConfiguration

    org.springframework.boot.autoconfigure.info.ProjectInfoAutoConfiguration

    org.springframework.boot.actuate.autoconfigure.web.server.ManagementContextAutoConfiguration



2026-04-11 01:01:27.528 INFO  [restartedMain] c.d.comicverse.ComicverseApplication - Started ComicverseApplication in 12.288 seconds (JVM running for 14.235)
2026-04-11 01:01:27.538 DEBUG [restartedMain] o.s.b.a.ApplicationAvailabilityBean - Application availability state LivenessState changed to CORRECT
2026-04-11 01:01:27.540 INFO  [restartedMain] c.d.comicverse.ComicverseApplication - Working directory: C:\Users\alessio.deamicis\Documents\GitHub\comicVerse_dgsspa
2026-04-11 01:01:27.542 INFO  [restartedMain] c.d.comicverse.ComicverseApplication - Active profiles: dev
2026-04-11 01:01:27.544 DEBUG [restartedMain] o.s.boot.devtools.restart.Restarter - Creating new Restarter for thread Thread[main,5,main]
2026-04-11 01:01:27.544 DEBUG [restartedMain] o.s.boot.devtools.restart.Restarter - Immediately restarting application
2026-04-11 01:01:27.544 DEBUG [restartedMain] o.s.boot.devtools.restart.Restarter - Starting application com.dgsspa.comicverse.ComicverseApplication with URLs [file:/C:/Users/alessio.deamicis/Documents/GitHub/comicVerse_dgsspa/comicVerse/BackEnd/comicverse/target/classes/]
2026-04-11 01:01:27.544 DEBUG [restartedMain] o.s.b.a.ApplicationAvailabilityBean - Application availability state ReadinessState changed to ACCEPTING_TRAFFIC
2026-04-11 01:02:53.969 INFO  [http-nio-8080-exec-2] o.a.c.c.C.[Tomcat].[localhost].[/] - Initializing Spring DispatcherServlet 'dispatcherServlet'
2026-04-11 01:02:54.050 DEBUG [http-nio-8080-exec-2] o.s.w.s.m.m.a.RequestMappingHandlerMapping - Mapped to com.dgsspa.comicverse.controller.GenereController#creaNuovoGenere(GenereDTO)
2026-04-11 01:02:54.065 DEBUG [http-nio-8080-exec-2] o.s.o.j.s.OpenEntityManagerInViewInterceptor - Opening JPA EntityManager in OpenEntityManagerInViewInterceptor
2026-04-11 01:02:54.306 DEBUG [http-nio-8080-exec-2] o.h.s.internal.StatisticsInitiator - Statistics initialized [enabled=false]
2026-04-11 01:02:54.749 DEBUG [http-nio-8080-exec-2] o.s.w.s.m.m.a.RequestResponseBodyMethodProcessor - Read "application/json;charset=UTF-8" to [com.dgsspa.comicverse.dto.GenereDTO@6c7c8d2c]
2026-04-11 01:02:54.951 DEBUG [http-nio-8080-exec-2] o.s.orm.jpa.JpaTransactionManager - Found thread-bound EntityManager [SessionImpl(806925336<open>)] for JPA transaction
2026-04-11 01:02:54.954 DEBUG [http-nio-8080-exec-2] o.s.orm.jpa.JpaTransactionManager - Creating new transaction with name [com.dgsspa.comicverse.service.GenereService.inserisciNuovoGenere]: PROPAGATION_REQUIRED,ISOLATION_DEFAULT
2026-04-11 01:02:54.966 DEBUG [http-nio-8080-exec-2] o.h.e.t.internal.TransactionImpl - On TransactionImpl creation, JpaCompliance#isJpaTransactionComplianceEnabled == false
2026-04-11 01:02:54.966 DEBUG [http-nio-8080-exec-2] o.h.e.t.internal.TransactionImpl - begin
2026-04-11 01:02:54.967 DEBUG [http-nio-8080-exec-2] o.s.j.d.DriverManagerDataSource - Creating new JDBC DriverManager Connection to [jdbc:oracle:thin:@//localhost:1521/XEPDB1]
2026-04-11 01:02:55.125 DEBUG [http-nio-8080-exec-2] c.d.comicverse.service.GenereService - Inserimento nuovo genere: nome=Supereroi
2026-04-11 01:02:55.204 DEBUG [http-nio-8080-exec-2] org.hibernate.SQL - select fumetto0_.ID_FUMETTO as id_fumetto1_0_0_, fumetto0_.DATA_PUBBLICAZIONE as data_pubblicazione2_0_0_, fumetto0_.descrizione as descrizione3_0_0_, fumetto0_.editore as editore4_0_0_, fumetto0_.titolo as titolo5_0_0_, fumetto0_.volume as volume6_0_0_ from FUMETTO fumetto0_ where fumetto0_.ID_FUMETTO=?
2026-04-11 01:02:55.267 DEBUG [http-nio-8080-exec-2] o.h.l.p.e.p.i.EntityReferenceInitializerImpl - On call to EntityIdentifierReaderImpl#resolve, EntityKey was already known; should only happen on root returns with an optional identifier specified
2026-04-11 01:02:55.318 DEBUG [http-nio-8080-exec-2] o.h.engine.internal.TwoPhaseLoad - Resolving attributes for [com.dgsspa.comicverse.model.Fumetto#1]
2026-04-11 01:02:55.324 DEBUG [http-nio-8080-exec-2] o.h.engine.internal.TwoPhaseLoad - Processing attribute `dataPubblicazione` : value = 1988-03-01T00:00
2026-04-11 01:02:55.324 DEBUG [http-nio-8080-exec-2] o.h.engine.internal.TwoPhaseLoad - Attribute (`dataPubblicazione`)  - enhanced for lazy-loading? - false
2026-04-11 01:02:55.324 DEBUG [http-nio-8080-exec-2] o.h.engine.internal.TwoPhaseLoad - Processing attribute `descrizione` : value = Capolavoro di Alan Moore e Brian Bolland che esplora le origini del Joker e il confine sottile tra sanità e follia.
2026-04-11 01:02:55.325 DEBUG [http-nio-8080-exec-2] o.h.engine.internal.TwoPhaseLoad - Attribute (`descrizione`)  - enhanced for lazy-loading? - false
2026-04-11 01:02:55.325 DEBUG [http-nio-8080-exec-2] o.h.engine.internal.TwoPhaseLoad - Processing attribute `editore` : value = DC Comics
2026-04-11 01:02:55.325 DEBUG [http-nio-8080-exec-2] o.h.engine.internal.TwoPhaseLoad - Attribute (`editore`)  - enhanced for lazy-loading? - false
2026-04-11 01:02:55.326 DEBUG [http-nio-8080-exec-2] o.h.engine.internal.TwoPhaseLoad - Processing attribute `generi` : value = NOT NULL COLLECTION
2026-04-11 01:02:55.326 DEBUG [http-nio-8080-exec-2] o.h.engine.internal.TwoPhaseLoad - Attribute (`generi`)  - enhanced for lazy-loading? - false
2026-04-11 01:02:55.359 DEBUG [http-nio-8080-exec-2] o.h.engine.internal.TwoPhaseLoad - Processing attribute `titolo` : value = Batman: The Killing Joke
2026-04-11 01:02:55.359 DEBUG [http-nio-8080-exec-2] o.h.engine.internal.TwoPhaseLoad - Attribute (`titolo`)  - enhanced for lazy-loading? - false
2026-04-11 01:02:55.359 DEBUG [http-nio-8080-exec-2] o.h.engine.internal.TwoPhaseLoad - Processing attribute `volume` : value = 1
2026-04-11 01:02:55.359 DEBUG [http-nio-8080-exec-2] o.h.engine.internal.TwoPhaseLoad - Attribute (`volume`)  - enhanced for lazy-loading? - false
2026-04-11 01:02:55.363 DEBUG [http-nio-8080-exec-2] o.h.engine.internal.TwoPhaseLoad - Done materializing entity [com.dgsspa.comicverse.model.Fumetto#1]
2026-04-11 01:02:55.367 DEBUG [http-nio-8080-exec-2] o.h.l.e.p.AbstractLoadPlanBasedEntityLoader - Done entity load : com.dgsspa.comicverse.model.Fumetto#1
2026-04-11 01:02:55.371 DEBUG [http-nio-8080-exec-2] org.hibernate.SQL - select fumetto0_.ID_FUMETTO as id_fumetto1_0_0_, fumetto0_.DATA_PUBBLICAZIONE as data_pubblicazione2_0_0_, fumetto0_.descrizione as descrizione3_0_0_, fumetto0_.editore as editore4_0_0_, fumetto0_.titolo as titolo5_0_0_, fumetto0_.volume as volume6_0_0_ from FUMETTO fumetto0_ where fumetto0_.ID_FUMETTO=?
2026-04-11 01:02:55.376 DEBUG [http-nio-8080-exec-2] o.h.l.p.e.p.i.EntityReferenceInitializerImpl - On call to EntityIdentifierReaderImpl#resolve, EntityKey was already known; should only happen on root returns with an optional identifier specified
2026-04-11 01:02:55.377 DEBUG [http-nio-8080-exec-2] o.h.engine.internal.TwoPhaseLoad - Resolving attributes for [com.dgsspa.comicverse.model.Fumetto#2]
2026-04-11 01:02:55.378 DEBUG [http-nio-8080-exec-2] o.h.engine.internal.TwoPhaseLoad - Processing attribute `dataPubblicazione` : value = 1986-09-01T00:00
2026-04-11 01:02:55.378 DEBUG [http-nio-8080-exec-2] o.h.engine.internal.TwoPhaseLoad - Attribute (`dataPubblicazione`)  - enhanced for lazy-loading? - false
2026-04-11 01:02:55.379 DEBUG [http-nio-8080-exec-2] o.h.engine.internal.TwoPhaseLoad - Processing attribute `descrizione` : value = Graphic novel rivoluzionaria di Alan Moore e Dave Gibbons ambientata in una realtà alternativa dove i supereroi esistono davvero.
2026-04-11 01:02:55.379 DEBUG [http-nio-8080-exec-2] o.h.engine.internal.TwoPhaseLoad - Attribute (`descrizione`)  - enhanced for lazy-loading? - false
2026-04-11 01:02:55.379 DEBUG [http-nio-8080-exec-2] o.h.engine.internal.TwoPhaseLoad - Processing attribute `editore` : value = DC Comics
2026-04-11 01:02:55.379 DEBUG [http-nio-8080-exec-2] o.h.engine.internal.TwoPhaseLoad - Attribute (`editore`)  - enhanced for lazy-loading? - false
2026-04-11 01:02:55.379 DEBUG [http-nio-8080-exec-2] o.h.engine.internal.TwoPhaseLoad - Processing attribute `generi` : value = NOT NULL COLLECTION
2026-04-11 01:02:55.379 DEBUG [http-nio-8080-exec-2] o.h.engine.internal.TwoPhaseLoad - Attribute (`generi`)  - enhanced for lazy-loading? - false
2026-04-11 01:02:55.379 DEBUG [http-nio-8080-exec-2] o.h.engine.internal.TwoPhaseLoad - Processing attribute `titolo` : value = Watchmen
2026-04-11 01:02:55.379 DEBUG [http-nio-8080-exec-2] o.h.engine.internal.TwoPhaseLoad - Attribute (`titolo`)  - enhanced for lazy-loading? - false
2026-04-11 01:02:55.379 DEBUG [http-nio-8080-exec-2] o.h.engine.internal.TwoPhaseLoad - Processing attribute `volume` : value = 1
2026-04-11 01:02:55.380 DEBUG [http-nio-8080-exec-2] o.h.engine.internal.TwoPhaseLoad - Attribute (`volume`)  - enhanced for lazy-loading? - false
2026-04-11 01:02:55.380 DEBUG [http-nio-8080-exec-2] o.h.engine.internal.TwoPhaseLoad - Done materializing entity [com.dgsspa.comicverse.model.Fumetto#2]
2026-04-11 01:02:55.380 DEBUG [http-nio-8080-exec-2] o.h.l.e.p.AbstractLoadPlanBasedEntityLoader - Done entity load : com.dgsspa.comicverse.model.Fumetto#2
2026-04-11 01:02:55.380 DEBUG [http-nio-8080-exec-2] org.hibernate.SQL - select fumetto0_.ID_FUMETTO as id_fumetto1_0_0_, fumetto0_.DATA_PUBBLICAZIONE as data_pubblicazione2_0_0_, fumetto0_.descrizione as descrizione3_0_0_, fumetto0_.editore as editore4_0_0_, fumetto0_.titolo as titolo5_0_0_, fumetto0_.volume as volume6_0_0_ from FUMETTO fumetto0_ where fumetto0_.ID_FUMETTO=?
2026-04-11 01:02:55.384 DEBUG [http-nio-8080-exec-2] o.h.l.p.e.p.i.EntityReferenceInitializerImpl - On call to EntityIdentifierReaderImpl#resolve, EntityKey was already known; should only happen on root returns with an optional identifier specified
2026-04-11 01:02:55.386 DEBUG [http-nio-8080-exec-2] o.h.engine.internal.TwoPhaseLoad - Resolving attributes for [com.dgsspa.comicverse.model.Fumetto#3]
2026-04-11 01:02:55.386 DEBUG [http-nio-8080-exec-2] o.h.engine.internal.TwoPhaseLoad - Processing attribute `dataPubblicazione` : value = 1986-02-01T00:00
2026-04-11 01:02:55.386 DEBUG [http-nio-8080-exec-2] o.h.engine.internal.TwoPhaseLoad - Attribute (`dataPubblicazione`)  - enhanced for lazy-loading? - false
2026-04-11 01:02:55.386 DEBUG [http-nio-8080-exec-2] o.h.engine.internal.TwoPhaseLoad - Processing attribute `descrizione` : value = Frank Miller ridefinisce Batman in una Gotham City distopica, mostrando un Cavaliere Oscuro anziano ma determinato.
2026-04-11 01:02:55.386 DEBUG [http-nio-8080-exec-2] o.h.engine.internal.TwoPhaseLoad - Attribute (`descrizione`)  - enhanced for lazy-loading? - false
2026-04-11 01:02:55.386 DEBUG [http-nio-8080-exec-2] o.h.engine.internal.TwoPhaseLoad - Processing attribute `editore` : value = DC Comics
2026-04-11 01:02:55.386 DEBUG [http-nio-8080-exec-2] o.h.engine.internal.TwoPhaseLoad - Attribute (`editore`)  - enhanced for lazy-loading? - false
2026-04-11 01:02:55.386 DEBUG [http-nio-8080-exec-2] o.h.engine.internal.TwoPhaseLoad - Processing attribute `generi` : value = NOT NULL COLLECTION
2026-04-11 01:02:55.386 DEBUG [http-nio-8080-exec-2] o.h.engine.internal.TwoPhaseLoad - Attribute (`generi`)  - enhanced for lazy-loading? - false
2026-04-11 01:02:55.387 DEBUG [http-nio-8080-exec-2] o.h.engine.internal.TwoPhaseLoad - Processing attribute `titolo` : value = The Dark Knight Returns
2026-04-11 01:02:55.387 DEBUG [http-nio-8080-exec-2] o.h.engine.internal.TwoPhaseLoad - Attribute (`titolo`)  - enhanced for lazy-loading? - false
2026-04-11 01:02:55.387 DEBUG [http-nio-8080-exec-2] o.h.engine.internal.TwoPhaseLoad - Processing attribute `volume` : value = 1
2026-04-11 01:02:55.387 DEBUG [http-nio-8080-exec-2] o.h.engine.internal.TwoPhaseLoad - Attribute (`volume`)  - enhanced for lazy-loading? - false
2026-04-11 01:02:55.387 DEBUG [http-nio-8080-exec-2] o.h.engine.internal.TwoPhaseLoad - Done materializing entity [com.dgsspa.comicverse.model.Fumetto#3]
2026-04-11 01:02:55.388 DEBUG [http-nio-8080-exec-2] o.h.l.e.p.AbstractLoadPlanBasedEntityLoader - Done entity load : com.dgsspa.comicverse.model.Fumetto#3
2026-04-11 01:02:55.388 DEBUG [http-nio-8080-exec-2] org.hibernate.SQL - select fumetto0_.ID_FUMETTO as id_fumetto1_0_0_, fumetto0_.DATA_PUBBLICAZIONE as data_pubblicazione2_0_0_, fumetto0_.descrizione as descrizione3_0_0_, fumetto0_.editore as editore4_0_0_, fumetto0_.titolo as titolo5_0_0_, fumetto0_.volume as volume6_0_0_ from FUMETTO fumetto0_ where fumetto0_.ID_FUMETTO=?
2026-04-11 01:02:55.394 DEBUG [http-nio-8080-exec-2] o.h.l.p.e.p.i.EntityReferenceInitializerImpl - On call to EntityIdentifierReaderImpl#resolve, EntityKey was already known; should only happen on root returns with an optional identifier specified
2026-04-11 01:02:55.395 DEBUG [http-nio-8080-exec-2] o.h.engine.internal.TwoPhaseLoad - Resolving attributes for [com.dgsspa.comicverse.model.Fumetto#7]
2026-04-11 01:02:55.395 DEBUG [http-nio-8080-exec-2] o.h.engine.internal.TwoPhaseLoad - Processing attribute `dataPubblicazione` : value = 1987-08-01T00:00
2026-04-11 01:02:55.395 DEBUG [http-nio-8080-exec-2] o.h.engine.internal.TwoPhaseLoad - Attribute (`dataPubblicazione`)  - enhanced for lazy-loading? - false
2026-04-11 01:02:55.396 DEBUG [http-nio-8080-exec-2] o.h.engine.internal.TwoPhaseLoad - Processing attribute `descrizione` : value = Storia dark di J.M. DeMatteis dove Kraven il Cacciatore cerca la sua ultima preda: Spider-Man.
2026-04-11 01:02:55.396 DEBUG [http-nio-8080-exec-2] o.h.engine.internal.TwoPhaseLoad - Attribute (`descrizione`)  - enhanced for lazy-loading? - false
2026-04-11 01:02:55.396 DEBUG [http-nio-8080-exec-2] o.h.engine.internal.TwoPhaseLoad - Processing attribute `editore` : value = Marvel Comics
2026-04-11 01:02:55.396 DEBUG [http-nio-8080-exec-2] o.h.engine.internal.TwoPhaseLoad - Attribute (`editore`)  - enhanced for lazy-loading? - false
2026-04-11 01:02:55.396 DEBUG [http-nio-8080-exec-2] o.h.engine.internal.TwoPhaseLoad - Processing attribute `generi` : value = NOT NULL COLLECTION
2026-04-11 01:02:55.396 DEBUG [http-nio-8080-exec-2] o.h.engine.internal.TwoPhaseLoad - Attribute (`generi`)  - enhanced for lazy-loading? - false
2026-04-11 01:02:55.396 DEBUG [http-nio-8080-exec-2] o.h.engine.internal.TwoPhaseLoad - Processing attribute `titolo` : value = Spider-Man: Kraven's Last Hunt
2026-04-11 01:02:55.397 DEBUG [http-nio-8080-exec-2] o.h.engine.internal.TwoPhaseLoad - Attribute (`titolo`)  - enhanced for lazy-loading? - false
2026-04-11 01:02:55.397 DEBUG [http-nio-8080-exec-2] o.h.engine.internal.TwoPhaseLoad - Processing attribute `volume` : value = 1
2026-04-11 01:02:55.397 DEBUG [http-nio-8080-exec-2] o.h.engine.internal.TwoPhaseLoad - Attribute (`volume`)  - enhanced for lazy-loading? - false
2026-04-11 01:02:55.397 DEBUG [http-nio-8080-exec-2] o.h.engine.internal.TwoPhaseLoad - Done materializing entity [com.dgsspa.comicverse.model.Fumetto#7]
2026-04-11 01:02:55.397 DEBUG [http-nio-8080-exec-2] o.h.l.e.p.AbstractLoadPlanBasedEntityLoader - Done entity load : com.dgsspa.comicverse.model.Fumetto#7
2026-04-11 01:02:55.398 DEBUG [http-nio-8080-exec-2] org.hibernate.SQL - select fumetto0_.ID_FUMETTO as id_fumetto1_0_0_, fumetto0_.DATA_PUBBLICAZIONE as data_pubblicazione2_0_0_, fumetto0_.descrizione as descrizione3_0_0_, fumetto0_.editore as editore4_0_0_, fumetto0_.titolo as titolo5_0_0_, fumetto0_.volume as volume6_0_0_ from FUMETTO fumetto0_ where fumetto0_.ID_FUMETTO=?
2026-04-11 01:02:55.401 DEBUG [http-nio-8080-exec-2] o.h.l.p.e.p.i.EntityReferenceInitializerImpl - On call to EntityIdentifierReaderImpl#resolve, EntityKey was already known; should only happen on root returns with an optional identifier specified
2026-04-11 01:02:55.402 DEBUG [http-nio-8080-exec-2] o.h.engine.internal.TwoPhaseLoad - Resolving attributes for [com.dgsspa.comicverse.model.Fumetto#20]
2026-04-11 01:02:55.403 DEBUG [http-nio-8080-exec-2] o.h.engine.internal.TwoPhaseLoad - Processing attribute `dataPubblicazione` : value = 2006-07-01T00:00
2026-04-11 01:02:55.403 DEBUG [http-nio-8080-exec-2] o.h.engine.internal.TwoPhaseLoad - Attribute (`dataPubblicazione`)  - enhanced for lazy-loading? - false
2026-04-11 01:02:55.403 DEBUG [http-nio-8080-exec-2] o.h.engine.internal.TwoPhaseLoad - Processing attribute `descrizione` : value = Mark Millar divide gli eroi Marvel su una legge di registrazione dei supereroi, con Iron Man contro Capitan America.
2026-04-11 01:02:55.403 DEBUG [http-nio-8080-exec-2] o.h.engine.internal.TwoPhaseLoad - Attribute (`descrizione`)  - enhanced for lazy-loading? - false
2026-04-11 01:02:55.403 DEBUG [http-nio-8080-exec-2] o.h.engine.internal.TwoPhaseLoad - Processing attribute `editore` : value = Marvel Comics
2026-04-11 01:02:55.404 DEBUG [http-nio-8080-exec-2] o.h.engine.internal.TwoPhaseLoad - Attribute (`editore`)  - enhanced for lazy-loading? - false
2026-04-11 01:02:55.404 DEBUG [http-nio-8080-exec-2] o.h.engine.internal.TwoPhaseLoad - Processing attribute `generi` : value = NOT NULL COLLECTION
2026-04-11 01:02:55.404 DEBUG [http-nio-8080-exec-2] o.h.engine.internal.TwoPhaseLoad - Attribute (`generi`)  - enhanced for lazy-loading? - false
2026-04-11 01:02:55.404 DEBUG [http-nio-8080-exec-2] o.h.engine.internal.TwoPhaseLoad - Processing attribute `titolo` : value = Civil War
2026-04-11 01:02:55.404 DEBUG [http-nio-8080-exec-2] o.h.engine.internal.TwoPhaseLoad - Attribute (`titolo`)  - enhanced for lazy-loading? - false
2026-04-11 01:02:55.404 DEBUG [http-nio-8080-exec-2] o.h.engine.internal.TwoPhaseLoad - Processing attribute `volume` : value = 1
2026-04-11 01:02:55.404 DEBUG [http-nio-8080-exec-2] o.h.engine.internal.TwoPhaseLoad - Attribute (`volume`)  - enhanced for lazy-loading? - false
2026-04-11 01:02:55.404 DEBUG [http-nio-8080-exec-2] o.h.engine.internal.TwoPhaseLoad - Done materializing entity [com.dgsspa.comicverse.model.Fumetto#20]
2026-04-11 01:02:55.404 DEBUG [http-nio-8080-exec-2] o.h.l.e.p.AbstractLoadPlanBasedEntityLoader - Done entity load : com.dgsspa.comicverse.model.Fumetto#20
2026-04-11 01:02:55.445 DEBUG [http-nio-8080-exec-2] org.hibernate.SQL - select S_GENERE.nextval from dual
2026-04-11 01:02:55.473 DEBUG [http-nio-8080-exec-2] o.h.id.enhanced.SequenceStructure - Sequence value obtained: 2
2026-04-11 01:02:55.475 DEBUG [http-nio-8080-exec-2] o.h.r.j.i.ResourceRegistryStandardImpl - HHH000387: ResultSet's statement was not registered
2026-04-11 01:02:55.475 DEBUG [http-nio-8080-exec-2] o.h.e.i.AbstractSaveEventListener - Generated identifier: 2, using strategy: org.hibernate.id.enhanced.SequenceStyleGenerator
2026-04-11 01:02:55.544 INFO  [http-nio-8080-exec-2] c.d.comicverse.service.GenereService - Nuovo genere inserito con id=2 nome=Supereroi
2026-04-11 01:02:55.548 DEBUG [http-nio-8080-exec-2] o.s.orm.jpa.JpaTransactionManager - Initiating transaction commit
2026-04-11 01:02:55.548 DEBUG [http-nio-8080-exec-2] o.s.orm.jpa.JpaTransactionManager - Committing JPA transaction on EntityManager [SessionImpl(806925336<open>)]
2026-04-11 01:02:55.548 DEBUG [http-nio-8080-exec-2] o.h.e.t.internal.TransactionImpl - committing
2026-04-11 01:02:55.550 DEBUG [http-nio-8080-exec-2] o.h.e.i.AbstractFlushingEventListener - Processing flush-time cascades
2026-04-11 01:02:55.555 DEBUG [http-nio-8080-exec-2] o.h.e.i.AbstractFlushingEventListener - Dirty checking collections
2026-04-11 01:02:55.574 DEBUG [http-nio-8080-exec-2] o.h.engine.internal.Collections - Collection found: [com.dgsspa.comicverse.model.Fumetto.generi#1], was: [com.dgsspa.comicverse.model.Fumetto.generi#1] (uninitialized)
2026-04-11 01:02:55.576 DEBUG [http-nio-8080-exec-2] o.h.engine.internal.Collections - Collection found: [com.dgsspa.comicverse.model.Fumetto.generi#2], was: [com.dgsspa.comicverse.model.Fumetto.generi#2] (uninitialized)
2026-04-11 01:02:55.576 DEBUG [http-nio-8080-exec-2] o.h.engine.internal.Collections - Collection found: [com.dgsspa.comicverse.model.Fumetto.generi#3], was: [com.dgsspa.comicverse.model.Fumetto.generi#3] (uninitialized)
2026-04-11 01:02:55.576 DEBUG [http-nio-8080-exec-2] o.h.engine.internal.Collections - Collection found: [com.dgsspa.comicverse.model.Fumetto.generi#7], was: [com.dgsspa.comicverse.model.Fumetto.generi#7] (uninitialized)
2026-04-11 01:02:55.576 DEBUG [http-nio-8080-exec-2] o.h.engine.internal.Collections - Collection found: [com.dgsspa.comicverse.model.Fumetto.generi#20], was: [com.dgsspa.comicverse.model.Fumetto.generi#20] (uninitialized)
2026-04-11 01:02:55.577 DEBUG [http-nio-8080-exec-2] o.h.engine.internal.Collections - Collection found: [com.dgsspa.comicverse.model.Genere.fumetti#2], was: [<unreferenced>] (initialized)
2026-04-11 01:02:55.582 DEBUG [http-nio-8080-exec-2] o.h.e.i.AbstractFlushingEventListener - Flushed: 1 insertions, 0 updates, 0 deletions to 6 objects
2026-04-11 01:02:55.582 DEBUG [http-nio-8080-exec-2] o.h.e.i.AbstractFlushingEventListener - Flushed: 1 (re)creations, 0 updates, 0 removals to 6 collections
2026-04-11 01:02:55.589 DEBUG [http-nio-8080-exec-2] o.h.internal.util.EntityPrinter - Listing entities:
2026-04-11 01:02:55.591 DEBUG [http-nio-8080-exec-2] o.h.internal.util.EntityPrinter - com.dgsspa.comicverse.model.Fumetto{editore=Marvel Comics, volume=1, descrizione=Mark Millar divide gli eroi Marvel su una legge di registrazione dei supereroi, con Iron Man contro Capitan America., titolo=Civil War, generi=<uninitialized>, id=20, dataPubblicazione=2006-07-01T00:00}
2026-04-11 01:02:55.591 DEBUG [http-nio-8080-exec-2] o.h.internal.util.EntityPrinter - com.dgsspa.comicverse.model.Fumetto{editore=DC Comics, volume=1, descrizione=Frank Miller ridefinisce Batman in una Gotham City distopica, mostrando un Cavaliere Oscuro anziano ma determinato., titolo=The Dark Knight Returns, generi=<uninitialized>, id=3, dataPubblicazione=1986-02-01T00:00}
2026-04-11 01:02:55.591 DEBUG [http-nio-8080-exec-2] o.h.internal.util.EntityPrinter - com.dgsspa.comicverse.model.Fumetto{editore=DC Comics, volume=1, descrizione=Graphic novel rivoluzionaria di Alan Moore e Dave Gibbons ambientata in una realtà alternativa dove i supereroi esistono davvero., titolo=Watchmen, generi=<uninitialized>, id=2, dataPubblicazione=1986-09-01T00:00}
2026-04-11 01:02:55.591 DEBUG [http-nio-8080-exec-2] o.h.internal.util.EntityPrinter - com.dgsspa.comicverse.model.Fumetto{editore=DC Comics, volume=1, descrizione=Capolavoro di Alan Moore e Brian Bolland che esplora le origini del Joker e il confine sottile tra sanità e follia., titolo=Batman: The Killing Joke, generi=<uninitialized>, id=1, dataPubblicazione=1988-03-01T00:00}
2026-04-11 01:02:55.591 DEBUG [http-nio-8080-exec-2] o.h.internal.util.EntityPrinter - com.dgsspa.comicverse.model.Genere{fumetti=[com.dgsspa.comicverse.model.Fumetto#1, com.dgsspa.comicverse.model.Fumetto#2, com.dgsspa.comicverse.model.Fumetto#3, com.dgsspa.comicverse.model.Fumetto#7, com.dgsspa.comicverse.model.Fumetto#20], nome=Supereroi, id=2}
2026-04-11 01:02:55.591 DEBUG [http-nio-8080-exec-2] o.h.internal.util.EntityPrinter - com.dgsspa.comicverse.model.Fumetto{editore=Marvel Comics, volume=1, descrizione=Storia dark di J.M. DeMatteis dove Kraven il Cacciatore cerca la sua ultima preda: Spider-Man., titolo=Spider-Man: Kraven's Last Hunt, generi=<uninitialized>, id=7, dataPubblicazione=1987-08-01T00:00}
2026-04-11 01:02:55.636 DEBUG [http-nio-8080-exec-2] org.hibernate.SQL - insert into GENERE (nome, ID_GENERE) values (?, ?)
2026-04-11 01:02:55.671 DEBUG [http-nio-8080-exec-2] o.h.p.c.AbstractCollectionPersister - Inserting collection: [com.dgsspa.comicverse.model.Genere.fumetti#2]
2026-04-11 01:02:55.672 DEBUG [http-nio-8080-exec-2] org.hibernate.SQL - insert into GENERE_FUMETTO (FK_GENERE, FK_FUMETTO) values (?, ?)
2026-04-11 01:02:55.714 DEBUG [http-nio-8080-exec-2] org.hibernate.SQL - insert into GENERE_FUMETTO (FK_GENERE, FK_FUMETTO) values (?, ?)
2026-04-11 01:02:55.717 DEBUG [http-nio-8080-exec-2] org.hibernate.SQL - insert into GENERE_FUMETTO (FK_GENERE, FK_FUMETTO) values (?, ?)
2026-04-11 01:02:55.724 DEBUG [http-nio-8080-exec-2] org.hibernate.SQL - insert into GENERE_FUMETTO (FK_GENERE, FK_FUMETTO) values (?, ?)
2026-04-11 01:02:55.729 DEBUG [http-nio-8080-exec-2] org.hibernate.SQL - insert into GENERE_FUMETTO (FK_GENERE, FK_FUMETTO) values (?, ?)
2026-04-11 01:02:55.732 DEBUG [http-nio-8080-exec-2] o.h.p.c.AbstractCollectionPersister - Done inserting collection: 5 rows inserted
2026-04-11 01:02:55.750 DEBUG [http-nio-8080-exec-2] o.s.orm.jpa.JpaTransactionManager - Not closing pre-bound JPA EntityManager after transaction
2026-04-11 01:02:55.808 DEBUG [http-nio-8080-exec-2] o.s.w.s.m.m.a.RequestResponseBodyMethodProcessor - Using 'application/json', given [*/*] and supported [application/json, application/*+json, application/json, application/*+json]
2026-04-11 01:02:55.810 DEBUG [http-nio-8080-exec-2] o.s.w.s.m.m.a.RequestResponseBodyMethodProcessor - Writing [com.dgsspa.comicverse.dto.ApiResponseDTO@4aee688c]
2026-04-11 01:02:55.908 DEBUG [http-nio-8080-exec-2] o.s.o.j.s.OpenEntityManagerInViewInterceptor - Closing JPA EntityManager in OpenEntityManagerInViewInterceptor
2026-04-11 01:02:55.909 DEBUG [http-nio-8080-exec-2] o.h.e.j.internal.JdbcCoordinatorImpl - HHH000420: Closing un-released batch
